id_transacao;data_hora;regiao;canal;categoria;produto;quantidade;valor_total;forma_pagamento;classe_risco
T000001;2026-02-17 14:22:00;Sul;Site;Áudio e Vídeo;Smart TV 55 4K;1;3252.65;Pix;Baixo
T000002;2026-07-18 05:53:00;Nordeste;Aplicativo;Casa e Cozinha;Jogo de Panelas 5 peças;3;1118.16;Crédito;Baixo
T000003;2026-01-23 18:51:00;Sul;Site;Informática;Memória DDR4 16GB;1;255.84;Crédito;Baixo
T000004;2026-04-15 09:16:00;Centro-Oeste;Site;Casa e Cozinha;Jogo de Panelas 5 peças;3;1113.81;Pix;Baixo
T000005;2026-04-03 16:44:00;Sul;Site;Escritório;Fragmentadora 10 folhas;1;652.44;Crédito;Baixo
T000006;2026-03-01 05:20:00;Nordeste;Aplicativo;Áudio e Vídeo;Suporte TV Articulado;1;152.32;Boleto;Baixo
T000007;2026-01-14 16:25:00;Sudeste;Site;Informática;Notebook 15 Pro;2;8119.74;Crédito;Médio
T000008;2026-06-17 20:48:00;Sul;Loja física;Games;Jogo Corrida Pro;1;255.68;Pix;Baixo
T000009;2026-03-05 13:45:00;Nordeste;Aplicativo;Informática;Monitor 24 IPS;1;917.76;Crédito;Baixo
T000010;2026-01-11 04:50:00;Norte;Aplicativo;Casa e Cozinha;Cafeteira Programável;3;861.64;Crédito;Baixo
T000011;2026-01-12 14:05:00;Centro-Oeste;Site;Casa e Cozinha;Cafeteira Programável;4;1328.67;Crédito;Baixo
T000012;2026-08-23 15:31:00;Sudeste;Aplicativo;Escritório;Papel A4 500 folhas;1;30.92;Pix;Baixo
T000013;2026-06-15 17:12:00;Nordeste;Site;Informática;SSD SATA 480GB;4;974.28;Crédito;Baixo
T000014;2026-02-21 15:10:00;Sudeste;Marketplace;Escritório;Luminária LED;3;426.58;Crédito;Baixo
T000015;2026-01-22 15:14:00;Nordeste;Site;Informática;Mouse Sem Fio;1;122.05;Pix;Baixo
T000016;2026-06-25 04:45:00;Sudeste;Aplicativo;Celulares;Fone Bluetooth;2;511.21;Débito;Baixo
T000017;2026-06-08 15:40:00;Norte;Loja física;Celulares;Smartphone Orion Pro 256GB;6;17515.48;Crédito;Médio
T000018;2026-03-11 17:54:00;Norte;Loja física;Informática;Mouse Sem Fio;2;258.29;Débito;Baixo
T000019;2026-04-27 08:24:00;Centro-Oeste;Aplicativo;Games;Jogo Aventura Lendária;2;686.65;Crédito;Baixo
T000020;2026-05-13 01:08:00;Nordeste;Loja física;Games;Controle Sem Fio;5;1889.18;Boleto;Baixo
T000021;2026-05-11 19:34:00;Sul;Aplicativo;Áudio e Vídeo;Headset Gamer;2;556.83;Débito;Baixo
T000022;2026-07-13 23:35:00;Centro-Oeste;Aplicativo;Celulares;Smartphone Vega 128GB;2;2963.33;Pix;Baixo
T000023;2026-07-26 07:49:00;Nordeste;Site;Informática;SSD NVMe 1TB;1;517.44;Pix;Baixo
T000024;2026-03-17 18:08:00;Nordeste;Loja física;Escritório;Cadeira Ergonômica;1;1236.43;Pix;Baixo
T000025;2026-02-10 08:04:00;Sudeste;Marketplace;Celulares;Carregador USB-C 30W;2;228.15;Pix;Baixo
T000026;2026-07-14 18:24:00;Sudeste;Loja física;Games;Jogo Corrida Pro;1;280.42;Pix;Baixo
T000027;2026-07-14 22:46:00;Centro-Oeste;Aplicativo;Casa e Cozinha;Kit Potes Herméticos;2;247.14;Pix;Baixo
T000028;2026-02-22 20:02:00;Centro-Oeste;Loja física;Informática;Notebook 15 Pro;2;6903.95;Crédito;Baixo
T000029;2026-08-22 07:48:00;Sudeste;Site;Games;Headset 7.1;2;920.68;Crédito;Baixo
T000030;2026-04-13 02:57:00;Sul;Loja física;Escritório;Luminária LED;3;360.56;Crédito;Baixo
T000031;2026-08-20 20:04:00;Sul;Loja física;Celulares;Smartphone Vega 128GB;2;3042.93;Débito;Baixo
T000032;2026-01-22 15:52:00;Sul;Aplicativo;Games;Console PlaySphere 5;1;4536.2;Pix;Baixo
T000033;2026-04-24 04:42:00;Norte;Site;Informática;Mochila para Notebook;6;1180.65;Débito;Baixo
T000034;2026-05-14 15:25:00;Centro-Oeste;Site;Áudio e Vídeo;Suporte TV Articulado;1;169.97;Crédito;Baixo
T000035;2026-01-11 20:28:00;Sudeste;Site;Informática;SSD SATA 480GB;3;737.16;Crédito;Baixo
T000036;2026-05-17 16:39:00;Sudeste;Site;Casa e Cozinha;Jogo de Panelas 5 peças;1;370.49;Boleto;Baixo
T000037;2026-01-06 16:21:00;Centro-Oeste;Marketplace;Casa e Cozinha;Air Fryer 5L;1;499.74;Débito;Baixo
T000038;2026-07-24 21:18:00;Sudeste;Site;Games;Headset 7.1;1;465.52;Pix;Baixo
T000039;2026-08-01 16:18:00;Nordeste;Aplicativo;Áudio e Vídeo;Microfone USB;1;322.15;Débito;Baixo
T000040;2026-03-01 22:03:00;Sudeste;Aplicativo;Games;Console NovaBox X;1;3551.64;Crédito;Baixo
T000041;2026-03-17 00:58:00;Sudeste;Site;Escritório;Papel A4 500 folhas;1;30.68;Débito;Baixo
T000042;2026-08-29 12:42:00;Sudeste;Loja física;Casa e Cozinha;Kit Potes Herméticos;5;595.73;Débito;Baixo
T000043;2026-02-08 22:42:00;Nordeste;Aplicativo;Celulares;Power Bank 20000mAh;1;227.16;Pix;Baixo
T000044;2026-05-12 00:54:00;Sul;Aplicativo;Informática;Monitor 27 QHD;1;1644.35;Débito;Baixo
T000045;2026-06-26 09:16:00;Sul;Loja física;Games;Volante Racing;1;1298.91;Pix;Baixo
T000046;2026-02-20 09:45:00;Sudeste;Site;Celulares;Smartphone Vega Max 256GB;1;2231.67;Pix;Baixo
T000047;2026-02-25 20:08:00;Sudeste;Aplicativo;Informática;Memória DDR4 16GB;3;812.87;Crédito;Baixo
T000048;2026-03-02 06:56:00;Norte;Marketplace;Celulares;Smartphone Orion Pro 256GB;3;8280.95;Crédito;Alto
T000049;2026-03-02 16:41:00;Centro-Oeste;Site;Áudio e Vídeo;Soundbar 2.1;1;739.07;Crédito;Baixo
T000050;2026-05-14 00:55:00;Norte;Site;Casa e Cozinha;Kit Potes Herméticos;3;342.17;Crédito;Baixo
T000051;2026-05-17 22:10:00;Nordeste;Aplicativo;Games;Jogo Corrida Pro;3;906.76;Boleto;Baixo
T000052;2026-07-07 13:32:00;Sudeste;Site;Celulares;Smartphone Vega Max 256GB;1;2174.08;Crédito;Baixo
T000053;2026-06-17 21:46:00;Norte;Site;Games;Controle Sem Fio;1;351.67;Crédito;Baixo
T000054;2026-03-11 07:15:00;Nordeste;Loja física;Celulares;Smartphone Vega 128GB;1;1390.08;Pix;Baixo
T000055;2026-06-12 19:54:00;Norte;Loja física;Casa e Cozinha;Cafeteira Programável;1;326.15;Débito;Baixo
T000056;2026-04-11 09:13:00;Sudeste;Site;Games;Console PlaySphere 5;2;8366.05;Crédito;Médio
T000057;2026-01-04 03:34:00;Sudeste;Site;Celulares;Smartphone Vega Max 256GB;4;8874.43;Crédito;Médio
T000058;2026-07-08 08:32:00;Norte;Marketplace;Casa e Cozinha;Balança Digital Cozinha;4;306.82;Crédito;Baixo
T000059;2026-01-21 11:23:00;Nordeste;Aplicativo;Informática;Notebook 15 Pro;1;3416.61;Crédito;Baixo
T000060;2026-07-26 07:39:00;Sul;Loja física;Celulares;Carregador USB-C 30W;1;109.64;Pix;Baixo
T000061;2026-08-27 16:10:00;Sudeste;Aplicativo;Casa e Cozinha;Aspirador Vertical;2;1038.23;Crédito;Baixo
T000062;2026-02-05 07:09:00;Nordeste;Site;Celulares;Película 3D;1;40.29;Crédito;Baixo
T000063;2026-08-01 10:42:00;Sudeste;Loja física;Games;Headset 7.1;1;394.84;Pix;Baixo
T000064;2026-03-28 13:54:00;Sul;Aplicativo;Informática;Mochila para Notebook;3;601.53;Crédito;Baixo
T000065;2026-08-25 05:50:00;Sudeste;Marketplace;Informática;SSD SATA 480GB;2;540.86;Pix;Baixo
T000066;2026-04-30 22:30:00;Sul;Aplicativo;Celulares;Smartphone Orion 128GB;1;1709.41;Boleto;Baixo
T000067;2026-08-01 00:10:00;Sudeste;Loja física;Games;Console PlaySphere 5;1;4156.57;Crédito;Baixo
T000068;2026-05-26 04:52:00;Centro-Oeste;Site;Celulares;Fone Bluetooth;1;251.33;Crédito;Baixo
T000069;2026-03-22 01:56:00;Sudeste;Site;Informática;Mouse Sem Fio;3;356.49;Pix;Baixo
T000070;2026-03-14 04:51:00;Centro-Oeste;Site;Áudio e Vídeo;Smart TV 55 4K;2;6125.81;Crédito;Baixo
T000071;2026-04-16 07:34:00;Sudeste;Site;Celulares;Smartphone Orion 128GB;2;3154.6;Crédito;Baixo
T000072;2026-07-01 17:13:00;Nordeste;Site;Informática;Mochila para Notebook;1;171.89;Crédito;Baixo
T000073;2026-05-12 00:09:00;Sudeste;Marketplace;Informática;Monitor 27 QHD;1;1573.95;Crédito;Baixo
T000074;2026-08-03 16:51:00;Centro-Oeste;Marketplace;Informática;Monitor 27 QHD;1;1486.93;Crédito;Baixo
T000075;2026-08-11 23:21:00;Sudeste;Aplicativo;Games;Cadeira Gamer;1;1079.59;Débito;Baixo
T000076;2026-03-31 08:24:00;Sul;Aplicativo;Games;Jogo Aventura Lendária;1;299.56;Crédito;Baixo
T000077;2026-03-03 17:17:00;Sudeste;Site;Áudio e Vídeo;Smart TV 55 4K;1;2865.93;Pix;Baixo
T000078;2026-08-24 12:28:00;Sudeste;Site;Games;Console PlaySphere 5;2;7793.08;Crédito;Médio
T000079;2026-06-01 05:53:00;Sul;Marketplace;Games;Jogo Aventura Lendária;4;1244.98;Débito;Baixo
T000080;2026-06-26 02:48:00;Nordeste;Aplicativo;Escritório;Fragmentadora 10 folhas;2;1425.71;Crédito;Baixo
T000081;2026-03-05 00:26:00;Sudeste;Marketplace;Áudio e Vídeo;Smart TV 55 4K;1;3363.61;Pix;Baixo
T000082;2026-01-18 21:07:00;Sudeste;Aplicativo;Informática;Notebook 15 Pro;3;11286.34;Crédito;Médio
T000083;2026-01-20 02:20:00;Centro-Oeste;Site;Informática;Memória DDR4 16GB;2;493.29;Crédito;Baixo
T000084;2026-06-30 21:52:00;Sudeste;Aplicativo;Informática;SSD NVMe 1TB;1;511.68;Crédito;Baixo
T000085;2026-05-06 06:56:00;Nordeste;Site;Informática;Notebook 15 Pro;1;4110.96;Débito;Baixo
T000086;2026-03-02 09:36:00;Sul;Site;Casa e Cozinha;Panela Elétrica 5L;1;393.92;Pix;Baixo
T000087;2026-03-25 09:50:00;Sudeste;Aplicativo;Áudio e Vídeo;Microfone USB;6;2112.66;Pix;Baixo
T000088;2026-07-29 22:37:00;Nordeste;Aplicativo;Escritório;Cadeira Ergonômica;1;1205.45;Débito;Baixo
T000089;2026-06-23 09:32:00;Centro-Oeste;Loja física;Informática;Memória DDR4 16GB;1;270.69;Crédito;Baixo
T000090;2026-01-19 19:29:00;Nordeste;Marketplace;Celulares;Power Bank 20000mAh;4;890.94;Pix;Baixo
T000091;2026-06-11 03:13:00;Centro-Oeste;Site;Casa e Cozinha;Aspirador Vertical;3;1465.08;Débito;Baixo
T000092;2026-06-30 06:38:00;Nordeste;Aplicativo;Casa e Cozinha;Kit Potes Herméticos;1;115.78;Débito;Baixo
T000093;2026-08-03 23:16:00;Sudeste;Site;Informática;SSD SATA 480GB;5;1360.75;Crédito;Baixo
T000094;2026-04-12 13:02:00;Centro-Oeste;Site;Escritório;Suporte para Notebook;1;95.98;Pix;Baixo
T000095;2026-03-07 09:22:00;Centro-Oeste;Loja física;Games;Headset 7.1;1;435.79;Crédito;Baixo
T000096;2026-07-11 12:05:00;Nordeste;Site;Informática;Mochila para Notebook;1;165.8;Crédito;Baixo
T000097;2026-06-24 23:42:00;Nordeste;Site;Games;Volante Racing;3;3435.67;Pix;Baixo
T000098;2026-08-26 12:00:00;Sudeste;Site;Games;Jogo Corrida Pro;2;596.0;Pix;Baixo
T000099;2026-01-02 13:53:00;Sul;Site;Casa e Cozinha;Liquidificador 1200W;3;878.37;Débito;Baixo
T000100;2026-04-21 06:51:00;Sudeste;Aplicativo;Games;Volante Racing;1;1323.82;Boleto;Baixo
T000101;2026-01-16 09:52:00;Sudeste;Aplicativo;Informática;Teclado Mecânico;3;905.79;Pix;Baixo
T000102;2026-03-30 19:51:00;Sudeste;Site;Casa e Cozinha;Aspirador Vertical;4;2009.3;Pix;Baixo
T000103;2026-07-18 09:39:00;Nordeste;Site;Casa e Cozinha;Jogo de Panelas 5 peças;1;371.7;Pix;Baixo
T000104;2026-05-01 15:14:00;Nordeste;Loja física;Áudio e Vídeo;Caixa Bluetooth;1;405.45;Crédito;Baixo
T000105;2026-05-22 06:11:00;Sudeste;Site;Áudio e Vídeo;Suporte TV Articulado;1;178.7;Crédito;Baixo
T000106;2026-08-04 16:46:00;Nordeste;Site;Áudio e Vídeo;Microfone USB;1;378.43;Crédito;Baixo
T000107;2026-04-02 04:56:00;Sudeste;Site;Games;Cadeira Gamer;3;2880.8;Pix;Baixo
T000108;2026-07-02 22:07:00;Sudeste;Aplicativo;Games;Headset 7.1;1;440.61;Pix;Baixo
T000109;2026-01-25 12:44:00;Sul;Aplicativo;Celulares;Smartphone Vega Max 256GB;3;7362.66;Crédito;Médio
T000110;2026-05-09 18:27:00;Sul;Loja física;Informática;Monitor 24 IPS;2;1642.93;Crédito;Baixo
T000111;2026-06-06 01:13:00;Centro-Oeste;Aplicativo;Games;Volante Racing;1;1168.83;Pix;Baixo
T000112;2026-03-07 01:33:00;Norte;Aplicativo;Games;Console NovaBox X;1;3867.42;Pix;Baixo
T000113;2026-07-17 02:20:00;Sul;Marketplace;Escritório;Mesa Escritório 120cm;1;682.01;Crédito;Baixo
T000114;2026-01-26 13:47:00;Centro-Oeste;Site;Áudio e Vídeo;Soundbar 2.1;1;812.81;Pix;Baixo
T000115;2026-08-03 23:30:00;Nordeste;Site;Escritório;Cadeira Ergonômica;2;2446.87;Pix;Baixo
T000116;2026-06-09 19:32:00;Sudeste;Aplicativo;Áudio e Vídeo;Smart TV 55 4K;1;3367.98;Débito;Baixo
T000117;2026-04-11 09:21:00;Sudeste;Site;Casa e Cozinha;Liquidificador 1200W;1;291.82;Crédito;Baixo
T000118;2026-04-25 17:45:00;Centro-Oeste;Loja física;Informática;Memória DDR4 16GB;3;760.75;Pix;Baixo
T000119;2026-01-24 00:32:00;Norte;Aplicativo;Games;Console NovaBox X;1;3706.5;Crédito;Baixo
T000120;2026-01-27 05:58:00;Sudeste;Site;Informática;SSD NVMe 1TB;1;523.17;Débito;Baixo
T000121;2026-03-16 13:39:00;Norte;Marketplace;Celulares;Smartphone Vega Max 256GB;2;4122.51;Pix;Médio
T000122;2026-08-26 18:24:00;Sudeste;Loja física;Informática;Hub USB-C 8 em 1;1;269.04;Crédito;Baixo
T000123;2026-05-17 04:42:00;Sul;Loja física;Celulares;Smartphone Orion Pro 256GB;1;2634.95;Crédito;Baixo
T000124;2026-01-22 05:47:00;Sudeste;Site;Escritório;Mesa Escritório 120cm;1;663.24;Crédito;Baixo
T000125;2026-05-30 15:10:00;Sudeste;Site;Celulares;Power Bank 20000mAh;1;235.38;Débito;Baixo
T000126;2026-04-05 21:27:00;Sudeste;Aplicativo;Áudio e Vídeo;Smart TV 55 4K;1;2783.51;Pix;Baixo
T000127;2026-08-29 17:47:00;Sudeste;Loja física;Casa e Cozinha;Jogo de Panelas 5 peças;1;410.82;Crédito;Baixo
T000128;2026-05-02 13:16:00;Sudeste;Loja física;Games;Headset 7.1;2;885.08;Boleto;Baixo
T000129;2026-07-04 12:44:00;Sul;Site;Áudio e Vídeo;Suporte TV Articulado;1;167.59;Pix;Baixo
T000130;2026-08-05 21:29:00;Nordeste;Loja física;Escritório;Fragmentadora 10 folhas;6;4315.65;Boleto;Médio
T000131;2026-07-31 20:06:00;Norte;Marketplace;Games;Volante Racing;1;1356.71;Pix;Baixo
T000132;2026-02-03 20:36:00;Sul;Aplicativo;Áudio e Vídeo;Smart TV 43 4K;6;11931.11;Débito;Médio
T000133;2026-08-18 20:52:00;Norte;Loja física;Informática;Hub USB-C 8 em 1;1;289.26;Débito;Baixo
T000134;2026-02-04 19:38:00;Sudeste;Marketplace;Escritório;Papel A4 500 folhas;3;99.62;Crédito;Baixo
T000135;2026-05-29 06:46:00;Centro-Oeste;Aplicativo;Escritório;Papel A4 500 folhas;1;36.27;Crédito;Baixo
T000136;2026-08-14 18:24:00;Centro-Oeste;Marketplace;Celulares;Smartphone Vega Max 256GB;2;5034.91;Crédito;Médio
T000137;2026-05-10 05:09:00;Nordeste;Loja física;Casa e Cozinha;Balança Digital Cozinha;2;163.13;Pix;Baixo
T000138;2026-05-12 12:20:00;Sudeste;Aplicativo;Áudio e Vídeo;Smart TV 55 4K;4;13388.98;Pix;Médio
T000139;2026-02-14 19:35:00;Sul;Aplicativo;Informática;Mochila para Notebook;2;341.12;Débito;Baixo
T000140;2026-04-15 15:49:00;Sudeste;Loja física;Celulares;Fone Bluetooth;1;258.08;Crédito;Baixo
T000141;2026-05-25 08:00:00;Nordeste;Loja física;Casa e Cozinha;Kit Potes Herméticos;1;133.4;Crédito;Baixo
T000142;2026-08-01 15:15:00;Sudeste;Loja física;Informática;Monitor 27 QHD;1;1461.51;Boleto;Baixo
T000143;2026-01-31 16:00:00;Centro-Oeste;Loja física;Casa e Cozinha;Kit Potes Herméticos;1;134.23;Crédito;Baixo
T000144;2026-06-09 14:29:00;Sul;Loja física;Escritório;Mesa Escritório 120cm;1;630.79;Pix;Baixo
T000145;2026-03-22 18:45:00;Centro-Oeste;Marketplace;Informática;Mouse Sem Fio;1;133.97;Pix;Baixo
T000146;2026-03-24 14:15:00;Sudeste;Aplicativo;Áudio e Vídeo;Smart TV 55 4K;1;3026.43;Pix;Baixo
T000147;2026-02-04 04:50:00;Norte;Marketplace;Áudio e Vídeo;Smart TV 43 4K;2;4214.83;Crédito;Médio
T000148;2026-02-08 17:12:00;Sudeste;Site;Informática;Monitor 24 IPS;3;2334.06;Débito;Baixo
T000149;2026-08-29 21:20:00;Centro-Oeste;Loja física;Celulares;Smartphone Orion 128GB;2;3690.35;Débito;Baixo
T000150;2026-04-07 12:17:00;Sudeste;Site;Informática;SSD NVMe 1TB;1;528.3;Crédito;Baixo
T000151;2026-06-19 21:43:00;Nordeste;Loja física;Casa e Cozinha;Sanduicheira Grill;1;179.79;Pix;Baixo
T000152;2026-02-22 05:04:00;Sudeste;Marketplace;Celulares;Smartphone Vega Max 256GB;1;2069.78;Pix;Baixo
T000153;2026-04-11 13:56:00;Sul;Aplicativo;Informática;SSD SATA 480GB;2;466.26;Crédito;Baixo
T000154;2026-04-01 12:35:00;Sudeste;Aplicativo;Celulares;Power Bank 20000mAh;5;1145.39;Crédito;Baixo
T000155;2026-02-16 14:32:00;Nordeste;Loja física;Casa e Cozinha;Balança Digital Cozinha;1;92.99;Débito;Baixo
T000156;2026-01-10 01:12:00;Sudeste;Marketplace;Celulares;Smartphone Vega 128GB;4;5188.0;Débito;Médio
T000157;2026-01-10 18:28:00;Sudeste;Marketplace;Informática;Hub USB-C 8 em 1;1;242.01;Débito;Baixo
T000158;2026-05-15 03:25:00;Sudeste;Aplicativo;Informática;Hub USB-C 8 em 1;1;286.13;Boleto;Baixo
T000159;2026-08-07 06:44:00;Norte;Marketplace;Casa e Cozinha;Sanduicheira Grill;4;702.77;Crédito;Baixo
T000160;2026-07-28 10:18:00;Sudeste;Site;Games;Console PlaySphere 5;3;11887.82;Crédito;Médio
T000161;2026-03-27 23:19:00;Norte;Marketplace;Áudio e Vídeo;Projetor Full HD;1;1740.32;Débito;Baixo
T000162;2026-04-26 05:17:00;Norte;Site;Celulares;Power Bank 20000mAh;1;243.41;Crédito;Baixo
T000163;2026-01-15 07:36:00;Sul;Site;Áudio e Vídeo;Microfone USB;3;1141.96;Crédito;Baixo
T000164;2026-05-03 13:17:00;Sul;Site;Áudio e Vídeo;Suporte TV Articulado;1;164.06;Pix;Baixo
T000165;2026-06-29 08:31:00;Sudeste;Marketplace;Áudio e Vídeo;Suporte TV Articulado;2;345.8;Boleto;Médio
T000166;2026-08-28 00:12:00;Sul;Marketplace;Escritório;Suporte para Notebook;1;94.35;Débito;Baixo
T000167;2026-04-23 11:54:00;Centro-Oeste;Marketplace;Celulares;Capa Antichoque;1;61.84;Pix;Baixo
T000168;2026-08-28 13:12:00;Sul;Marketplace;Celulares;Carregador USB-C 30W;1;119.53;Pix;Baixo
T000169;2026-03-10 10:22:00;Centro-Oeste;Marketplace;Áudio e Vídeo;Caixa Bluetooth;2;734.27;Pix;Baixo
T000170;2026-03-15 01:15:00;Nordeste;Aplicativo;Games;Volante Racing;4;4591.83;Crédito;Baixo
T000171;2026-04-29 16:48:00;Sul;Loja física;Escritório;Suporte para Notebook;1;97.39;Crédito;Baixo
T000172;2026-08-05 04:45:00;Sudeste;Site;Escritório;Mesa Escritório 120cm;1;674.56;Débito;Baixo
T000173;2026-03-15 03:07:00;Sul;Site;Casa e Cozinha;Balança Digital Cozinha;2;166.15;Pix;Baixo
T000174;2026-01-16 12:11:00;Centro-Oeste;Aplicativo;Áudio e Vídeo;Caixa Bluetooth;1;383.44;Crédito;Baixo
T000175;2026-01-28 07:35:00;Sudeste;Loja física;Informática;Teclado Mecânico;2;677.87;Crédito;Baixo
T000176;2026-04-02 16:47:00;Sudeste;Site;Informática;Notebook 14 Air;2;5678.61;Débito;Baixo
T000177;2026-01-05 01:10:00;Nordeste;Loja física;Informática;Notebook 14 Air;4;11879.56;Débito;Médio
T000178;2026-07-21 14:16:00;Nordeste;Site;Informática;Memória DDR4 16GB;1;257.59;Crédito;Baixo
T000179;2026-07-06 13:42:00;Sudeste;Aplicativo;Informática;Memória DDR4 16GB;3;913.55;Crédito;Baixo
T000180;2026-02-09 09:36:00;Sul;Loja física;Informática;Hub USB-C 8 em 1;1;270.95;Crédito;Baixo
T000181;2026-04-26 18:34:00;Nordeste;Site;Informática;Teclado Mecânico;2;655.2;Débito;Baixo
T000182;2026-07-16 00:04:00;Centro-Oeste;Site;Escritório;Mesa Escritório 120cm;2;1316.39;Crédito;Baixo
T000183;2026-02-20 16:48:00;Sul;Site;Casa e Cozinha;Panela Elétrica 5L;1;355.76;Crédito;Baixo
T000184;2026-02-13 13:01:00;Nordeste;Site;Escritório;Cadeira Ergonômica;3;3723.48;Débito;Baixo
T000185;2026-06-13 12:44:00;Sul;Site;Casa e Cozinha;Kit Potes Herméticos;2;247.54;Boleto;Baixo
T000186;2026-08-02 11:41:00;Sudeste;Loja física;Informática;Memória DDR4 16GB;5;1338.93;Crédito;Baixo
T000187;2026-04-29 22:02:00;Sul;Site;Games;Headset 7.1;2;922.86;Crédito;Baixo
T000188;2026-04-21 07:18:00;Sudeste;Marketplace;Escritório;Organizador de Mesa;1;73.81;Crédito;Baixo
T000189;2026-08-14 11:39:00;Sudeste;Site;Escritório;Papel A4 500 folhas;1;36.34;Pix;Baixo
T000190;2026-06-09 15:36:00;Sul;Aplicativo;Informática;SSD NVMe 1TB;2;943.52;Crédito;Baixo
T000191;2026-05-29 06:13:00;Nordeste;Site;Escritório;Suporte para Notebook;2;221.32;Pix;Baixo
T000192;2026-02-03 09:25:00;Nordeste;Aplicativo;Escritório;Mesa Escritório 120cm;1;558.37;Crédito;Baixo
T000193;2026-08-23 16:54:00;Sudeste;Site;Casa e Cozinha;Balança Digital Cozinha;5;405.37;Débito;Baixo
T000194;2026-06-17 16:11:00;Sudeste;Loja física;Informática;SSD SATA 480GB;1;262.53;Débito;Baixo
T000195;2026-01-30 12:31:00;Sul;Site;Casa e Cozinha;Cafeteira Programável;4;1250.73;Crédito;Baixo
T000196;2026-08-10 21:10:00;Sudeste;Loja física;Celulares;Smartphone Vega 128GB;4;5433.92;Crédito;Baixo
T000197;2026-01-29 06:40:00;Sul;Site;Games;Cadeira Gamer;3;3308.39;Pix;Baixo
T000198;2026-03-26 23:54:00;Sul;Site;Áudio e Vídeo;Projetor Full HD;1;1756.57;Boleto;Baixo
T000199;2026-05-02 15:29:00;Centro-Oeste;Loja física;Informática;Webcam Full HD;1;239.94;Crédito;Baixo
T000200;2026-04-30 23:40:00;Sudeste;Aplicativo;Casa e Cozinha;Balança Digital Cozinha;5;413.52;Pix;Baixo
T000201;2026-02-20 18:42:00;Sudeste;Marketplace;Áudio e Vídeo;Suporte TV Articulado;5;842.81;Crédito;Baixo
T000202;2026-07-25 11:53:00;Norte;Loja física;Casa e Cozinha;Balança Digital Cozinha;4;373.79;Crédito;Baixo
T000203;2026-05-01 11:12:00;Sudeste;Site;Celulares;Power Bank 20000mAh;1;214.16;Pix;Baixo
T000204;2026-08-07 17:31:00;Sudeste;Aplicativo;Informática;SSD NVMe 1TB;5;2350.18;Pix;Baixo
T000205;2026-02-15 11:07:00;Sul;Site;Escritório;Suporte para Notebook;1;106.54;Crédito;Baixo
T000206;2026-05-22 04:54:00;Nordeste;Marketplace;Celulares;Capa Antichoque;1;65.59;Crédito;Baixo
T000207;2026-02-13 14:27:00;Centro-Oeste;Loja física;Casa e Cozinha;Kit Potes Herméticos;1;115.21;Débito;Baixo
T000208;2026-03-28 02:07:00;Nordeste;Site;Áudio e Vídeo;Projetor Full HD;2;3270.98;Crédito;Baixo
T000209;2026-06-02 08:07:00;Sudeste;Aplicativo;Escritório;Suporte para Notebook;4;378.91;Boleto;Baixo
T000210;2026-08-06 14:12:00;Centro-Oeste;Site;Áudio e Vídeo;Caixa Bluetooth;2;733.73;Crédito;Baixo
T000211;2026-06-05 06:30:00;Nordeste;Aplicativo;Celulares;Smartphone Vega 128GB;2;3040.11;Débito;Baixo
T000212;2026-02-13 02:50:00;Centro-Oeste;Loja física;Casa e Cozinha;Aspirador Vertical;1;548.08;Pix;Baixo
T000213;2026-08-07 04:16:00;Sudeste;Aplicativo;Games;Jogo Aventura Lendária;1;321.52;Débito;Baixo
T000214;2026-07-04 04:20:00;Sudeste;Loja física;Escritório;Organizador de Mesa;1;66.72;Pix;Baixo
T000215;2026-01-15 00:56:00;Nordeste;Loja física;Informática;Webcam Full HD;1;235.08;Débito;Baixo
T000216;2026-05-18 07:54:00;Sul;Loja física;Escritório;Fragmentadora 10 folhas;1;713.25;Pix;Baixo
T000217;2026-01-15 14:24:00;Nordeste;Marketplace;Áudio e Vídeo;Projetor Full HD;2;3729.03;Pix;Médio
T000218;2026-03-12 19:33:00;Sudeste;Site;Informática;Mochila para Notebook;1;177.38;Crédito;Baixo
T000219;2026-01-22 13:39:00;Sudeste;Loja física;Áudio e Vídeo;Suporte TV Articulado;1;169.22;Pix;Baixo
T000220;2026-07-05 04:53:00;Sudeste;Loja física;Games;Jogo Aventura Lendária;1;368.75;Pix;Baixo
T000221;2026-06-19 23:02:00;Nordeste;Site;Informática;SSD NVMe 1TB;2;1002.16;Crédito;Baixo
T000222;2026-07-27 18:54:00;Sul;Marketplace;Casa e Cozinha;Air Fryer 5L;2;909.18;Pix;Baixo
T000223;2026-06-16 19:56:00;Sudeste;Site;Informática;Monitor 24 IPS;1;824.59;Crédito;Baixo
T000224;2026-07-01 07:28:00;Nordeste;Site;Celulares;Carregador USB-C 30W;1;113.15;Débito;Baixo
T000225;2026-04-14 09:05:00;Nordeste;Aplicativo;Casa e Cozinha;Aspirador Vertical;2;1093.97;Pix;Baixo
T000226;2026-07-10 00:41:00;Sudeste;Loja física;Games;Cadeira Gamer;2;2005.71;Crédito;Baixo
T000227;2026-02-24 13:42:00;Sudeste;Site;Áudio e Vídeo;Smart TV 55 4K;4;11798.08;Pix;Médio
T000228;2026-01-11 09:33:00;Sudeste;Loja física;Celulares;Smartphone Orion Pro 256GB;1;2524.06;Débito;Baixo
T000229;2026-08-23 01:13:00;Sudeste;Site;Games;Controle Sem Fio;1;363.69;Crédito;Baixo
T000230;2026-08-08 16:02:00;Sudeste;Loja física;Casa e Cozinha;Cafeteira Programável;1;314.52;Crédito;Baixo
T000231;2026-03-19 11:33:00;Norte;Loja física;Games;Jogo Aventura Lendária;1;326.95;Crédito;Baixo
T000232;2026-02-17 08:18:00;Sul;Site;Celulares;Smartphone Vega Max 256GB;4;9292.3;Crédito;Médio
T000233;2026-04-29 17:00:00;Sudeste;Site;Informática;Monitor 24 IPS;2;1549.74;Crédito;Baixo
T000234;2026-08-02 21:54:00;Sul;Loja física;Áudio e Vídeo;Suporte TV Articulado;1;158.74;Pix;Baixo
T000235;2026-02-27 06:15:00;Nordeste;Aplicativo;Escritório;Luminária LED;1;146.84;Crédito;Baixo
T000236;2026-01-09 16:21:00;Sudeste;Aplicativo;Casa e Cozinha;Aspirador Vertical;1;481.75;Débito;Baixo
T000237;2026-05-07 10:27:00;Sudeste;Site;Games;Controle Sem Fio;3;1021.02;Crédito;Baixo
T000238;2026-02-21 13:15:00;Sudeste;Site;Escritório;Papel A4 500 folhas;1;30.61;Pix;Baixo
T000239;2026-02-09 22:27:00;Sul;Site;Casa e Cozinha;Cafeteira Programável;1;328.68;Crédito;Baixo
T000240;2026-02-10 03:21:00;Sul;Site;Áudio e Vídeo;Headset Gamer;3;799.01;Crédito;Baixo
T000241;2026-06-03 20:17:00;Sudeste;Aplicativo;Celulares;Película 3D;2;83.11;Pix;Baixo
T000242;2026-08-03 20:44:00;Nordeste;Aplicativo;Casa e Cozinha;Kit Potes Herméticos;1;126.42;Crédito;Baixo
T000243;2026-05-13 18:29:00;Nordeste;Aplicativo;Games;Volante Racing;1;1132.06;Débito;Baixo
T000244;2026-02-26 03:04:00;Sul;Aplicativo;Celulares;Smartphone Orion Pro 256GB;1;3072.0;Pix;Baixo
T000245;2026-08-12 20:46:00;Nordeste;Site;Informática;Webcam Full HD;1;237.32;Crédito;Baixo
T000246;2026-04-08 18:43:00;Sul;Site;Celulares;Capa Antichoque;1;68.9;Pix;Baixo
T000247;2026-06-09 00:44:00;Sudeste;Marketplace;Áudio e Vídeo;Projetor Full HD;4;7296.2;Crédito;Alto
T000248;2026-03-27 21:47:00;Sul;Marketplace;Games;Console NovaBox X;2;7165.04;Pix;Alto
T000249;2026-04-16 10:00:00;Sul;Site;Áudio e Vídeo;Projetor Full HD;1;2009.41;Crédito;Baixo
T000250;2026-05-09 16:52:00;Sudeste;Aplicativo;Áudio e Vídeo;Soundbar 2.1;1;753.35;Boleto;Baixo
T000251;2026-08-12 11:51:00;Nordeste;Loja física;Celulares;Película 3D;1;39.96;Crédito;Baixo
T000252;2026-01-22 23:54:00;Nordeste;Marketplace;Games;Volante Racing;1;1156.03;Crédito;Baixo
T000253;2026-03-06 05:01:00;Sudeste;Aplicativo;Escritório;Mesa Escritório 120cm;1;602.19;Pix;Baixo
T000254;2026-01-20 11:12:00;Sudeste;Aplicativo;Informática;Monitor 24 IPS;1;798.21;Crédito;Baixo
T000255;2026-06-04 14:11:00;Sul;Site;Casa e Cozinha;Panela Elétrica 5L;5;1750.4;Débito;Baixo
T000256;2026-04-13 23:04:00;Sudeste;Site;Áudio e Vídeo;Caixa Bluetooth;1;367.03;Crédito;Baixo
T000257;2026-04-19 08:35:00;Nordeste;Aplicativo;Games;Headset 7.1;2;855.2;Débito;Baixo
T000258;2026-07-05 12:46:00;Sul;Aplicativo;Informática;Monitor 27 QHD;1;1376.35;Crédito;Baixo
T000259;2026-04-15 16:14:00;Norte;Site;Celulares;Smartphone Orion Pro 256GB;1;3054.95;Crédito;Baixo
T000260;2026-04-26 08:48:00;Nordeste;Site;Informática;Teclado Mecânico;2;703.87;Crédito;Baixo
T000261;2026-01-30 13:06:00;Nordeste;Loja física;Áudio e Vídeo;Caixa Bluetooth;1;419.32;Pix;Baixo
T000262;2026-08-19 14:40:00;Sudeste;Loja física;Games;Jogo Corrida Pro;1;264.17;Crédito;Baixo
T000263;2026-06-10 09:35:00;Centro-Oeste;Site;Informática;Mouse Sem Fio;3;403.2;Pix;Baixo
T000264;2026-01-05 06:59:00;Sul;Loja física;Casa e Cozinha;Air Fryer 5L;1;506.49;Débito;Baixo
T000265;2026-08-13 13:16:00;Sudeste;Aplicativo;Escritório;Organizador de Mesa;5;323.27;Pix;Baixo
T000266;2026-04-18 18:59:00;Sudeste;Marketplace;Informática;SSD NVMe 1TB;2;1051.1;Boleto;Médio
T000267;2026-04-28 04:31:00;Centro-Oeste;Loja física;Celulares;Power Bank 20000mAh;1;200.05;Crédito;Baixo
T000268;2026-04-22 00:38:00;Sudeste;Site;Informática;Memória DDR4 16GB;2;545.96;Pix;Baixo
T000269;2026-03-11 16:40:00;Nordeste;Marketplace;Áudio e Vídeo;Smart TV 55 4K;2;5658.9;Débito;Médio
T000270;2026-06-23 14:38:00;Sudeste;Aplicativo;Escritório;Mesa Escritório 120cm;4;2341.77;Crédito;Baixo
T000271;2026-04-16 23:21:00;Sudeste;Aplicativo;Áudio e Vídeo;Smart TV 43 4K;1;2318.23;Débito;Baixo
T000272;2026-06-29 12:10:00;Sudeste;Site;Informática;Mouse Sem Fio;1;110.64;Pix;Baixo
T000273;2026-03-21 20:14:00;Norte;Marketplace;Escritório;Cadeira Ergonômica;1;1132.7;Pix;Baixo
T000274;2026-01-25 22:32:00;Norte;Marketplace;Casa e Cozinha;Liquidificador 1200W;1;288.22;Crédito;Baixo
T000275;2026-01-26 02:26:00;Nordeste;Site;Celulares;Carregador USB-C 30W;5;551.65;Débito;Baixo
T000276;2026-07-28 18:43:00;Sudeste;Aplicativo;Áudio e Vídeo;Suporte TV Articulado;3;503.66;Débito;Baixo
T000277;2026-01-11 08:57:00;Sudeste;Site;Informática;Webcam Full HD;1;217.05;Pix;Baixo
T000278;2026-06-05 03:48:00;Nordeste;Loja física;Games;Headset 7.1;5;2287.52;Crédito;Baixo
T000279;2026-05-11 18:23:00;Sudeste;Aplicativo;Casa e Cozinha;Aspirador Vertical;1;506.1;Crédito;Baixo
T000280;2026-07-05 12:23:00;Sudeste;Loja física;Escritório;Fragmentadora 10 folhas;2;1474.46;Pix;Baixo
T000281;2026-04-19 00:40:00;Sudeste;Aplicativo;Casa e Cozinha;Kit Potes Herméticos;4;506.78;Boleto;Baixo
T000282;2026-02-12 18:45:00;Sudeste;Loja física;Informática;Hub USB-C 8 em 1;1;259.57;Crédito;Baixo
T000283;2026-05-06 00:01:00;Centro-Oeste;Aplicativo;Escritório;Suporte para Notebook;2;225.42;Pix;Baixo
T000284;2026-07-04 17:45:00;Sudeste;Site;Áudio e Vídeo;Microfone USB;1;357.08;Pix;Baixo
T000285;2026-03-31 23:53:00;Nordeste;Aplicativo;Áudio e Vídeo;Smart TV 55 4K;5;16701.15;Crédito;Médio
T000286;2026-02-17 13:25:00;Sudeste;Site;Áudio e Vídeo;Projetor Full HD;3;5835.59;Pix;Baixo
T000287;2026-01-22 11:37:00;Sul;Loja física;Escritório;Fragmentadora 10 folhas;3;1900.68;Pix;Baixo
T000288;2026-08-01 22:17:00;Sul;Loja física;Escritório;Impressora Multifuncional;2;1630.89;Pix;Baixo
T000289;2026-03-24 13:04:00;Sul;Aplicativo;Áudio e Vídeo;Headset Gamer;3;745.76;Pix;Baixo
T000290;2026-03-08 23:05:00;Sudeste;Site;Informática;Webcam Full HD;1;214.8;Crédito;Baixo
T000291;2026-04-22 15:20:00;Sudeste;Aplicativo;Casa e Cozinha;Jogo de Panelas 5 peças;2;754.51;Crédito;Baixo
T000292;2026-01-27 05:23:00;Sudeste;Site;Games;Jogo Aventura Lendária;1;353.84;Pix;Baixo
T000293;2026-08-12 12:57:00;Sudeste;Aplicativo;Casa e Cozinha;Balança Digital Cozinha;2;180.64;Crédito;Baixo
T000294;2026-01-22 15:41:00;Nordeste;Aplicativo;Áudio e Vídeo;Headset Gamer;2;566.11;Pix;Baixo
T000295;2026-03-08 18:13:00;Sudeste;Loja física;Informática;Webcam Full HD;1;248.3;Crédito;Baixo
T000296;2026-01-31 00:10:00;Sudeste;Aplicativo;Casa e Cozinha;Aspirador Vertical;3;1689.81;Crédito;Baixo
T000297;2026-03-26 08:23:00;Nordeste;Aplicativo;Informática;Monitor 24 IPS;1;905.0;Boleto;Baixo
T000298;2026-03-23 14:33:00;Sudeste;Site;Informática;SSD SATA 480GB;2;563.55;Débito;Baixo
T000299;2026-05-11 03:12:00;Sudeste;Aplicativo;Escritório;Cadeira Ergonômica;1;1256.6;Pix;Baixo
T000300;2026-08-09 09:16:00;Sudeste;Marketplace;Games;Cadeira Gamer;1;1151.05;Crédito;Baixo
T000301;2026-07-23 14:50:00;Sul;Loja física;Games;Jogo Aventura Lendária;2;652.27;Crédito;Baixo
T000302;2026-04-17 11:06:00;Sudeste;Aplicativo;Games;Console NovaBox X;6;24165.69;Crédito;Médio
T000303;2026-01-06 09:41:00;Sul;Aplicativo;Celulares;Fone Bluetooth;1;256.07;Débito;Baixo
T000304;2026-04-13 03:41:00;Sudeste;Site;Informática;SSD NVMe 1TB;2;1046.59;Crédito;Baixo
T000305;2026-05-26 05:07:00;Nordeste;Site;Casa e Cozinha;Jogo de Panelas 5 peças;3;1258.39;Pix;Baixo
T000306;2026-07-29 12:04:00;Sudeste;Loja física;Casa e Cozinha;Jogo de Panelas 5 peças;2;754.11;Débito;Baixo
T000307;2026-07-05 14:07:00;Nordeste;Aplicativo;Escritório;Suporte para Notebook;1;112.94;Pix;Baixo
T000308;2026-05-18 11:52:00;Sudeste;Marketplace;Games;Controle Sem Fio;1;383.01;Crédito;Baixo
T000309;2026-07-10 08:42:00;Nordeste;Marketplace;Informática;Webcam Full HD;1;210.78;Pix;Baixo
T000310;2026-02-09 16:11:00;Sudeste;Aplicativo;Áudio e Vídeo;Microfone USB;2;665.63;Crédito;Baixo
T000311;2026-06-19 13:11:00;Sul;Site;Games;Volante Racing;5;6322.36;Crédito;Baixo
T000312;2026-05-17 10:05:00;Sudeste;Aplicativo;Áudio e Vídeo;Smart TV 55 4K;1;3376.33;Crédito;Baixo
T000313;2026-06-09 09:21:00;Sudeste;Loja física;Celulares;Power Bank 20000mAh;1;238.22;Débito;Baixo
T000314;2026-01-05 06:17:00;Sudeste;Aplicativo;Áudio e Vídeo;Microfone USB;3;962.8;Crédito;Baixo
T000315;2026-03-06 17:44:00;Nordeste;Site;Escritório;Organizador de Mesa;4;263.28;Pix;Baixo
T000316;2026-01-05 10:57:00;Sul;Site;Celulares;Carregador USB-C 30W;4;436.03;Débito;Baixo
T000317;2026-07-25 01:08:00;Sul;Site;Games;Jogo Corrida Pro;5;1441.13;Crédito;Baixo
T000318;2026-01-05 17:23:00;Centro-Oeste;Site;Escritório;Suporte para Notebook;1;99.03;Pix;Baixo
T000319;2026-04-25 16:17:00;Centro-Oeste;Aplicativo;Informática;Mochila para Notebook;1;193.3;Pix;Baixo
T000320;2026-03-12 06:46:00;Sul;Marketplace;Informática;Notebook 14 Air;1;2886.34;Crédito;Baixo
T000321;2026-08-24 23:13:00;Nordeste;Loja física;Áudio e Vídeo;Soundbar 2.1;1;826.45;Débito;Baixo
T000322;2026-08-05 09:34:00;Sul;Loja física;Celulares;Smartphone Vega 128GB;5;6890.35;Crédito;Baixo
T000323;2026-04-12 06:19:00;Nordeste;Site;Áudio e Vídeo;Microfone USB;1;375.06;Débito;Baixo
T000324;2026-04-20 08:20:00;Centro-Oeste;Aplicativo;Áudio e Vídeo;Suporte TV Articulado;5;738.1;Crédito;Baixo
T000325;2026-04-23 06:17:00;Centro-Oeste;Site;Escritório;Luminária LED;1;119.48;Débito;Baixo
T000326;2026-03-25 19:02:00;Sudeste;Site;Informática;Hub USB-C 8 em 1;1;289.79;Débito;Baixo
T000327;2026-06-29 13:46:00;Sudeste;Loja física;Games;Volante Racing;1;1143.36;Pix;Baixo
T000328;2026-06-06 00:06:00;Sul;Site;Celulares;Power Bank 20000mAh;1;229.52;Crédito;Baixo
T000329;2026-07-20 08:26:00;Sudeste;Aplicativo;Celulares;Smartphone Orion Pro 256GB;1;2810.16;Débito;Baixo
T000330;2026-05-21 07:18:00;Nordeste;Loja física;Games;Controle Sem Fio;4;1681.47;Pix;Baixo
T000331;2026-07-04 10:57:00;Sudeste;Site;Casa e Cozinha;Aspirador Vertical;1;537.11;Pix;Baixo
T000332;2026-08-10 11:09:00;Sul;Aplicativo;Celulares;Carregador USB-C 30W;2;211.99;Pix;Baixo
T000333;2026-07-13 14:59:00;Sudeste;Site;Casa e Cozinha;Sanduicheira Grill;1;177.15;Pix;Baixo
T000334;2026-04-27 00:38:00;Sul;Aplicativo;Áudio e Vídeo;Smart TV 43 4K;1;2303.22;Pix;Baixo
T000335;2026-04-08 00:02:00;Sudeste;Aplicativo;Casa e Cozinha;Liquidificador 1200W;1;296.21;Crédito;Baixo
T000336;2026-06-23 15:47:00;Sudeste;Site;Casa e Cozinha;Jogo de Panelas 5 peças;3;1153.52;Pix;Baixo
T000337;2026-07-06 05:55:00;Norte;Aplicativo;Games;Cadeira Gamer;3;3173.22;Pix;Baixo
T000338;2026-08-04 02:53:00;Sudeste;Site;Escritório;Luminária LED;1;133.6;Crédito;Baixo
T000339;2026-04-28 23:16:00;Sudeste;Site;Celulares;Película 3D;4;150.53;Débito;Baixo
T000340;2026-05-05 13:00:00;Sul;Aplicativo;Áudio e Vídeo;Soundbar 2.1;1;766.2;Pix;Baixo
T000341;2026-02-23 03:03:00;Sudeste;Aplicativo;Celulares;Power Bank 20000mAh;1;214.12;Crédito;Baixo
T000342;2026-02-15 21:00:00;Sudeste;Aplicativo;Escritório;Luminária LED;1;142.28;Crédito;Baixo
T000343;2026-02-25 09:27:00;Sudeste;Marketplace;Casa e Cozinha;Air Fryer 5L;1;522.12;Boleto;Médio
T000344;2026-07-13 23:29:00;Centro-Oeste;Marketplace;Escritório;Impressora Multifuncional;1;812.27;Crédito;Baixo
T000345;2026-04-11 12:14:00;Norte;Site;Informática;Monitor 24 IPS;1;923.52;Pix;Baixo
T000346;2026-04-15 23:39:00;Sudeste;Loja física;Áudio e Vídeo;Smart TV 55 4K;1;3200.96;Crédito;Baixo
T000347;2026-04-23 22:11:00;Sudeste;Site;Casa e Cozinha;Liquidificador 1200W;1;268.5;Crédito;Baixo
T000348;2026-02-23 13:11:00;Nordeste;Marketplace;Informática;Monitor 27 QHD;1;1604.13;Crédito;Baixo
T000349;2026-08-20 22:52:00;Centro-Oeste;Site;Games;Jogo Corrida Pro;3;848.95;Crédito;Baixo
T000350;2026-07-26 02:15:00;Sul;Site;Celulares;Capa Antichoque;2;125.26;Débito;Baixo
T000351;2026-05-02 21:53:00;Sudeste;Aplicativo;Games;Volante Racing;2;2649.8;Boleto;Baixo
T000352;2026-07-07 03:10:00;Nordeste;Loja física;Informática;Memória DDR4 16GB;1;253.43;Crédito;Baixo
T000353;2026-05-20 03:30:00;Sudeste;Aplicativo;Escritório;Mesa Escritório 120cm;2;1217.63;Crédito;Baixo
T000354;2026-02-26 19:29:00;Sudeste;Aplicativo;Informática;Monitor 27 QHD;1;1489.7;Débito;Baixo
T000355;2026-01-09 18:37:00;Sul;Aplicativo;Escritório;Impressora Multifuncional;1;895.1;Crédito;Baixo
T000356;2026-05-04 04:35:00;Sudeste;Site;Casa e Cozinha;Aspirador Vertical;1;499.61;Crédito;Baixo
T000357;2026-04-04 14:12:00;Norte;Site;Escritório;Fragmentadora 10 folhas;1;710.24;Débito;Baixo
T000358;2026-01-02 16:57:00;Norte;Aplicativo;Informática;Mochila para Notebook;2;354.74;Crédito;Baixo
T000359;2026-07-08 06:24:00;Sul;Loja física;Escritório;Suporte para Notebook;2;227.12;Crédito;Baixo
T000360;2026-02-16 20:51:00;Norte;Site;Casa e Cozinha;Air Fryer 5L;5;2509.88;Débito;Baixo
T000361;2026-07-19 20:45:00;Sudeste;Marketplace;Games;Console NovaBox X;1;3991.02;Crédito;Médio
T000362;2026-07-02 18:31:00;Nordeste;Aplicativo;Casa e Cozinha;Cafeteira Programável;1;316.05;Crédito;Baixo
T000363;2026-03-27 07:13:00;Sudeste;Site;Celulares;Smartphone Vega 128GB;5;6449.15;Crédito;Baixo
T000364;2026-06-16 08:34:00;Sudeste;Aplicativo;Games;Console NovaBox X;1;4132.33;Pix;Baixo
T000365;2026-02-07 13:19:00;Sudeste;Loja física;Escritório;Impressora Multifuncional;1;879.83;Pix;Baixo
T000366;2026-05-25 18:09:00;Sudeste;Marketplace;Games;Console NovaBox X;1;4090.96;Crédito;Médio
T000367;2026-07-31 12:50:00;Sul;Site;Casa e Cozinha;Sanduicheira Grill;2;319.36;Débito;Baixo
T000368;2026-02-11 09:39:00;Centro-Oeste;Site;Celulares;Power Bank 20000mAh;2;432.77;Crédito;Baixo
T000369;2026-04-22 15:37:00;Norte;Loja física;Áudio e Vídeo;Smart TV 43 4K;1;2147.12;Crédito;Baixo
T000370;2026-01-16 06:27:00;Sudeste;Aplicativo;Áudio e Vídeo;Headset Gamer;1;249.35;Pix;Baixo
T000371;2026-04-18 22:36:00;Sudeste;Aplicativo;Celulares;Smartphone Orion 128GB;1;1552.32;Crédito;Baixo
T000372;2026-05-17 10:28:00;Sudeste;Aplicativo;Escritório;Suporte para Notebook;2;210.74;Pix;Baixo
T000373;2026-05-24 00:08:00;Nordeste;Loja física;Áudio e Vídeo;Soundbar 2.1;2;1524.64;Crédito;Baixo
T000374;2026-05-18 08:41:00;Sudeste;Site;Áudio e Vídeo;Microfone USB;1;338.07;Crédito;Baixo
T000375;2026-08-07 07:22:00;Nordeste;Marketplace;Casa e Cozinha;Cafeteira Programável;1;276.76;Pix;Baixo
T000376;2026-04-12 10:10:00;Centro-Oeste;Site;Informática;Notebook 15 Pro;1;3878.65;Crédito;Baixo
T000377;2026-01-30 14:32:00;Sudeste;Site;Celulares;Capa Antichoque;4;277.7;Pix;Baixo
T000378;2026-04-22 19:49:00;Centro-Oeste;Loja física;Escritório;Impressora Multifuncional;1;810.21;Pix;Baixo
T000379;2026-04-04 11:56:00;Nordeste;Aplicativo;Casa e Cozinha;Cafeteira Programável;1;288.47;Pix;Baixo
T000380;2026-03-12 12:31:00;Sul;Site;Celulares;Película 3D;2;82.81;Crédito;Baixo
T000381;2026-07-11 05:44:00;Centro-Oeste;Marketplace;Informática;Mouse Sem Fio;1;122.04;Pix;Baixo
T000382;2026-03-13 18:25:00;Centro-Oeste;Aplicativo;Celulares;Carregador USB-C 30W;1;105.37;Boleto;Baixo
T000383;2026-07-18 21:36:00;Sudeste;Loja física;Casa e Cozinha;Jogo de Panelas 5 peças;2;834.88;Crédito;Baixo
T000384;2026-04-01 22:57:00;Sudeste;Loja física;Celulares;Smartphone Orion 128GB;2;3703.0;Débito;Baixo
T000385;2026-08-23 07:53:00;Sudeste;Loja física;Informática;SSD NVMe 1TB;1;525.14;Crédito;Baixo
T000386;2026-04-22 01:00:00;Sul;Aplicativo;Games;Jogo Corrida Pro;1;258.88;Débito;Baixo
T000387;2026-04-24 14:28:00;Sul;Site;Áudio e Vídeo;Caixa Bluetooth;1;412.83;Pix;Baixo
T000388;2026-03-22 20:04:00;Centro-Oeste;Site;Celulares;Carregador USB-C 30W;2;237.56;Crédito;Baixo
T000389;2026-03-19 20:51:00;Sudeste;Loja física;Games;Console NovaBox X;1;3738.97;Pix;Baixo
T000390;2026-01-24 10:01:00;Sul;Loja física;Escritório;Cadeira Ergonômica;1;1148.85;Crédito;Baixo
T000391;2026-08-23 05:26:00;Nordeste;Aplicativo;Casa e Cozinha;Kit Potes Herméticos;4;447.51;Pix;Baixo
T000392;2026-01-15 16:48:00;Nordeste;Site;Games;Console PlaySphere 5;2;8877.87;Crédito;Médio
T000393;2026-04-21 20:32:00;Nordeste;Site;Casa e Cozinha;Kit Potes Herméticos;1;120.87;Boleto;Baixo
T000394;2026-06-13 02:17:00;Sul;Loja física;Informática;Notebook 14 Air;1;3268.2;Crédito;Baixo
T000395;2026-02-22 11:57:00;Sudeste;Site;Games;Controle Sem Fio;2;802.12;Pix;Baixo
T000396;2026-07-13 07:26:00;Nordeste;Aplicativo;Casa e Cozinha;Sanduicheira Grill;1;162.7;Débito;Baixo
T000397;2026-01-15 09:24:00;Sul;Site;Casa e Cozinha;Aspirador Vertical;2;963.05;Pix;Baixo
T000398;2026-03-31 22:22:00;Norte;Aplicativo;Celulares;Fone Bluetooth;1;262.96;Crédito;Baixo
T000399;2026-05-25 01:05:00;Sudeste;Site;Casa e Cozinha;Balança Digital Cozinha;1;77.66;Débito;Baixo
T000400;2026-08-31 01:34:00;Sudeste;Aplicativo;Áudio e Vídeo;Headset Gamer;2;507.76;Débito;Baixo
T000401;2026-04-17 21:37:00;Sul;Loja física;Celulares;Smartphone Orion Pro 256GB;1;2571.8;Pix;Baixo
T000402;2026-01-19 13:45:00;Norte;Aplicativo;Celulares;Smartphone Orion Pro 256GB;2;5486.94;Débito;Baixo
T000403;2026-01-15 09:28:00;Sudeste;Aplicativo;Áudio e Vídeo;Headset Gamer;1;247.03;Débito;Baixo
T000404;2026-06-18 18:11:00;Sudeste;Aplicativo;Casa e Cozinha;Panela Elétrica 5L;1;350.45;Débito;Baixo
T000405;2026-03-29 06:13:00;Sudeste;Loja física;Informática;Notebook 14 Air;3;9710.86;Pix;Médio
T000406;2026-04-29 17:24:00;Sudeste;Marketplace;Games;Volante Racing;4;4447.98;Crédito;Médio
T000407;2026-05-24 10:46:00;Sudeste;Aplicativo;Casa e Cozinha;Sanduicheira Grill;6;1085.9;Crédito;Baixo
T000408;2026-01-29 15:32:00;Sul;Loja física;Escritório;Fragmentadora 10 folhas;1;727.91;Crédito;Baixo
T000409;2026-05-16 14:05:00;Nordeste;Marketplace;Escritório;Mesa Escritório 120cm;1;584.9;Pix;Baixo
T000410;2026-04-30 16:31:00;Nordeste;Site;Escritório;Papel A4 500 folhas;1;34.15;Boleto;Baixo
T000411;2026-06-12 22:37:00;Sudeste;Site;Escritório;Luminária LED;2;248.8;Crédito;Baixo
T000412;2026-05-28 18:28:00;Sudeste;Loja física;Casa e Cozinha;Panela Elétrica 5L;1;407.32;Débito;Baixo
T000413;2026-07-06 02:10:00;Sudeste;Loja física;Áudio e Vídeo;Smart TV 55 4K;2;6382.33;Crédito;Baixo
T000414;2026-03-16 08:28:00;Sudeste;Marketplace;Celulares;Smartphone Vega 128GB;1;1494.4;Crédito;Baixo
T000415;2026-01-06 00:40:00;Nordeste;Aplicativo;Games;Headset 7.1;4;1605.39;Pix;Baixo
T000416;2026-03-29 16:32:00;Sudeste;Loja física;Informática;Notebook 15 Pro;1;3481.67;Pix;Baixo
T000417;2026-07-04 01:18:00;Sul;Marketplace;Casa e Cozinha;Liquidificador 1200W;1;248.88;Boleto;Médio
T000418;2026-01-19 08:35:00;Nordeste;Site;Informática;Memória DDR4 16GB;1;283.36;Pix;Baixo
T000419;2026-04-14 09:34:00;Sudeste;Site;Games;Headset 7.1;2;904.29;Crédito;Baixo
T000420;2026-08-27 07:39:00;Sudeste;Site;Informática;Mochila para Notebook;2;331.6;Pix;Baixo
T000421;2026-07-20 08:34:00;Sudeste;Aplicativo;Games;Headset 7.1;3;1330.48;Pix;Baixo
T000422;2026-06-07 00:55:00;Sudeste;Site;Celulares;Smartphone Vega Max 256GB;1;2352.8;Crédito;Baixo
T000423;2026-07-16 18:02:00;Nordeste;Aplicativo;Escritório;Papel A4 500 folhas;1;31.52;Crédito;Baixo
T000424;2026-05-07 17:07:00;Sudeste;Loja física;Áudio e Vídeo;Projetor Full HD;6;10769.48;Crédito;Médio
T000425;2026-06-11 08:42:00;Centro-Oeste;Aplicativo;Escritório;Mesa Escritório 120cm;3;1796.32;Pix;Baixo
T000426;2026-03-05 03:19:00;Sudeste;Loja física;Áudio e Vídeo;Smart TV 55 4K;1;3134.2;Pix;Baixo
T000427;2026-05-20 02:10:00;Sudeste;Loja física;Games;Jogo Aventura Lendária;1;357.14;Débito;Baixo
T000428;2026-04-03 15:26:00;Sudeste;Loja física;Áudio e Vídeo;Caixa Bluetooth;1;377.79;Crédito;Baixo
T000429;2026-08-16 02:43:00;Sudeste;Site;Áudio e Vídeo;Headset Gamer;1;246.76;Crédito;Baixo
T000430;2026-07-14 00:25:00;Sudeste;Marketplace;Celulares;Carregador USB-C 30W;5;561.28;Crédito;Baixo
T000431;2026-03-06 00:16:00;Sudeste;Site;Informática;SSD SATA 480GB;3;836.76;Crédito;Baixo
T000432;2026-07-28 09:30:00;Sudeste;Loja física;Casa e Cozinha;Kit Potes Herméticos;1;133.04;Crédito;Baixo
T000433;2026-05-17 12:35:00;Sul;Loja física;Casa e Cozinha;Jogo de Panelas 5 peças;1;446.49;Pix;Baixo
T000434;2026-08-04 18:50:00;Sudeste;Loja física;Celulares;Power Bank 20000mAh;1;206.27;Débito;Baixo
T000435;2026-01-03 01:40:00;Sul;Marketplace;Informática;Monitor 27 QHD;1;1525.99;Crédito;Baixo
T000436;2026-06-15 10:54:00;Sudeste;Loja física;Áudio e Vídeo;Soundbar 2.1;1;799.84;Crédito;Baixo
T000437;2026-03-24 01:32:00;Nordeste;Loja física;Escritório;Luminária LED;1;124.4;Crédito;Baixo
T000438;2026-03-23 02:21:00;Sudeste;Aplicativo;Celulares;Smartphone Vega 128GB;1;1568.72;Pix;Baixo
T000439;2026-02-21 23:27:00;Sudeste;Aplicativo;Games;Cadeira Gamer;1;1015.73;Débito;Baixo
T000440;2026-06-24 10:31:00;Sul;Loja física;Celulares;Smartphone Vega Max 256GB;1;2113.29;Pix;Baixo
T000441;2026-07-05 01:21:00;Sudeste;Site;Informática;Teclado Mecânico;2;605.39;Crédito;Baixo
T000442;2026-06-02 19:48:00;Sudeste;Aplicativo;Casa e Cozinha;Jogo de Panelas 5 peças;3;1160.46;Pix;Baixo
T000443;2026-06-26 16:22:00;Sudeste;Aplicativo;Games;Headset 7.1;2;827.03;Pix;Baixo
T000444;2026-01-28 03:00:00;Sul;Site;Casa e Cozinha;Aspirador Vertical;2;1047.85;Débito;Baixo
T000445;2026-04-14 14:15:00;Sudeste;Loja física;Games;Jogo Aventura Lendária;1;359.61;Crédito;Baixo
T000446;2026-04-11 23:13:00;Nordeste;Site;Informática;Monitor 24 IPS;5;3993.14;Crédito;Baixo
T000447;2026-04-08 22:01:00;Sudeste;Site;Informática;Monitor 24 IPS;1;922.11;Crédito;Baixo
T000448;2026-05-03 03:45:00;Sul;Marketplace;Escritório;Luminária LED;1;125.16;Pix;Baixo
T000449;2026-02-09 05:55:00;Norte;Site;Escritório;Fragmentadora 10 folhas;4;2714.22;Pix;Baixo
T000450;2026-06-12 17:51:00;Sul;Site;Escritório;Suporte para Notebook;2;199.47;Crédito;Baixo
T000451;2026-05-26 05:10:00;Nordeste;Aplicativo;Informática;Hub USB-C 8 em 1;2;537.03;Crédito;Baixo
T000452;2026-03-04 21:02:00;Sudeste;Aplicativo;Casa e Cozinha;Kit Potes Herméticos;1;116.45;Crédito;Baixo
T000453;2026-04-10 05:54:00;Centro-Oeste;Site;Celulares;Smartphone Orion 128GB;1;1597.39;Débito;Baixo
T000454;2026-06-02 19:29:00;Sudeste;Marketplace;Celulares;Power Bank 20000mAh;3;631.18;Crédito;Baixo
T000455;2026-01-22 03:46:00;Sudeste;Aplicativo;Celulares;Capa Antichoque;5;335.81;Boleto;Baixo
T000456;2026-03-09 08:37:00;Sudeste;Aplicativo;Áudio e Vídeo;Smart TV 43 4K;1;2106.42;Crédito;Baixo
T000457;2026-01-13 18:40:00;Sudeste;Aplicativo;Escritório;Fragmentadora 10 folhas;1;675.74;Crédito;Baixo
T000458;2026-08-24 10:18:00;Sudeste;Site;Games;Jogo Corrida Pro;2;598.81;Crédito;Baixo
T000459;2026-02-18 00:29:00;Sul;Aplicativo;Escritório;Organizador de Mesa;1;64.83;Débito;Baixo
T000460;2026-01-07 08:48:00;Sul;Site;Casa e Cozinha;Aspirador Vertical;6;3102.06;Pix;Baixo
T000461;2026-07-29 07:04:00;Nordeste;Aplicativo;Informática;Mochila para Notebook;2;348.36;Crédito;Baixo
T000462;2026-01-24 22:42:00;Sul;Site;Games;Headset 7.1;2;786.27;Boleto;Baixo
T000463;2026-03-31 16:29:00;Centro-Oeste;Aplicativo;Escritório;Impressora Multifuncional;1;947.69;Pix;Baixo
T000464;2026-07-08 09:39:00;Sul;Site;Áudio e Vídeo;Soundbar 2.1;4;3390.65;Pix;Baixo
T000465;2026-02-21 00:55:00;Centro-Oeste;Marketplace;Celulares;Capa Antichoque;4;290.85;Débito;Baixo
T000466;2026-08-09 16:54:00;Nordeste;Site;Celulares;Smartphone Vega 128GB;2;2676.52;Crédito;Baixo
T000467;2026-03-27 00:54:00;Sul;Site;Áudio e Vídeo;Smart TV 43 4K;1;2116.91;Crédito;Baixo
T000468;2026-07-11 15:45:00;Nordeste;Loja física;Informática;Monitor 27 QHD;1;1526.86;Pix;Baixo
T000469;2026-01-02 13:15:00;Sudeste;Site;Informática;Monitor 24 IPS;1;792.08;Pix;Baixo
T000470;2026-06-06 23:43:00;Sudeste;Aplicativo;Casa e Cozinha;Cafeteira Programável;1;333.21;Pix;Baixo
T000471;2026-07-18 01:53:00;Sul;Loja física;Escritório;Organizador de Mesa;1;64.78;Débito;Baixo
T000472;2026-05-24 01:43:00;Nordeste;Aplicativo;Casa e Cozinha;Jogo de Panelas 5 peças;4;1548.41;Pix;Baixo
T000473;2026-03-25 04:35:00;Sudeste;Loja física;Informática;Teclado Mecânico;1;326.23;Crédito;Baixo
T000474;2026-07-15 13:53:00;Sudeste;Site;Celulares;Fone Bluetooth;5;1157.74;Débito;Baixo
T000475;2026-04-13 13:53:00;Sudeste;Loja física;Áudio e Vídeo;Smart TV 43 4K;1;2325.7;Crédito;Baixo
T000476;2026-04-26 13:08:00;Nordeste;Site;Informática;SSD NVMe 1TB;1;481.95;Pix;Baixo
T000477;2026-07-29 22:33:00;Nordeste;Aplicativo;Informática;Memória DDR4 16GB;1;286.08;Pix;Baixo
T000478;2026-05-15 12:52:00;Sudeste;Aplicativo;Informática;SSD NVMe 1TB;3;1401.44;Crédito;Baixo
T000479;2026-03-27 15:10:00;Sul;Marketplace;Escritório;Mesa Escritório 120cm;2;1207.89;Débito;Baixo
T000480;2026-03-14 23:25:00;Sudeste;Aplicativo;Informática;Notebook 15 Pro;3;12008.73;Crédito;Médio
T000481;2026-03-25 19:18:00;Sul;Loja física;Escritório;Cadeira Ergonômica;2;2193.71;Débito;Baixo
T000482;2026-07-08 12:28:00;Sudeste;Loja física;Games;Volante Racing;2;2743.87;Débito;Baixo
T000483;2026-06-05 12:01:00;Sudeste;Marketplace;Informática;Hub USB-C 8 em 1;1;244.2;Débito;Baixo
T000484;2026-04-04 08:23:00;Centro-Oeste;Aplicativo;Celulares;Película 3D;4;150.92;Pix;Baixo
T000485;2026-04-03 12:51:00;Sudeste;Loja física;Casa e Cozinha;Balança Digital Cozinha;1;79.26;Pix;Baixo
T000486;2026-06-22 10:33:00;Nordeste;Site;Casa e Cozinha;Sanduicheira Grill;2;319.73;Pix;Baixo
T000487;2026-07-07 14:59:00;Sudeste;Site;Games;Jogo Aventura Lendária;1;364.15;Crédito;Baixo
T000488;2026-07-28 20:50:00;Sudeste;Loja física;Escritório;Mesa Escritório 120cm;2;1188.87;Pix;Baixo
T000489;2026-07-22 16:23:00;Norte;Aplicativo;Celulares;Capa Antichoque;4;250.61;Crédito;Baixo
T000490;2026-03-08 15:20:00;Centro-Oeste;Site;Escritório;Mesa Escritório 120cm;1;615.08;Pix;Baixo
T000491;2026-04-02 23:07:00;Nordeste;Loja física;Casa e Cozinha;Kit Potes Herméticos;1;136.08;Débito;Baixo
T000492;2026-08-05 13:46:00;Nordeste;Site;Escritório;Suporte para Notebook;3;291.39;Pix;Baixo
T000493;2026-01-16 22:41:00;Nordeste;Site;Celulares;Smartphone Orion Pro 256GB;1;2886.13;Crédito;Baixo
T000494;2026-02-20 23:42:00;Nordeste;Site;Casa e Cozinha;Aspirador Vertical;2;940.95;Crédito;Baixo
T000495;2026-08-26 05:25:00;Nordeste;Aplicativo;Informática;Hub USB-C 8 em 1;1;243.91;Crédito;Baixo
T000496;2026-01-22 14:29:00;Sul;Aplicativo;Games;Volante Racing;2;2577.8;Crédito;Baixo
T000497;2026-01-19 04:41:00;Sudeste;Aplicativo;Áudio e Vídeo;Microfone USB;2;742.12;Pix;Baixo
T000498;2026-01-16 17:54:00;Sudeste;Site;Casa e Cozinha;Balança Digital Cozinha;5;466.66;Crédito;Baixo
T000499;2026-01-29 19:30:00;Sudeste;Site;Casa e Cozinha;Panela Elétrica 5L;1;353.55;Crédito;Baixo
T000500;2026-08-02 16:43:00;Sul;Site;Games;Headset 7.1;1;449.61;Crédito;Baixo
T000501;2026-02-28 21:41:00;Centro-Oeste;Aplicativo;Casa e Cozinha;Jogo de Panelas 5 peças;1;435.86;Crédito;Baixo
T000502;2026-02-26 16:44:00;Sul;Site;Informática;SSD SATA 480GB;2;566.95;Débito;Baixo
T000503;2026-05-27 19:42:00;Nordeste;Marketplace;Escritório;Fragmentadora 10 folhas;4;2587.44;Pix;Baixo
T000504;2026-03-30 09:43:00;Nordeste;Aplicativo;Celulares;Capa Antichoque;4;268.52;Crédito;Baixo
T000505;2026-08-12 04:39:00;Sudeste;Site;Celulares;Power Bank 20000mAh;1;199.52;Débito;Baixo
T000506;2026-02-01 19:35:00;Norte;Loja física;Celulares;Smartphone Orion Pro 256GB;2;5495.26;Crédito;Baixo
T000507;2026-05-16 21:42:00;Norte;Site;Casa e Cozinha;Cafeteira Programável;1;325.87;Crédito;Baixo
T000508;2026-04-23 06:58:00;Sul;Site;Áudio e Vídeo;Suporte TV Articulado;2;291.89;Pix;Baixo
T000509;2026-01-12 18:00:00;Sudeste;Aplicativo;Escritório;Suporte para Notebook;2;201.79;Crédito;Baixo
T000510;2026-07-09 07:19:00;Nordeste;Aplicativo;Games;Jogo Aventura Lendária;6;2199.08;Crédito;Baixo
T000511;2026-04-14 01:28:00;Sudeste;Loja física;Games;Console NovaBox X;2;7884.44;Pix;Médio
T000512;2026-05-27 01:28:00;Sul;Site;Games;Jogo Aventura Lendária;2;623.95;Pix;Baixo
T000513;2026-01-15 20:11:00;Nordeste;Aplicativo;Informática;Mouse Sem Fio;1;123.89;Pix;Baixo
T000514;2026-07-04 22:49:00;Sudeste;Site;Informática;SSD SATA 480GB;1;280.33;Pix;Baixo
T000515;2026-06-04 07:24:00;Sudeste;Site;Casa e Cozinha;Jogo de Panelas 5 peças;1;401.98;Crédito;Baixo
T000516;2026-03-27 08:18:00;Centro-Oeste;Loja física;Áudio e Vídeo;Caixa Bluetooth;2;771.84;Crédito;Baixo
T000517;2026-01-27 12:47:00;Sudeste;Aplicativo;Celulares;Power Bank 20000mAh;1;208.25;Pix;Baixo
T000518;2026-02-16 20:11:00;Sudeste;Loja física;Áudio e Vídeo;Headset Gamer;3;748.38;Crédito;Baixo
T000519;2026-06-10 07:12:00;Sudeste;Aplicativo;Celulares;Carregador USB-C 30W;4;416.04;Pix;Baixo
T000520;2026-02-17 16:24:00;Nordeste;Site;Informática;Webcam Full HD;2;463.26;Crédito;Baixo
T000521;2026-03-06 15:33:00;Sudeste;Site;Games;Jogo Aventura Lendária;3;934.84;Crédito;Baixo
T000522;2026-02-10 04:15:00;Centro-Oeste;Site;Informática;Teclado Mecânico;1;355.44;Crédito;Baixo
T000523;2026-07-04 15:50:00;Sul;Site;Escritório;Papel A4 500 folhas;3;92.63;Boleto;Baixo
T000524;2026-05-20 14:17:00;Sul;Marketplace;Games;Jogo Corrida Pro;1;297.66;Boleto;Médio
T000525;2026-01-01 21:04:00;Sudeste;Site;Games;Jogo Corrida Pro;2;590.47;Pix;Baixo
T000526;2026-04-16 06:14:00;Norte;Site;Escritório;Cadeira Ergonômica;1;1228.04;Pix;Baixo
T000527;2026-02-07 20:18:00;Sul;Marketplace;Informática;SSD NVMe 1TB;2;1097.34;Pix;Baixo
T000528;2026-08-02 22:42:00;Sul;Marketplace;Casa e Cozinha;Air Fryer 5L;1;518.2;Crédito;Baixo
T000529;2026-02-12 10:40:00;Centro-Oeste;Aplicativo;Games;Volante Racing;3;3922.18;Crédito;Baixo
T000530;2026-02-26 23:14:00;Nordeste;Aplicativo;Informática;Teclado Mecânico;1;334.81;Pix;Baixo
T000531;2026-08-29 08:19:00;Sul;Marketplace;Celulares;Smartphone Orion Pro 256GB;1;3034.09;Pix;Baixo
T000532;2026-03-19 22:45:00;Sudeste;Marketplace;Escritório;Impressora Multifuncional;1;829.03;Crédito;Baixo
T000533;2026-08-30 08:00:00;Sudeste;Loja física;Informática;Mochila para Notebook;1;189.13;Pix;Baixo
T000534;2026-03-10 02:50:00;Sudeste;Site;Informática;Teclado Mecânico;1;369.6;Crédito;Baixo
T000535;2026-04-17 02:02:00;Norte;Site;Áudio e Vídeo;Headset Gamer;1;295.08;Pix;Baixo
T000536;2026-06-30 12:19:00;Sudeste;Loja física;Casa e Cozinha;Liquidificador 1200W;1;263.49;Pix;Baixo
T000537;2026-08-21 03:24:00;Sudeste;Aplicativo;Áudio e Vídeo;Smart TV 55 4K;5;14910.48;Débito;Médio
T000538;2026-02-10 23:08:00;Sudeste;Aplicativo;Games;Controle Sem Fio;1;365.76;Crédito;Baixo
T000539;2026-03-18 19:21:00;Sudeste;Loja física;Escritório;Luminária LED;2;258.22;Pix;Baixo
T000540;2026-03-08 13:18:00;Nordeste;Site;Informática;SSD SATA 480GB;1;241.42;Pix;Baixo
T000541;2026-06-11 01:58:00;Sudeste;Site;Áudio e Vídeo;Projetor Full HD;1;1744.54;Pix;Baixo
T000542;2026-07-15 19:23:00;Norte;Marketplace;Informática;Notebook 15 Pro;3;10760.73;Crédito;Alto
T000543;2026-01-25 18:10:00;Sudeste;Loja física;Áudio e Vídeo;Microfone USB;2;679.68;Boleto;Baixo
T000544;2026-01-15 13:07:00;Nordeste;Aplicativo;Áudio e Vídeo;Smart TV 43 4K;1;2131.38;Pix;Baixo
T000545;2026-03-06 09:28:00;Sudeste;Aplicativo;Informática;Teclado Mecânico;1;339.23;Crédito;Baixo
T000546;2026-03-27 04:56:00;Centro-Oeste;Aplicativo;Casa e Cozinha;Kit Potes Herméticos;1;118.53;Crédito;Baixo
T000547;2026-03-08 09:53:00;Sudeste;Marketplace;Casa e Cozinha;Balança Digital Cozinha;1;89.85;Crédito;Baixo
T000548;2026-08-21 05:09:00;Nordeste;Site;Celulares;Smartphone Vega 128GB;1;1482.14;Crédito;Baixo
T000549;2026-04-28 00:21:00;Nordeste;Aplicativo;Celulares;Carregador USB-C 30W;2;244.56;Crédito;Baixo
T000550;2026-04-09 02:34:00;Centro-Oeste;Site;Celulares;Fone Bluetooth;1;216.41;Débito;Baixo
T000551;2026-03-24 16:03:00;Sul;Site;Casa e Cozinha;Air Fryer 5L;1;477.05;Crédito;Baixo
T000552;2026-06-30 04:28:00;Sudeste;Aplicativo;Escritório;Cadeira Ergonômica;1;1046.47;Boleto;Baixo
T000553;2026-08-03 08:25:00;Sudeste;Aplicativo;Celulares;Fone Bluetooth;6;1333.44;Crédito;Baixo
T000554;2026-06-16 01:08:00;Sudeste;Aplicativo;Informática;SSD NVMe 1TB;1;454.62;Crédito;Baixo
T000555;2026-07-26 18:56:00;Sul;Marketplace;Informática;Mouse Sem Fio;3;409.52;Crédito;Baixo
T000556;2026-02-17 05:05:00;Sudeste;Marketplace;Áudio e Vídeo;Projetor Full HD;2;3845.22;Débito;Médio
T000557;2026-08-30 05:16:00;Nordeste;Aplicativo;Informática;Monitor 24 IPS;2;1570.43;Pix;Baixo
T000558;2026-07-11 04:39:00;Sudeste;Aplicativo;Escritório;Papel A4 500 folhas;2;72.31;Débito;Baixo
T000559;2026-06-01 22:47:00;Sul;Site;Escritório;Suporte para Notebook;2;202.02;Débito;Baixo
T000560;2026-07-01 00:57:00;Sul;Site;Casa e Cozinha;Jogo de Panelas 5 peças;2;787.03;Crédito;Baixo
T000561;2026-04-30 01:05:00;Sudeste;Loja física;Áudio e Vídeo;Projetor Full HD;1;1806.94;Crédito;Baixo
T000562;2026-01-07 14:52:00;Sudeste;Aplicativo;Escritório;Mesa Escritório 120cm;2;1278.77;Crédito;Baixo
T000563;2026-05-07 02:42:00;Nordeste;Site;Escritório;Mesa Escritório 120cm;2;1269.84;Pix;Baixo
T000564;2026-05-28 22:00:00;Sul;Site;Informática;Monitor 27 QHD;4;5797.95;Pix;Baixo
T000565;2026-08-19 03:38:00;Nordeste;Aplicativo;Escritório;Organizador de Mesa;1;64.97;Pix;Baixo
T000566;2026-05-16 20:57:00;Sudeste;Aplicativo;Casa e Cozinha;Liquidificador 1200W;4;1012.74;Pix;Baixo
T000567;2026-06-07 00:22:00;Sudeste;Site;Celulares;Carregador USB-C 30W;1;122.13;Pix;Baixo
T000568;2026-06-07 16:00:00;Sul;Aplicativo;Casa e Cozinha;Liquidificador 1200W;3;763.56;Crédito;Baixo
T000569;2026-03-23 17:55:00;Nordeste;Loja física;Games;Console PlaySphere 5;1;4198.04;Crédito;Baixo
T000570;2026-06-26 12:36:00;Sudeste;Site;Games;Jogo Aventura Lendária;3;1011.49;Débito;Baixo
T000571;2026-07-12 16:07:00;Norte;Marketplace;Celulares;Smartphone Orion 128GB;1;1907.26;Crédito;Baixo
T000572;2026-02-04 06:16:00;Norte;Aplicativo;Escritório;Mesa Escritório 120cm;1;686.85;Pix;Baixo
T000573;2026-07-02 12:41:00;Sudeste;Loja física;Escritório;Suporte para Notebook;2;189.0;Crédito;Baixo
T000574;2026-04-13 08:07:00;Nordeste;Aplicativo;Escritório;Papel A4 500 folhas;1;31.38;Crédito;Baixo
T000575;2026-08-22 15:25:00;Sudeste;Site;Casa e Cozinha;Cafeteira Programável;3;894.29;Crédito;Baixo
T000576;2026-01-10 04:33:00;Sul;Aplicativo;Casa e Cozinha;Jogo de Panelas 5 peças;5;1997.47;Crédito;Baixo
T000577;2026-04-06 14:09:00;Nordeste;Aplicativo;Escritório;Cadeira Ergonômica;3;3134.0;Crédito;Baixo
T000578;2026-05-06 07:20:00;Norte;Loja física;Casa e Cozinha;Cafeteira Programável;1;338.69;Pix;Baixo
T000579;2026-03-07 11:42:00;Norte;Aplicativo;Áudio e Vídeo;Caixa Bluetooth;1;375.97;Crédito;Baixo
T000580;2026-03-10 17:16:00;Sul;Aplicativo;Informática;Mochila para Notebook;1;167.36;Débito;Baixo
T000581;2026-05-29 14:50:00;Sul;Site;Celulares;Smartphone Orion 128GB;2;3567.95;Pix;Baixo
T000582;2026-05-17 12:27:00;Norte;Loja física;Áudio e Vídeo;Headset Gamer;1;276.75;Crédito;Baixo
T000583;2026-01-16 02:13:00;Sudeste;Loja física;Informática;Webcam Full HD;2;503.49;Crédito;Baixo
T000584;2026-05-01 08:00:00;Norte;Aplicativo;Informática;Memória DDR4 16GB;3;904.04;Crédito;Baixo
T000585;2026-07-03 22:34:00;Centro-Oeste;Site;Games;Cadeira Gamer;1;950.77;Pix;Baixo
T000586;2026-04-30 03:17:00;Sudeste;Site;Informática;Hub USB-C 8 em 1;2;518.72;Crédito;Baixo
T000587;2026-05-02 04:54:00;Sul;Marketplace;Escritório;Impressora Multifuncional;5;4308.12;Boleto;Alto
T000588;2026-03-07 21:29:00;Sudeste;Aplicativo;Games;Volante Racing;3;3466.4;Crédito;Baixo
T000589;2026-06-06 04:15:00;Sudeste;Aplicativo;Escritório;Suporte para Notebook;6;686.32;Boleto;Baixo
T000590;2026-06-10 04:19:00;Sul;Loja física;Casa e Cozinha;Air Fryer 5L;2;852.45;Pix;Baixo
T000591;2026-03-06 04:32:00;Nordeste;Loja física;Escritório;Fragmentadora 10 folhas;1;739.43;Crédito;Baixo
T000592;2026-08-29 04:46:00;Sudeste;Loja física;Celulares;Smartphone Orion 128GB;1;1604.78;Pix;Baixo
T000593;2026-03-18 03:08:00;Nordeste;Site;Escritório;Suporte para Notebook;1;97.73;Crédito;Baixo
T000594;2026-02-27 18:14:00;Sudeste;Aplicativo;Casa e Cozinha;Liquidificador 1200W;2;580.77;Boleto;Baixo
T000595;2026-04-01 12:46:00;Centro-Oeste;Site;Informática;Mochila para Notebook;1;187.79;Débito;Baixo
T000596;2026-04-21 14:14:00;Sul;Loja física;Casa e Cozinha;Balança Digital Cozinha;4;342.0;Débito;Baixo
T000597;2026-02-18 09:46:00;Sudeste;Site;Games;Volante Racing;5;6878.79;Crédito;Baixo
T000598;2026-06-30 07:04:00;Sudeste;Marketplace;Casa e Cozinha;Cafeteira Programável;2;588.32;Crédito;Baixo
T000599;2026-05-23 08:51:00;Centro-Oeste;Aplicativo;Casa e Cozinha;Air Fryer 5L;1;513.26;Pix;Baixo
T000600;2026-03-24 14:38:00;Nordeste;Site;Casa e Cozinha;Balança Digital Cozinha;1;89.13;Crédito;Baixo
T000601;2026-03-08 07:01:00;Sul;Aplicativo;Games;Volante Racing;5;6873.77;Débito;Baixo
T000602;2026-03-09 16:03:00;Sudeste;Site;Casa e Cozinha;Panela Elétrica 5L;1;336.58;Crédito;Baixo
T000603;2026-08-08 14:13:00;Sudeste;Aplicativo;Casa e Cozinha;Jogo de Panelas 5 peças;1;447.9;Crédito;Baixo
T000604;2026-02-23 23:43:00;Nordeste;Marketplace;Casa e Cozinha;Aspirador Vertical;2;1057.73;Crédito;Baixo
T000605;2026-06-11 10:38:00;Sul;Site;Áudio e Vídeo;Smart TV 43 4K;2;4504.79;Pix;Baixo
T000606;2026-01-04 22:22:00;Sudeste;Aplicativo;Áudio e Vídeo;Caixa Bluetooth;1;391.34;Crédito;Baixo
T000607;2026-07-17 07:57:00;Sul;Aplicativo;Informática;Mouse Sem Fio;5;638.63;Crédito;Baixo
T000608;2026-05-05 17:34:00;Norte;Aplicativo;Games;Headset 7.1;1;466.29;Pix;Baixo
T000609;2026-06-02 02:38:00;Sul;Site;Escritório;Mesa Escritório 120cm;1;656.02;Crédito;Baixo
T000610;2026-02-10 21:59:00;Norte;Site;Games;Volante Racing;4;5423.36;Débito;Baixo
T000611;2026-05-20 00:26:00;Sudeste;Site;Informática;Mouse Sem Fio;1;124.52;Crédito;Baixo
T000612;2026-03-03 13:58:00;Norte;Aplicativo;Games;Console PlaySphere 5;1;4196.45;Crédito;Baixo
T000613;2026-06-18 14:31:00;Sudeste;Loja física;Casa e Cozinha;Jogo de Panelas 5 peças;2;822.02;Débito;Baixo
T000614;2026-06-26 02:29:00;Centro-Oeste;Loja física;Games;Jogo Aventura Lendária;1;347.65;Pix;Baixo
T000615;2026-02-17 07:22:00;Sudeste;Site;Informática;Monitor 24 IPS;1;940.67;Boleto;Baixo
T000616;2026-04-21 10:32:00;Sul;Aplicativo;Games;Jogo Corrida Pro;2;590.19;Pix;Baixo
T000617;2026-08-23 16:49:00;Sul;Site;Informática;Notebook 14 Air;1;2880.47;Pix;Baixo
T000618;2026-06-12 01:58:00;Sudeste;Site;Celulares;Smartphone Orion 128GB;1;1652.9;Crédito;Baixo
T000619;2026-08-15 04:44:00;Nordeste;Site;Informática;Hub USB-C 8 em 1;1;277.68;Pix;Baixo
T000620;2026-05-09 04:57:00;Sul;Marketplace;Casa e Cozinha;Air Fryer 5L;3;1468.39;Pix;Baixo
T000621;2026-07-24 15:13:00;Sul;Site;Informática;SSD SATA 480GB;3;720.87;Crédito;Baixo
T000622;2026-07-16 23:09:00;Sudeste;Site;Games;Controle Sem Fio;2;813.12;Pix;Baixo
T000623;2026-06-02 16:11:00;Sudeste;Site;Casa e Cozinha;Kit Potes Herméticos;1;118.66;Débito;Baixo
T000624;2026-08-25 17:25:00;Sudeste;Aplicativo;Áudio e Vídeo;Projetor Full HD;2;3493.14;Crédito;Baixo
T000625;2026-06-27 20:45:00;Sudeste;Loja física;Áudio e Vídeo;Soundbar 2.1;2;1473.3;Crédito;Baixo
T000626;2026-06-03 04:13:00;Centro-Oeste;Aplicativo;Informática;Monitor 24 IPS;1;865.57;Boleto;Baixo
T000627;2026-02-24 23:28:00;Sul;Site;Celulares;Smartphone Orion 128GB;1;1792.91;Crédito;Baixo
T000628;2026-08-10 22:27:00;Centro-Oeste;Aplicativo;Áudio e Vídeo;Microfone USB;2;706.56;Crédito;Baixo
T000629;2026-04-11 12:05:00;Nordeste;Site;Celulares;Fone Bluetooth;2;474.33;Débito;Baixo
T000630;2026-04-10 07:33:00;Sudeste;Marketplace;Escritório;Impressora Multifuncional;3;2804.91;Pix;Baixo
T000631;2026-04-05 22:08:00;Sul;Marketplace;Celulares;Capa Antichoque;3;214.6;Pix;Baixo
T000632;2026-07-12 10:48:00;Nordeste;Site;Games;Console NovaBox X;1;3400.47;Crédito;Baixo
T000633;2026-01-10 12:16:00;Nordeste;Site;Casa e Cozinha;Aspirador Vertical;5;2848.82;Pix;Baixo
T000634;2026-07-15 20:28:00;Sudeste;Marketplace;Casa e Cozinha;Air Fryer 5L;1;495.04;Pix;Baixo
T000635;2026-01-12 23:23:00;Sudeste;Marketplace;Escritório;Impressora Multifuncional;2;1846.78;Débito;Baixo
T000636;2026-03-03 07:18:00;Sudeste;Site;Áudio e Vídeo;Headset Gamer;3;755.34;Crédito;Baixo
T000637;2026-03-19 01:39:00;Centro-Oeste;Site;Escritório;Mesa Escritório 120cm;5;2904.69;Pix;Baixo
T000638;2026-01-22 22:35:00;Sudeste;Site;Áudio e Vídeo;Smart TV 43 4K;1;2270.04;Crédito;Baixo
T000639;2026-02-16 01:32:00;Sudeste;Aplicativo;Games;Controle Sem Fio;1;374.15;Débito;Baixo
T000640;2026-04-01 21:48:00;Sudeste;Marketplace;Casa e Cozinha;Kit Potes Herméticos;1;121.15;Débito;Baixo
T000641;2026-07-17 05:36:00;Sudeste;Site;Informática;Notebook 15 Pro;1;4009.78;Crédito;Baixo
T000642;2026-05-14 19:01:00;Sul;Site;Casa e Cozinha;Panela Elétrica 5L;4;1352.99;Crédito;Baixo
T000643;2026-02-11 18:38:00;Nordeste;Loja física;Celulares;Carregador USB-C 30W;2;245.16;Crédito;Baixo
T000644;2026-08-25 10:31:00;Sudeste;Aplicativo;Escritório;Organizador de Mesa;1;62.06;Crédito;Baixo
T000645;2026-02-08 12:01:00;Sudeste;Aplicativo;Áudio e Vídeo;Smart TV 43 4K;1;2265.96;Pix;Baixo
T000646;2026-01-23 10:52:00;Nordeste;Site;Escritório;Organizador de Mesa;1;69.51;Pix;Baixo
T000647;2026-05-04 07:48:00;Nordeste;Aplicativo;Áudio e Vídeo;Smart TV 55 4K;1;2863.72;Débito;Baixo
T000648;2026-03-25 05:25:00;Nordeste;Loja física;Informática;Webcam Full HD;3;612.07;Crédito;Baixo
T000649;2026-02-24 01:52:00;Norte;Site;Casa e Cozinha;Sanduicheira Grill;2;311.91;Boleto;Baixo
T000650;2026-08-28 02:59:00;Sul;Site;Games;Controle Sem Fio;1;413.68;Crédito;Baixo
T000651;2026-04-18 22:21:00;Sudeste;Marketplace;Áudio e Vídeo;Suporte TV Articulado;1;174.55;Crédito;Baixo
T000652;2026-02-16 08:15:00;Sul;Site;Áudio e Vídeo;Headset Gamer;2;557.66;Pix;Baixo
T000653;2026-04-26 05:13:00;Centro-Oeste;Loja física;Escritório;Cadeira Ergonômica;1;1167.67;Crédito;Baixo
T000654;2026-04-01 08:47:00;Sul;Aplicativo;Escritório;Papel A4 500 folhas;1;36.55;Débito;Baixo
T000655;2026-01-01 17:40:00;Centro-Oeste;Marketplace;Informática;Hub USB-C 8 em 1;1;257.04;Crédito;Baixo
T000656;2026-07-03 06:55:00;Sudeste;Site;Informática;Notebook 15 Pro;1;3631.03;Pix;Baixo
T000657;2026-04-08 11:37:00;Nordeste;Loja física;Games;Cadeira Gamer;1;989.51;Débito;Baixo
T000658;2026-06-25 23:46:00;Sul;Loja física;Casa e Cozinha;Kit Potes Herméticos;2;273.95;Crédito;Baixo
T000659;2026-01-02 21:37:00;Sul;Marketplace;Áudio e Vídeo;Suporte TV Articulado;2;290.82;Pix;Baixo
T000660;2026-03-20 11:02:00;Nordeste;Aplicativo;Celulares;Película 3D;2;68.33;Crédito;Baixo
T000661;2026-06-26 02:59:00;Sul;Aplicativo;Informática;Mouse Sem Fio;3;333.49;Crédito;Baixo
T000662;2026-03-29 13:09:00;Sudeste;Aplicativo;Informática;Mochila para Notebook;3;528.52;Crédito;Baixo
T000663;2026-01-25 05:39:00;Centro-Oeste;Site;Games;Volante Racing;1;1227.81;Boleto;Baixo
T000664;2026-06-03 06:09:00;Sudeste;Aplicativo;Escritório;Suporte para Notebook;2;203.98;Crédito;Baixo
T000665;2026-07-14 06:17:00;Sudeste;Aplicativo;Celulares;Smartphone Vega Max 256GB;2;5022.49;Débito;Baixo
T000666;2026-08-13 14:29:00;Sul;Aplicativo;Informática;Webcam Full HD;2;480.96;Crédito;Baixo
T000667;2026-06-21 14:26:00;Norte;Marketplace;Informática;Mouse Sem Fio;1;120.52;Crédito;Baixo
T000668;2026-08-18 10:07:00;Centro-Oeste;Aplicativo;Celulares;Fone Bluetooth;2;519.16;Pix;Baixo
T000669;2026-04-12 23:03:00;Sul;Site;Escritório;Luminária LED;1;145.56;Pix;Baixo
T000670;2026-05-21 23:32:00;Sudeste;Loja física;Informática;Notebook 14 Air;2;5916.78;Débito;Baixo
T000671;2026-02-16 20:59:00;Sudeste;Aplicativo;Casa e Cozinha;Panela Elétrica 5L;1;373.14;Crédito;Baixo
T000672;2026-07-12 19:51:00;Norte;Aplicativo;Informática;Mouse Sem Fio;1;112.22;Pix;Baixo
T000673;2026-01-26 10:31:00;Sudeste;Loja física;Escritório;Papel A4 500 folhas;1;33.64;Pix;Baixo
T000674;2026-06-29 12:01:00;Sul;Aplicativo;Casa e Cozinha;Kit Potes Herméticos;2;231.12;Pix;Baixo
T000675;2026-01-15 20:47:00;Sul;Aplicativo;Games;Headset 7.1;1;441.8;Boleto;Baixo
T000676;2026-06-12 13:09:00;Nordeste;Site;Games;Console PlaySphere 5;6;24188.15;Pix;Médio
T000677;2026-01-31 04:09:00;Sul;Site;Celulares;Smartphone Orion Pro 256GB;4;11594.72;Crédito;Médio
T000678;2026-04-04 01:33:00;Nordeste;Aplicativo;Casa e Cozinha;Cafeteira Programável;1;289.84;Pix;Baixo
T000679;2026-08-14 20:32:00;Sudeste;Aplicativo;Casa e Cozinha;Balança Digital Cozinha;2;174.24;Pix;Baixo
T000680;2026-04-26 09:39:00;Nordeste;Site;Games;Jogo Corrida Pro;2;546.21;Débito;Baixo
T000681;2026-02-18 01:08:00;Sudeste;Site;Casa e Cozinha;Balança Digital Cozinha;4;326.91;Crédito;Baixo
T000682;2026-07-15 05:26:00;Sudeste;Site;Escritório;Cadeira Ergonômica;1;1116.39;Crédito;Baixo
T000683;2026-08-06 18:43:00;Sudeste;Aplicativo;Informática;Notebook 14 Air;2;6327.75;Crédito;Baixo
T000684;2026-04-13 18:35:00;Sudeste;Aplicativo;Games;Jogo Corrida Pro;2;510.43;Boleto;Baixo
T000685;2026-07-10 11:56:00;Centro-Oeste;Loja física;Informática;Mouse Sem Fio;1;125.72;Crédito;Baixo
T000686;2026-01-06 01:38:00;Sul;Site;Escritório;Mesa Escritório 120cm;4;2458.49;Pix;Baixo
T000687;2026-06-15 21:34:00;Sudeste;Site;Escritório;Suporte para Notebook;2;199.03;Débito;Baixo
T000688;2026-05-23 18:09:00;Sul;Site;Informática;Monitor 27 QHD;4;6262.53;Crédito;Baixo
T000689;2026-01-07 02:06:00;Centro-Oeste;Marketplace;Informática;Monitor 24 IPS;3;2513.38;Boleto;Médio
T000690;2026-03-08 19:35:00;Sudeste;Loja física;Informática;Monitor 24 IPS;1;914.07;Pix;Baixo
T000691;2026-08-05 02:51:00;Sul;Loja física;Áudio e Vídeo;Smart TV 55 4K;1;2889.58;Crédito;Baixo
T000692;2026-03-04 04:26:00;Sudeste;Marketplace;Informática;Notebook 14 Air;1;2890.62;Débito;Baixo
T000693;2026-05-17 08:41:00;Nordeste;Site;Casa e Cozinha;Liquidificador 1200W;3;779.52;Débito;Baixo
T000694;2026-05-22 16:05:00;Centro-Oeste;Loja física;Casa e Cozinha;Panela Elétrica 5L;4;1327.02;Débito;Baixo
T000695;2026-04-16 03:06:00;Nordeste;Aplicativo;Games;Console NovaBox X;1;3748.92;Pix;Baixo
T000696;2026-05-12 20:53:00;Sul;Site;Áudio e Vídeo;Headset Gamer;1;297.88;Pix;Baixo
T000697;2026-03-29 01:13:00;Nordeste;Loja física;Celulares;Smartphone Vega 128GB;1;1546.78;Pix;Baixo
T000698;2026-08-23 18:31:00;Sudeste;Site;Casa e Cozinha;Balança Digital Cozinha;6;506.52;Crédito;Baixo
T000699;2026-01-05 22:56:00;Sudeste;Marketplace;Informática;SSD SATA 480GB;2;532.57;Crédito;Baixo
T000700;2026-04-28 23:21:00;Sudeste;Marketplace;Áudio e Vídeo;Microfone USB;2;697.04;Pix;Baixo
T000701;2026-05-31 13:49:00;Norte;Site;Games;Controle Sem Fio;1;360.64;Débito;Baixo
T000702;2026-05-01 17:16:00;Sudeste;Loja física;Áudio e Vídeo;Smart TV 43 4K;1;2251.52;Pix;Baixo
T000703;2026-08-04 01:57:00;Centro-Oeste;Loja física;Informática;SSD SATA 480GB;2;536.53;Pix;Baixo
T000704;2026-08-20 07:31:00;Sudeste;Marketplace;Celulares;Smartphone Orion Pro 256GB;2;5202.66;Boleto;Alto
T000705;2026-05-23 15:26:00;Norte;Site;Games;Console PlaySphere 5;1;4433.85;Crédito;Baixo
T000706;2026-07-22 17:45:00;Sudeste;Marketplace;Escritório;Papel A4 500 folhas;1;31.42;Pix;Baixo
T000707;2026-06-13 09:26:00;Sudeste;Aplicativo;Celulares;Smartphone Orion Pro 256GB;2;6096.97;Crédito;Baixo
T000708;2026-08-30 00:16:00;Norte;Marketplace;Celulares;Película 3D;1;35.67;Crédito;Baixo
T000709;2026-04-09 18:18:00;Nordeste;Aplicativo;Informática;Memória DDR4 16GB;1;306.82;Débito;Baixo
T000710;2026-07-20 02:05:00;Sudeste;Aplicativo;Escritório;Luminária LED;1;139.14;Crédito;Baixo
T000711;2026-05-02 16:07:00;Nordeste;Aplicativo;Informática;Hub USB-C 8 em 1;1;286.27;Crédito;Baixo
T000712;2026-07-02 05:05:00;Nordeste;Aplicativo;Informática;Hub USB-C 8 em 1;2;559.5;Pix;Baixo
T000713;2026-08-08 18:59:00;Centro-Oeste;Aplicativo;Áudio e Vídeo;Microfone USB;1;366.13;Crédito;Baixo
T000714;2026-07-30 18:14:00;Centro-Oeste;Aplicativo;Áudio e Vídeo;Projetor Full HD;3;5584.93;Pix;Baixo
T000715;2026-05-29 02:21:00;Centro-Oeste;Site;Games;Cadeira Gamer;3;2953.16;Crédito;Baixo
T000716;2026-04-04 08:34:00;Sul;Loja física;Games;Jogo Corrida Pro;1;301.13;Crédito;Baixo
T000717;2026-07-01 23:38:00;Nordeste;Aplicativo;Casa e Cozinha;Kit Potes Herméticos;1;129.18;Crédito;Baixo
T000718;2026-05-27 21:17:00;Sul;Site;Escritório;Impressora Multifuncional;6;5130.31;Débito;Baixo
T000719;2026-03-08 14:04:00;Nordeste;Aplicativo;Informática;Teclado Mecânico;2;657.06;Débito;Baixo
T000720;2026-05-16 05:48:00;Sudeste;Loja física;Celulares;Smartphone Vega 128GB;1;1575.49;Crédito;Baixo
T000721;2026-05-05 19:34:00;Sudeste;Marketplace;Celulares;Fone Bluetooth;1;228.79;Crédito;Baixo
T000722;2026-06-26 20:34:00;Centro-Oeste;Loja física;Escritório;Organizador de Mesa;1;73.11;Pix;Baixo
T000723;2026-01-23 08:37:00;Nordeste;Site;Escritório;Papel A4 500 folhas;1;34.66;Crédito;Baixo
T000724;2026-01-17 14:47:00;Sudeste;Aplicativo;Áudio e Vídeo;Suporte TV Articulado;1;165.31;Débito;Baixo
T000725;2026-03-19 22:44:00;Centro-Oeste;Marketplace;Games;Console NovaBox X;1;4204.25;Débito;Médio
T000726;2026-05-22 23:50:00;Sudeste;Loja física;Escritório;Fragmentadora 10 folhas;2;1433.83;Crédito;Baixo
T000727;2026-08-01 02:34:00;Nordeste;Aplicativo;Escritório;Organizador de Mesa;1;65.39;Crédito;Baixo
T000728;2026-05-14 12:14:00;Sudeste;Site;Celulares;Capa Antichoque;4;242.57;Pix;Baixo
T000729;2026-05-13 12:51:00;Norte;Site;Áudio e Vídeo;Soundbar 2.1;1;702.73;Pix;Baixo
T000730;2026-07-25 09:02:00;Sul;Marketplace;Informática;Webcam Full HD;4;875.63;Crédito;Baixo
T000731;2026-07-14 01:35:00;Sudeste;Loja física;Escritório;Mesa Escritório 120cm;1;659.92;Crédito;Baixo
T000732;2026-06-22 19:41:00;Sudeste;Loja física;Informática;Notebook 14 Air;1;2855.94;Débito;Baixo
T000733;2026-08-29 13:48:00;Sul;Site;Informática;Mochila para Notebook;2;345.21;Pix;Baixo
T000734;2026-08-30 06:27:00;Centro-Oeste;Loja física;Celulares;Smartphone Vega Max 256GB;2;5050.87;Crédito;Baixo
T000735;2026-02-23 21:32:00;Sudeste;Loja física;Áudio e Vídeo;Soundbar 2.1;4;2855.06;Crédito;Baixo
T000736;2026-08-21 22:25:00;Sul;Loja física;Casa e Cozinha;Air Fryer 5L;2;899.4;Boleto;Baixo
T000737;2026-03-17 07:27:00;Sul;Site;Casa e Cozinha;Panela Elétrica 5L;1;406.15;Pix;Baixo
T000738;2026-08-09 01:26:00;Sudeste;Aplicativo;Informática;Webcam Full HD;2;452.18;Crédito;Baixo
T000739;2026-06-13 03:21:00;Nordeste;Loja física;Escritório;Organizador de Mesa;1;65.12;Crédito;Baixo
T000740;2026-07-26 10:14:00;Centro-Oeste;Loja física;Áudio e Vídeo;Caixa Bluetooth;1;422.32;Crédito;Baixo
T000741;2026-01-13 19:29:00;Centro-Oeste;Aplicativo;Escritório;Cadeira Ergonômica;1;1095.9;Pix;Baixo
T000742;2026-03-08 12:10:00;Centro-Oeste;Aplicativo;Casa e Cozinha;Sanduicheira Grill;1;172.74;Pix;Baixo
T000743;2026-04-01 00:45:00;Centro-Oeste;Site;Escritório;Impressora Multifuncional;3;2655.1;Crédito;Baixo
T000744;2026-02-22 02:18:00;Sudeste;Aplicativo;Escritório;Cadeira Ergonômica;2;2264.52;Crédito;Baixo
T000745;2026-02-09 06:33:00;Nordeste;Site;Áudio e Vídeo;Soundbar 2.1;2;1654.54;Crédito;Baixo
T000746;2026-08-09 05:59:00;Sul;Site;Escritório;Fragmentadora 10 folhas;3;2179.86;Crédito;Baixo
T000747;2026-07-09 12:05:00;Nordeste;Aplicativo;Celulares;Smartphone Orion Pro 256GB;2;5688.38;Pix;Baixo
T000748;2026-01-14 04:13:00;Sudeste;Loja física;Áudio e Vídeo;Microfone USB;1;323.93;Pix;Baixo
T000749;2026-01-31 11:03:00;Sudeste;Loja física;Celulares;Fone Bluetooth;1;231.79;Crédito;Baixo
T000750;2026-03-08 16:47:00;Sudeste;Aplicativo;Informática;Mouse Sem Fio;1;133.55;Crédito;Baixo
T000751;2026-08-05 20:01:00;Sudeste;Site;Celulares;Power Bank 20000mAh;2;398.56;Pix;Baixo
T000752;2026-06-04 01:21:00;Sudeste;Aplicativo;Games;Cadeira Gamer;2;1977.24;Pix;Baixo
T000753;2026-06-02 14:19:00;Sul;Aplicativo;Casa e Cozinha;Liquidificador 1200W;1;238.81;Pix;Baixo
T000754;2026-08-07 15:54:00;Sudeste;Site;Escritório;Luminária LED;1;143.53;Boleto;Baixo
T000755;2026-07-03 20:45:00;Sudeste;Site;Informática;Mochila para Notebook;3;487.9;Pix;Baixo
T000756;2026-01-05 10:31:00;Sudeste;Site;Escritório;Fragmentadora 10 folhas;1;719.85;Boleto;Baixo
T000757;2026-01-15 05:56:00;Norte;Site;Celulares;Smartphone Orion Pro 256GB;1;2926.63;Débito;Baixo
T000758;2026-05-08 13:47:00;Nordeste;Site;Casa e Cozinha;Jogo de Panelas 5 peças;2;765.25;Pix;Baixo
T000759;2026-08-29 17:59:00;Norte;Marketplace;Informática;Hub USB-C 8 em 1;1;270.7;Crédito;Baixo
T000760;2026-03-18 17:52:00;Nordeste;Site;Casa e Cozinha;Sanduicheira Grill;4;716.85;Crédito;Baixo
T000761;2026-04-12 14:30:00;Sudeste;Aplicativo;Informática;SSD NVMe 1TB;5;2315.78;Boleto;Baixo
T000762;2026-06-22 17:13:00;Centro-Oeste;Loja física;Escritório;Suporte para Notebook;3;288.64;Crédito;Baixo
T000763;2026-07-26 11:27:00;Sudeste;Aplicativo;Casa e Cozinha;Panela Elétrica 5L;1;342.27;Crédito;Baixo
T000764;2026-08-08 10:20:00;Sul;Marketplace;Áudio e Vídeo;Smart TV 43 4K;2;4047.21;Débito;Médio
T000765;2026-02-10 18:16:00;Nordeste;Aplicativo;Áudio e Vídeo;Caixa Bluetooth;2;836.59;Crédito;Baixo
T000766;2026-07-12 01:19:00;Sudeste;Site;Informática;Webcam Full HD;2;413.42;Pix;Baixo
T000767;2026-02-24 18:14:00;Sul;Site;Games;Jogo Aventura Lendária;2;631.61;Pix;Baixo
T000768;2026-05-14 15:06:00;Nordeste;Loja física;Games;Headset 7.1;2;854.7;Débito;Baixo
T000769;2026-05-04 04:03:00;Sudeste;Marketplace;Games;Console PlaySphere 5;4;17731.69;Crédito;Alto
T000770;2026-07-30 20:08:00;Sudeste;Site;Casa e Cozinha;Cafeteira Programável;5;1687.98;Crédito;Baixo
T000771;2026-05-12 05:55:00;Nordeste;Site;Informática;SSD NVMe 1TB;1;493.49;Pix;Baixo
T000772;2026-04-17 22:16:00;Sudeste;Site;Celulares;Smartphone Vega 128GB;2;2859.77;Débito;Baixo
T000773;2026-08-14 10:29:00;Nordeste;Site;Áudio e Vídeo;Soundbar 2.1;1;758.72;Crédito;Baixo
T000774;2026-06-21 01:04:00;Centro-Oeste;Aplicativo;Escritório;Impressora Multifuncional;2;1576.45;Crédito;Baixo
T000775;2026-03-08 18:31:00;Centro-Oeste;Loja física;Informática;Notebook 14 Air;2;5835.29;Pix;Baixo
T000776;2026-06-13 19:53:00;Sul;Marketplace;Casa e Cozinha;Kit Potes Herméticos;1;135.97;Pix;Baixo
T000777;2026-05-16 05:28:00;Sul;Loja física;Games;Console NovaBox X;2;8172.62;Crédito;Médio
T000778;2026-07-03 09:54:00;Norte;Loja física;Escritório;Papel A4 500 folhas;4;134.45;Boleto;Baixo
T000779;2026-08-07 07:30:00;Sudeste;Loja física;Games;Jogo Aventura Lendária;2;601.07;Pix;Baixo
T000780;2026-06-27 05:05:00;Sudeste;Loja física;Áudio e Vídeo;Soundbar 2.1;3;2352.18;Pix;Baixo
T000781;2026-02-18 14:49:00;Sudeste;Site;Informática;Mochila para Notebook;1;176.35;Crédito;Baixo
T000782;2026-01-03 08:54:00;Sudeste;Loja física;Informática;SSD SATA 480GB;1;271.19;Crédito;Baixo
T000783;2026-04-16 15:29:00;Sudeste;Site;Áudio e Vídeo;Smart TV 55 4K;1;2770.43;Pix;Baixo
T000784;2026-01-15 22:53:00;Sudeste;Loja física;Celulares;Fone Bluetooth;1;219.79;Débito;Baixo
T000785;2026-01-31 08:38:00;Sul;Loja física;Áudio e Vídeo;Smart TV 43 4K;1;2182.68;Pix;Baixo
T000786;2026-03-29 21:59:00;Sul;Aplicativo;Informática;Monitor 24 IPS;1;837.81;Pix;Baixo
T000787;2026-02-28 14:52:00;Sudeste;Site;Informática;Mochila para Notebook;2;352.29;Crédito;Baixo
T000788;2026-02-26 03:17:00;Sudeste;Aplicativo;Games;Console NovaBox X;2;7696.15;Pix;Médio
T000789;2026-06-12 19:12:00;Sul;Loja física;Informática;SSD SATA 480GB;4;1104.25;Pix;Baixo
T000790;2026-06-02 04:55:00;Nordeste;Aplicativo;Casa e Cozinha;Jogo de Panelas 5 peças;3;1201.47;Crédito;Baixo
T000791;2026-05-23 18:32:00;Sudeste;Site;Casa e Cozinha;Liquidificador 1200W;1;281.04;Crédito;Baixo
T000792;2026-06-23 00:40:00;Sudeste;Aplicativo;Escritório;Impressora Multifuncional;1;868.31;Crédito;Baixo
T000793;2026-01-26 07:34:00;Sul;Loja física;Celulares;Power Bank 20000mAh;1;219.08;Crédito;Baixo
T000794;2026-05-01 10:22:00;Centro-Oeste;Site;Games;Console PlaySphere 5;1;4382.14;Crédito;Baixo
T000795;2026-06-17 06:37:00;Sudeste;Marketplace;Casa e Cozinha;Air Fryer 5L;3;1500.79;Pix;Baixo
T000796;2026-08-19 22:11:00;Sudeste;Site;Games;Jogo Aventura Lendária;1;361.33;Pix;Baixo
T000797;2026-07-03 02:08:00;Sul;Aplicativo;Games;Console PlaySphere 5;1;3791.03;Pix;Baixo
T000798;2026-06-22 00:00:00;Sul;Site;Celulares;Carregador USB-C 30W;1;110.11;Débito;Baixo
T000799;2026-07-25 20:37:00;Sul;Site;Celulares;Smartphone Orion 128GB;1;1572.14;Débito;Baixo
T000800;2026-01-24 19:40:00;Sudeste;Marketplace;Informática;Notebook 14 Air;3;9154.79;Pix;Alto
T000801;2026-02-01 17:35:00;Centro-Oeste;Site;Casa e Cozinha;Air Fryer 5L;1;526.2;Crédito;Baixo
T000802;2026-03-27 09:50:00;Sul;Aplicativo;Games;Console PlaySphere 5;1;4410.59;Crédito;Baixo
T000803;2026-08-09 09:09:00;Sudeste;Aplicativo;Celulares;Power Bank 20000mAh;1;209.68;Débito;Baixo
T000804;2026-07-06 16:30:00;Norte;Loja física;Informática;Hub USB-C 8 em 1;1;268.35;Débito;Baixo
T000805;2026-06-25 11:53:00;Nordeste;Site;Escritório;Fragmentadora 10 folhas;1;720.13;Crédito;Baixo
T000806;2026-07-30 19:37:00;Sul;Aplicativo;Games;Cadeira Gamer;1;1022.43;Crédito;Baixo
T000807;2026-05-12 16:42:00;Sudeste;Loja física;Informática;Mouse Sem Fio;3;339.69;Débito;Baixo
T000808;2026-05-22 02:20:00;Sudeste;Aplicativo;Áudio e Vídeo;Caixa Bluetooth;2;724.06;Pix;Baixo
T000809;2026-03-31 02:52:00;Nordeste;Loja física;Informática;Memória DDR4 16GB;1;265.63;Débito;Baixo
T000810;2026-03-18 18:25:00;Sudeste;Site;Escritório;Suporte para Notebook;4;439.17;Débito;Baixo
T000811;2026-06-17 09:40:00;Centro-Oeste;Marketplace;Informática;Teclado Mecânico;1;342.84;Crédito;Baixo
T000812;2026-03-24 00:38:00;Sul;Marketplace;Informática;Webcam Full HD;3;704.39;Pix;Baixo
T000813;2026-01-13 08:23:00;Sul;Aplicativo;Áudio e Vídeo;Soundbar 2.1;1;738.35;Débito;Baixo
T000814;2026-04-04 15:50:00;Sul;Loja física;Games;Jogo Aventura Lendária;2;638.58;Débito;Baixo
T000815;2026-05-01 19:30:00;Sul;Marketplace;Casa e Cozinha;Sanduicheira Grill;2;340.89;Crédito;Baixo
T000816;2026-05-21 05:42:00;Nordeste;Site;Áudio e Vídeo;Smart TV 43 4K;1;2117.2;Pix;Baixo
T000817;2026-02-16 01:10:00;Sul;Site;Casa e Cozinha;Sanduicheira Grill;6;1027.59;Débito;Baixo
T000818;2026-04-08 12:33:00;Nordeste;Site;Casa e Cozinha;Air Fryer 5L;2;971.9;Crédito;Baixo
T000819;2026-04-08 17:13:00;Sul;Marketplace;Informática;Notebook 14 Air;2;5985.02;Pix;Médio
T000820;2026-06-10 23:35:00;Nordeste;Site;Celulares;Power Bank 20000mAh;1;232.89;Pix;Baixo
T000821;2026-08-21 16:31:00;Sul;Site;Informática;Notebook 14 Air;1;3292.97;Crédito;Baixo
T000822;2026-02-16 05:07:00;Sudeste;Site;Escritório;Fragmentadora 10 folhas;2;1392.05;Débito;Baixo
T000823;2026-08-11 08:02:00;Sudeste;Site;Informática;Monitor 27 QHD;2;3388.98;Pix;Baixo
T000824;2026-03-02 16:52:00;Sudeste;Aplicativo;Informática;Mouse Sem Fio;2;225.6;Pix;Baixo
T000825;2026-04-02 08:07:00;Centro-Oeste;Site;Celulares;Smartphone Vega Max 256GB;3;7212.3;Débito;Médio
T000826;2026-06-16 13:50:00;Sudeste;Aplicativo;Informática;Mouse Sem Fio;2;267.29;Crédito;Baixo
T000827;2026-05-14 15:14:00;Nordeste;Aplicativo;Casa e Cozinha;Cafeteira Programável;1;338.76;Crédito;Baixo
T000828;2026-07-07 23:58:00;Norte;Site;Áudio e Vídeo;Smart TV 55 4K;1;3075.87;Crédito;Baixo
T000829;2026-02-20 09:53:00;Sudeste;Loja física;Games;Controle Sem Fio;1;354.0;Crédito;Baixo
T000830;2026-06-10 10:36:00;Centro-Oeste;Site;Celulares;Power Bank 20000mAh;1;211.13;Débito;Baixo
T000831;2026-01-10 16:17:00;Nordeste;Aplicativo;Informática;Mouse Sem Fio;2;260.0;Crédito;Baixo
T000832;2026-06-23 02:29:00;Sudeste;Loja física;Escritório;Papel A4 500 folhas;4;134.75;Crédito;Baixo
T000833;2026-07-02 00:12:00;Nordeste;Aplicativo;Informática;Teclado Mecânico;1;318.31;Crédito;Baixo
T000834;2026-01-18 16:19:00;Sudeste;Loja física;Casa e Cozinha;Aspirador Vertical;2;960.47;Pix;Baixo
T000835;2026-07-07 00:56:00;Sudeste;Site;Escritório;Cadeira Ergonômica;1;1240.97;Crédito;Baixo
T000836;2026-04-25 10:01:00;Sudeste;Aplicativo;Áudio e Vídeo;Smart TV 55 4K;1;2862.63;Crédito;Baixo
T000837;2026-07-27 20:43:00;Nordeste;Aplicativo;Escritório;Cadeira Ergonômica;4;4480.54;Débito;Baixo
T000838;2026-08-28 20:03:00;Sul;Marketplace;Celulares;Capa Antichoque;2;147.88;Crédito;Baixo
T000839;2026-03-21 01:33:00;Nordeste;Aplicativo;Informática;Monitor 24 IPS;2;1896.52;Débito;Baixo
T000840;2026-01-15 19:39:00;Sul;Aplicativo;Celulares;Power Bank 20000mAh;4;886.51;Crédito;Baixo
T000841;2026-04-14 09:07:00;Centro-Oeste;Loja física;Áudio e Vídeo;Smart TV 55 4K;6;17948.07;Crédito;Médio
T000842;2026-02-03 19:04:00;Sudeste;Site;Informática;Monitor 24 IPS;1;934.27;Crédito;Baixo
T000843;2026-04-19 04:45:00;Nordeste;Aplicativo;Celulares;Smartphone Vega Max 256GB;3;6409.11;Débito;Baixo
T000844;2026-02-18 02:30:00;Nordeste;Loja física;Informática;SSD SATA 480GB;5;1154.24;Crédito;Baixo
T000845;2026-08-01 02:26:00;Sul;Aplicativo;Casa e Cozinha;Panela Elétrica 5L;1;363.73;Pix;Baixo
T000846;2026-03-04 14:00:00;Sul;Aplicativo;Games;Volante Racing;1;1225.99;Débito;Baixo
T000847;2026-06-05 15:17:00;Sudeste;Loja física;Games;Controle Sem Fio;1;415.4;Pix;Baixo
T000848;2026-02-12 18:24:00;Sudeste;Marketplace;Casa e Cozinha;Kit Potes Herméticos;4;517.0;Pix;Baixo
T000849;2026-07-12 18:14:00;Sul;Loja física;Escritório;Impressora Multifuncional;4;3717.08;Crédito;Baixo
T000850;2026-07-27 08:15:00;Sudeste;Marketplace;Games;Jogo Corrida Pro;1;271.17;Crédito;Baixo
T000851;2026-08-10 14:39:00;Centro-Oeste;Loja física;Informática;Teclado Mecânico;1;342.71;Pix;Baixo
T000852;2026-04-29 19:49:00;Sudeste;Marketplace;Escritório;Impressora Multifuncional;3;2724.5;Crédito;Baixo
T000853;2026-05-20 04:27:00;Nordeste;Site;Áudio e Vídeo;Smart TV 55 4K;1;3385.29;Pix;Baixo
T000854;2026-06-18 19:55:00;Sul;Loja física;Informática;Monitor 27 QHD;4;5491.75;Débito;Baixo
T000855;2026-05-14 20:56:00;Nordeste;Marketplace;Escritório;Luminária LED;1;132.52;Crédito;Baixo
T000856;2026-06-23 03:11:00;Norte;Aplicativo;Celulares;Smartphone Vega 128GB;2;3145.52;Crédito;Baixo
T000857;2026-07-09 16:39:00;Sul;Site;Casa e Cozinha;Panela Elétrica 5L;1;376.88;Pix;Baixo
T000858;2026-08-01 11:39:00;Sudeste;Aplicativo;Áudio e Vídeo;Soundbar 2.1;1;716.23;Crédito;Baixo
T000859;2026-08-03 09:36:00;Sudeste;Aplicativo;Informática;Notebook 15 Pro;3;11177.49;Crédito;Médio
T000860;2026-08-04 03:40:00;Sul;Aplicativo;Escritório;Impressora Multifuncional;2;1825.5;Crédito;Baixo
T000861;2026-05-08 07:04:00;Centro-Oeste;Site;Games;Headset 7.1;2;859.89;Pix;Baixo
T000862;2026-05-06 22:53:00;Centro-Oeste;Loja física;Games;Console NovaBox X;1;3590.28;Crédito;Baixo
T000863;2026-03-03 23:10:00;Sul;Site;Celulares;Capa Antichoque;1;69.43;Crédito;Baixo
T000864;2026-07-06 23:51:00;Sudeste;Site;Informática;Hub USB-C 8 em 1;6;1558.51;Pix;Baixo
T000865;2026-07-28 00:58:00;Centro-Oeste;Marketplace;Áudio e Vídeo;Soundbar 2.1;3;2186.18;Crédito;Baixo
T000866;2026-07-15 14:33:00;Sul;Aplicativo;Escritório;Mesa Escritório 120cm;2;1217.62;Crédito;Baixo
T000867;2026-01-06 08:09:00;Sul;Site;Celulares;Capa Antichoque;2;141.78;Pix;Baixo
T000868;2026-08-29 14:30:00;Sudeste;Aplicativo;Informática;Teclado Mecânico;3;926.26;Boleto;Baixo
T000869;2026-07-26 18:56:00;Sudeste;Aplicativo;Celulares;Smartphone Vega 128GB;1;1476.18;Crédito;Baixo
T000870;2026-07-23 19:47:00;Centro-Oeste;Aplicativo;Casa e Cozinha;Panela Elétrica 5L;1;356.02;Débito;Baixo
T000871;2026-08-23 06:08:00;Sudeste;Site;Celulares;Smartphone Orion 128GB;1;1816.07;Boleto;Baixo
T000872;2026-05-03 18:31:00;Nordeste;Marketplace;Celulares;Carregador USB-C 30W;2;240.77;Pix;Baixo
T000873;2026-07-01 09:53:00;Sudeste;Loja física;Games;Volante Racing;2;2723.69;Pix;Baixo
T000874;2026-08-11 17:12:00;Norte;Aplicativo;Games;Jogo Aventura Lendária;1;342.76;Crédito;Baixo
T000875;2026-02-21 03:33:00;Norte;Loja física;Games;Controle Sem Fio;2;778.73;Boleto;Baixo
T000876;2026-02-12 07:57:00;Sudeste;Loja física;Escritório;Impressora Multifuncional;2;1535.76;Crédito;Baixo
T000877;2026-07-04 17:29:00;Sudeste;Aplicativo;Escritório;Suporte para Notebook;6;634.48;Pix;Baixo
T000878;2026-07-12 04:08:00;Centro-Oeste;Loja física;Escritório;Luminária LED;1;143.05;Pix;Baixo
T000879;2026-08-03 23:24:00;Sudeste;Aplicativo;Escritório;Suporte para Notebook;1;96.26;Crédito;Baixo
T000880;2026-07-08 15:24:00;Centro-Oeste;Aplicativo;Escritório;Fragmentadora 10 folhas;2;1427.06;Débito;Baixo
T000881;2026-07-28 14:09:00;Norte;Loja física;Informática;Mochila para Notebook;1;200.02;Crédito;Baixo
T000882;2026-03-02 06:50:00;Sul;Loja física;Escritório;Suporte para Notebook;1;115.2;Débito;Baixo
T000883;2026-03-05 02:34:00;Sudeste;Site;Informática;Monitor 24 IPS;1;860.15;Crédito;Baixo
T000884;2026-08-26 16:37:00;Sudeste;Aplicativo;Áudio e Vídeo;Smart TV 55 4K;1;2971.76;Crédito;Baixo
T000885;2026-07-20 22:49:00;Sul;Aplicativo;Áudio e Vídeo;Smart TV 43 4K;1;1952.53;Crédito;Baixo
T000886;2026-02-01 19:48:00;Sul;Marketplace;Informática;Memória DDR4 16GB;1;286.61;Pix;Baixo
T000887;2026-03-23 09:54:00;Sudeste;Loja física;Áudio e Vídeo;Projetor Full HD;2;3508.1;Crédito;Baixo
T000888;2026-08-21 21:45:00;Norte;Site;Informática;Teclado Mecânico;2;651.63;Crédito;Baixo
T000889;2026-03-29 00:45:00;Sul;Marketplace;Celulares;Power Bank 20000mAh;1;231.24;Pix;Baixo
T000890;2026-07-25 14:34:00;Norte;Site;Informática;Mouse Sem Fio;1;132.52;Pix;Baixo
T000891;2026-07-16 20:14:00;Sudeste;Aplicativo;Áudio e Vídeo;Projetor Full HD;2;3753.64;Crédito;Baixo
T000892;2026-08-13 21:20:00;Sul;Site;Games;Cadeira Gamer;6;5859.33;Pix;Baixo
T000893;2026-06-20 05:21:00;Sul;Site;Informática;SSD NVMe 1TB;2;934.18;Crédito;Baixo
T000894;2026-04-10 01:51:00;Sul;Site;Informática;Monitor 24 IPS;1;892.2;Pix;Baixo
T000895;2026-07-29 15:17:00;Sul;Loja física;Informática;Mochila para Notebook;2;339.57;Crédito;Baixo
T000896;2026-03-02 06:03:00;Centro-Oeste;Site;Games;Jogo Aventura Lendária;4;1452.03;Pix;Baixo
T000897;2026-03-02 21:33:00;Sudeste;Aplicativo;Informática;Mochila para Notebook;1;171.05;Crédito;Baixo
T000898;2026-03-21 09:25:00;Sudeste;Site;Celulares;Capa Antichoque;1;63.43;Crédito;Baixo
T000899;2026-04-15 16:49:00;Sul;Aplicativo;Informática;Webcam Full HD;1;252.92;Débito;Baixo
T000900;2026-04-02 12:32:00;Centro-Oeste;Aplicativo;Celulares;Smartphone Orion Pro 256GB;1;3046.28;Pix;Baixo
T000901;2026-03-26 21:15:00;Norte;Aplicativo;Celulares;Carregador USB-C 30W;4;487.29;Crédito;Baixo
T000902;2026-08-29 21:23:00;Sudeste;Loja física;Escritório;Cadeira Ergonômica;1;1069.89;Pix;Baixo
T000903;2026-05-23 02:59:00;Sudeste;Site;Informática;Notebook 15 Pro;5;18270.13;Crédito;Médio
T000904;2026-02-08 23:03:00;Sudeste;Aplicativo;Casa e Cozinha;Air Fryer 5L;1;486.4;Boleto;Baixo
T000905;2026-02-18 17:35:00;Sudeste;Site;Games;Console NovaBox X;1;3966.16;Crédito;Baixo
T000906;2026-06-29 14:29:00;Centro-Oeste;Site;Informática;SSD NVMe 1TB;1;496.69;Pix;Baixo
T000907;2026-02-05 13:29:00;Sudeste;Aplicativo;Informática;Mouse Sem Fio;2;243.32;Crédito;Baixo
T000908;2026-03-25 03:28:00;Nordeste;Marketplace;Informática;Monitor 24 IPS;2;1669.2;Boleto;Médio
T000909;2026-01-09 11:03:00;Sudeste;Marketplace;Informática;Mouse Sem Fio;1;133.38;Pix;Baixo
T000910;2026-03-14 01:46:00;Sudeste;Site;Escritório;Organizador de Mesa;1;69.42;Crédito;Baixo
T000911;2026-08-28 07:44:00;Sul;Aplicativo;Escritório;Organizador de Mesa;1;66.07;Pix;Baixo
T000912;2026-02-01 13:34:00;Centro-Oeste;Aplicativo;Áudio e Vídeo;Soundbar 2.1;1;750.95;Débito;Baixo
T000913;2026-04-15 23:48:00;Sudeste;Site;Escritório;Luminária LED;2;286.02;Pix;Baixo
T000914;2026-04-27 04:30:00;Sudeste;Loja física;Áudio e Vídeo;Soundbar 2.1;1;803.53;Pix;Baixo
T000915;2026-01-31 08:32:00;Centro-Oeste;Loja física;Celulares;Capa Antichoque;1;60.97;Pix;Baixo
T000916;2026-08-08 11:31:00;Nordeste;Marketplace;Escritório;Suporte para Notebook;6;633.43;Crédito;Baixo
T000917;2026-08-08 09:28:00;Sudeste;Loja física;Games;Jogo Corrida Pro;3;860.42;Pix;Baixo
T000918;2026-03-12 15:51:00;Nordeste;Site;Áudio e Vídeo;Smart TV 43 4K;1;2204.17;Crédito;Baixo
T000919;2026-01-28 03:10:00;Sudeste;Aplicativo;Casa e Cozinha;Kit Potes Herméticos;5;665.94;Crédito;Baixo
T000920;2026-01-08 14:33:00;Sul;Aplicativo;Celulares;Fone Bluetooth;3;690.99;Pix;Baixo
T000921;2026-08-12 15:43:00;Sudeste;Aplicativo;Informática;Mouse Sem Fio;1;110.84;Pix;Baixo
T000922;2026-01-20 11:42:00;Sudeste;Aplicativo;Informática;Notebook 15 Pro;1;4101.73;Débito;Baixo
T000923;2026-03-10 04:30:00;Sudeste;Aplicativo;Casa e Cozinha;Cafeteira Programável;1;328.9;Boleto;Baixo
T000924;2026-01-15 20:34:00;Sudeste;Aplicativo;Casa e Cozinha;Cafeteira Programável;1;274.72;Débito;Baixo
T000925;2026-04-08 10:47:00;Sudeste;Loja física;Informática;Notebook 15 Pro;2;7957.45;Débito;Médio
T000926;2026-04-12 08:03:00;Sul;Site;Informática;Notebook 14 Air;1;2852.92;Pix;Baixo
T000927;2026-02-24 09:58:00;Nordeste;Site;Áudio e Vídeo;Caixa Bluetooth;1;380.94;Pix;Baixo
T000928;2026-03-19 18:20:00;Norte;Loja física;Áudio e Vídeo;Smart TV 43 4K;1;2031.08;Pix;Baixo
T000929;2026-05-30 12:40:00;Sudeste;Marketplace;Casa e Cozinha;Panela Elétrica 5L;5;1792.1;Débito;Baixo
T000930;2026-06-02 08:25:00;Sudeste;Aplicativo;Games;Volante Racing;1;1127.89;Boleto;Baixo
T000931;2026-04-24 10:08:00;Sul;Site;Escritório;Luminária LED;2;288.16;Débito;Baixo
T000932;2026-03-03 13:32:00;Sudeste;Aplicativo;Games;Headset 7.1;1;463.87;Débito;Baixo
T000933;2026-04-18 17:05:00;Sudeste;Site;Games;Controle Sem Fio;1;411.93;Crédito;Baixo
T000934;2026-02-08 18:56:00;Sul;Aplicativo;Informática;SSD NVMe 1TB;1;479.32;Crédito;Baixo
T000935;2026-02-13 19:38:00;Sudeste;Site;Informática;Webcam Full HD;1;244.92;Boleto;Baixo
T000936;2026-08-14 13:57:00;Norte;Site;Áudio e Vídeo;Microfone USB;1;329.73;Pix;Baixo
T000937;2026-03-29 07:01:00;Nordeste;Aplicativo;Áudio e Vídeo;Suporte TV Articulado;1;156.38;Pix;Baixo
T000938;2026-04-16 03:21:00;Sudeste;Loja física;Casa e Cozinha;Balança Digital Cozinha;3;278.13;Débito;Baixo
T000939;2026-07-03 17:51:00;Sul;Marketplace;Áudio e Vídeo;Caixa Bluetooth;2;809.44;Débito;Baixo
T000940;2026-07-20 11:16:00;Sudeste;Loja física;Informática;Mochila para Notebook;1;182.39;Pix;Baixo
T000941;2026-02-08 22:46:00;Sul;Marketplace;Games;Jogo Corrida Pro;1;285.71;Crédito;Baixo
T000942;2026-07-12 14:38:00;Nordeste;Aplicativo;Celulares;Capa Antichoque;2;132.47;Pix;Baixo
T000943;2026-06-22 01:49:00;Norte;Aplicativo;Casa e Cozinha;Kit Potes Herméticos;4;471.92;Boleto;Baixo
T000944;2026-05-08 13:56:00;Centro-Oeste;Site;Games;Headset 7.1;2;910.16;Boleto;Baixo
T000945;2026-07-20 12:57:00;Sudeste;Site;Celulares;Smartphone Orion Pro 256GB;1;2535.98;Débito;Baixo
T000946;2026-07-06 07:53:00;Centro-Oeste;Aplicativo;Celulares;Carregador USB-C 30W;1;111.29;Débito;Baixo
T000947;2026-02-17 12:24:00;Sudeste;Aplicativo;Áudio e Vídeo;Microfone USB;1;322.98;Crédito;Baixo
T000948;2026-07-09 00:31:00;Nordeste;Aplicativo;Games;Console PlaySphere 5;1;3891.16;Pix;Baixo
T000949;2026-05-18 21:59:00;Nordeste;Marketplace;Áudio e Vídeo;Projetor Full HD;1;1693.2;Pix;Baixo
T000950;2026-03-18 16:47:00;Sudeste;Aplicativo;Games;Cadeira Gamer;6;5729.41;Crédito;Baixo
T000951;2026-06-07 14:23:00;Centro-Oeste;Aplicativo;Informática;Webcam Full HD;1;229.01;Crédito;Baixo
T000952;2026-07-21 08:43:00;Sudeste;Loja física;Escritório;Papel A4 500 folhas;1;36.57;Pix;Baixo
T000953;2026-01-08 13:22:00;Sul;Loja física;Casa e Cozinha;Sanduicheira Grill;1;182.09;Pix;Baixo
T000954;2026-04-18 03:39:00;Nordeste;Marketplace;Informática;Mouse Sem Fio;1;122.06;Crédito;Baixo
T000955;2026-07-02 14:15:00;Centro-Oeste;Loja física;Games;Headset 7.1;1;462.79;Pix;Baixo
T000956;2026-07-26 09:17:00;Sudeste;Aplicativo;Casa e Cozinha;Cafeteira Programável;1;299.2;Pix;Baixo
T000957;2026-02-15 19:03:00;Nordeste;Site;Casa e Cozinha;Cafeteira Programável;1;320.92;Crédito;Baixo
T000958;2026-02-17 08:59:00;Sul;Marketplace;Escritório;Cadeira Ergonômica;3;3309.79;Crédito;Baixo
T000959;2026-04-22 08:35:00;Nordeste;Marketplace;Games;Volante Racing;1;1133.1;Crédito;Baixo
T000960;2026-01-15 05:13:00;Sudeste;Loja física;Casa e Cozinha;Sanduicheira Grill;1;169.79;Pix;Baixo
T000961;2026-04-25 23:47:00;Norte;Site;Informática;Mouse Sem Fio;2;231.06;Crédito;Baixo
T000962;2026-05-28 09:22:00;Sudeste;Aplicativo;Escritório;Luminária LED;4;510.17;Débito;Baixo
T000963;2026-04-27 03:33:00;Sudeste;Loja física;Games;Headset 7.1;1;431.17;Pix;Baixo
T000964;2026-06-28 12:30:00;Sudeste;Aplicativo;Escritório;Impressora Multifuncional;1;873.3;Crédito;Baixo
T000965;2026-07-12 15:06:00;Sudeste;Site;Áudio e Vídeo;Smart TV 43 4K;2;4345.66;Débito;Baixo
T000966;2026-04-06 15:28:00;Sudeste;Site;Informática;Hub USB-C 8 em 1;1;260.78;Pix;Baixo
T000967;2026-01-16 21:30:00;Centro-Oeste;Site;Informática;Webcam Full HD;1;208.05;Pix;Baixo
T000968;2026-04-16 17:55:00;Sudeste;Loja física;Áudio e Vídeo;Smart TV 43 4K;1;1952.01;Débito;Baixo
T000969;2026-05-08 03:04:00;Sudeste;Site;Escritório;Organizador de Mesa;1;61.21;Crédito;Baixo
T000970;2026-06-21 23:49:00;Sudeste;Loja física;Escritório;Papel A4 500 folhas;1;33.7;Crédito;Baixo
T000971;2026-04-18 18:17:00;Nordeste;Marketplace;Informática;SSD NVMe 1TB;1;507.3;Crédito;Baixo
T000972;2026-03-23 16:52:00;Sul;Loja física;Casa e Cozinha;Cafeteira Programável;3;880.68;Crédito;Baixo
T000973;2026-01-14 07:33:00;Centro-Oeste;Site;Informática;Notebook 14 Air;3;8771.42;Pix;Médio
T000974;2026-06-08 16:39:00;Sul;Loja física;Celulares;Smartphone Vega 128GB;1;1538.82;Débito;Baixo
T000975;2026-07-22 05:37:00;Sul;Aplicativo;Casa e Cozinha;Sanduicheira Grill;2;354.72;Crédito;Baixo
T000976;2026-06-09 07:09:00;Norte;Site;Escritório;Mesa Escritório 120cm;1;613.81;Crédito;Baixo
T000977;2026-06-24 20:13:00;Sul;Loja física;Celulares;Carregador USB-C 30W;1;105.7;Pix;Baixo
T000978;2026-06-06 00:31:00;Sudeste;Marketplace;Áudio e Vídeo;Soundbar 2.1;1;796.25;Crédito;Baixo
T000979;2026-08-15 20:18:00;Nordeste;Marketplace;Casa e Cozinha;Kit Potes Herméticos;5;620.66;Pix;Baixo
T000980;2026-07-17 08:21:00;Nordeste;Loja física;Informática;Teclado Mecânico;1;311.07;Pix;Baixo
T000981;2026-07-17 16:57:00;Centro-Oeste;Aplicativo;Casa e Cozinha;Sanduicheira Grill;5;854.43;Débito;Baixo
T000982;2026-07-01 02:11:00;Norte;Loja física;Casa e Cozinha;Panela Elétrica 5L;2;671.55;Débito;Baixo
T000983;2026-01-31 16:32:00;Sul;Site;Games;Jogo Corrida Pro;1;286.26;Crédito;Baixo
T000984;2026-06-13 04:04:00;Sul;Aplicativo;Informática;Hub USB-C 8 em 1;2;513.64;Débito;Baixo
T000985;2026-05-07 16:00:00;Centro-Oeste;Aplicativo;Escritório;Luminária LED;1;128.26;Débito;Baixo
T000986;2026-01-27 13:36:00;Centro-Oeste;Site;Celulares;Smartphone Orion 128GB;1;1770.59;Crédito;Baixo
T000987;2026-05-15 18:03:00;Nordeste;Loja física;Celulares;Smartphone Orion 128GB;1;1717.24;Crédito;Baixo
T000988;2026-04-09 00:30:00;Centro-Oeste;Marketplace;Informática;Hub USB-C 8 em 1;1;290.16;Crédito;Baixo
T000989;2026-06-21 05:22:00;Nordeste;Aplicativo;Casa e Cozinha;Balança Digital Cozinha;2;176.76;Pix;Baixo
T000990;2026-06-17 23:14:00;Sul;Site;Áudio e Vídeo;Headset Gamer;1;261.33;Pix;Baixo
T000991;2026-03-20 18:50:00;Centro-Oeste;Aplicativo;Games;Console PlaySphere 5;4;16786.99;Crédito;Médio
T000992;2026-01-23 01:47:00;Sudeste;Site;Casa e Cozinha;Panela Elétrica 5L;3;1213.86;Débito;Baixo
T000993;2026-04-07 13:41:00;Sul;Site;Celulares;Película 3D;1;39.6;Crédito;Baixo
T000994;2026-07-15 20:00:00;Centro-Oeste;Aplicativo;Informática;Hub USB-C 8 em 1;2;483.39;Boleto;Baixo
T000995;2026-02-02 11:59:00;Centro-Oeste;Loja física;Games;Volante Racing;1;1275.0;Débito;Baixo
T000996;2026-03-09 12:04:00;Sudeste;Site;Informática;Mochila para Notebook;1;166.27;Crédito;Baixo
T000997;2026-01-30 03:17:00;Centro-Oeste;Loja física;Games;Jogo Aventura Lendária;1;334.54;Boleto;Baixo
T000998;2026-08-12 15:13:00;Nordeste;Site;Áudio e Vídeo;Microfone USB;2;694.82;Crédito;Baixo
T000999;2026-02-17 13:03:00;Sudeste;Aplicativo;Áudio e Vídeo;Soundbar 2.1;5;3877.16;Crédito;Baixo
T001000;2026-02-02 18:11:00;Nordeste;Site;Escritório;Mesa Escritório 120cm;1;688.12;Crédito;Baixo
T001001;2026-08-22 01:07:00;Sudeste;Site;Informática;Monitor 27 QHD;1;1477.42;Crédito;Baixo
T001002;2026-04-09 09:28:00;Sudeste;Aplicativo;Áudio e Vídeo;Headset Gamer;1;270.98;Débito;Baixo
T001003;2026-06-27 16:33:00;Sudeste;Site;Informática;Memória DDR4 16GB;4;1209.13;Pix;Baixo
T001004;2026-01-10 00:45:00;Sudeste;Site;Áudio e Vídeo;Projetor Full HD;2;3391.93;Crédito;Baixo
T001005;2026-04-06 23:11:00;Sul;Site;Celulares;Capa Antichoque;3;219.56;Pix;Baixo
T001006;2026-05-15 20:28:00;Sul;Marketplace;Informática;SSD NVMe 1TB;1;454.67;Pix;Baixo
T001007;2026-08-07 08:14:00;Nordeste;Aplicativo;Games;Jogo Aventura Lendária;1;350.76;Boleto;Baixo
T001008;2026-03-10 22:36:00;Sudeste;Loja física;Áudio e Vídeo;Caixa Bluetooth;1;422.12;Crédito;Baixo
T001009;2026-03-15 13:16:00;Sudeste;Site;Casa e Cozinha;Jogo de Panelas 5 peças;3;1310.47;Crédito;Baixo
T001010;2026-02-06 10:12:00;Sul;Marketplace;Casa e Cozinha;Balança Digital Cozinha;1;78.31;Débito;Baixo
T001011;2026-03-19 11:40:00;Nordeste;Loja física;Informática;Monitor 27 QHD;2;2807.39;Débito;Baixo
T001012;2026-02-18 20:43:00;Centro-Oeste;Aplicativo;Celulares;Smartphone Orion 128GB;1;1615.57;Crédito;Baixo
T001013;2026-02-11 10:18:00;Nordeste;Loja física;Games;Console PlaySphere 5;3;12730.33;Pix;Médio
T001014;2026-02-24 05:31:00;Sudeste;Site;Celulares;Smartphone Orion 128GB;2;3654.65;Crédito;Baixo
T001015;2026-05-02 07:49:00;Sudeste;Site;Escritório;Cadeira Ergonômica;3;3761.54;Crédito;Baixo
T001016;2026-03-21 14:52:00;Nordeste;Loja física;Celulares;Capa Antichoque;1;70.49;Pix;Baixo
T001017;2026-01-25 01:58:00;Sudeste;Aplicativo;Games;Jogo Aventura Lendária;1;323.24;Pix;Baixo
T001018;2026-08-16 08:19:00;Sul;Marketplace;Games;Volante Racing;1;1108.33;Débito;Baixo
T001019;2026-02-22 04:20:00;Sul;Aplicativo;Informática;Memória DDR4 16GB;1;285.91;Pix;Baixo
T001020;2026-07-27 10:21:00;Centro-Oeste;Site;Casa e Cozinha;Panela Elétrica 5L;1;335.07;Crédito;Baixo
T001021;2026-02-16 05:19:00;Sul;Marketplace;Games;Jogo Corrida Pro;1;280.65;Crédito;Baixo
T001022;2026-03-04 19:15:00;Sul;Loja física;Celulares;Power Bank 20000mAh;1;229.4;Pix;Baixo
T001023;2026-06-21 14:32:00;Sudeste;Loja física;Games;Headset 7.1;3;1403.48;Crédito;Baixo
T001024;2026-07-23 18:09:00;Sudeste;Site;Áudio e Vídeo;Smart TV 55 4K;2;5550.4;Crédito;Baixo
T001025;2026-05-01 07:35:00;Centro-Oeste;Aplicativo;Celulares;Carregador USB-C 30W;1;102.93;Pix;Baixo
T001026;2026-04-08 19:18:00;Nordeste;Site;Casa e Cozinha;Balança Digital Cozinha;5;454.79;Pix;Baixo
T001027;2026-07-05 05:20:00;Centro-Oeste;Marketplace;Games;Cadeira Gamer;1;1010.68;Boleto;Médio
T001028;2026-05-31 03:59:00;Norte;Loja física;Celulares;Smartphone Vega 128GB;1;1416.69;Crédito;Baixo
T001029;2026-02-28 23:04:00;Sul;Site;Áudio e Vídeo;Caixa Bluetooth;1;374.42;Crédito;Baixo
T001030;2026-08-18 19:39:00;Centro-Oeste;Loja física;Celulares;Smartphone Vega Max 256GB;1;2526.21;Crédito;Baixo
T001031;2026-05-03 17:10:00;Nordeste;Aplicativo;Informática;Hub USB-C 8 em 1;1;291.29;Pix;Baixo
T001032;2026-04-09 17:00:00;Sul;Aplicativo;Games;Headset 7.1;1;405.23;Débito;Baixo
T001033;2026-02-28 19:22:00;Nordeste;Aplicativo;Games;Controle Sem Fio;1;361.77;Boleto;Baixo
T001034;2026-06-23 22:18:00;Sul;Aplicativo;Casa e Cozinha;Balança Digital Cozinha;1;92.72;Pix;Baixo
T001035;2026-04-17 09:11:00;Nordeste;Site;Casa e Cozinha;Cafeteira Programável;1;283.56;Pix;Baixo
T001036;2026-04-01 12:06:00;Centro-Oeste;Site;Casa e Cozinha;Air Fryer 5L;2;944.57;Crédito;Baixo
T001037;2026-03-18 19:46:00;Sudeste;Aplicativo;Informática;Mochila para Notebook;1;168.33;Pix;Baixo
T001038;2026-02-21 21:20:00;Centro-Oeste;Aplicativo;Celulares;Smartphone Orion 128GB;1;1615.27;Débito;Baixo
T001039;2026-07-07 06:01:00;Sul;Loja física;Casa e Cozinha;Kit Potes Herméticos;2;241.26;Crédito;Baixo
T001040;2026-06-11 21:31:00;Nordeste;Site;Áudio e Vídeo;Soundbar 2.1;2;1440.9;Pix;Baixo
T001041;2026-03-08 09:06:00;Sul;Aplicativo;Áudio e Vídeo;Smart TV 43 4K;1;2171.98;Crédito;Baixo
T001042;2026-02-24 02:29:00;Nordeste;Loja física;Escritório;Suporte para Notebook;1;102.1;Boleto;Baixo
T001043;2026-05-02 19:54:00;Sudeste;Aplicativo;Escritório;Luminária LED;1;129.56;Débito;Baixo
T001044;2026-07-01 04:03:00;Sudeste;Aplicativo;Celulares;Smartphone Vega 128GB;1;1463.54;Crédito;Baixo
T001045;2026-05-23 21:13:00;Norte;Site;Casa e Cozinha;Liquidificador 1200W;4;1144.14;Crédito;Baixo
T001046;2026-03-19 18:06:00;Nordeste;Marketplace;Escritório;Mesa Escritório 120cm;1;633.95;Crédito;Baixo
T001047;2026-03-14 19:54:00;Nordeste;Site;Áudio e Vídeo;Soundbar 2.1;1;693.04;Crédito;Baixo
T001048;2026-01-22 04:40:00;Sudeste;Site;Informática;Mouse Sem Fio;4;529.66;Pix;Baixo
T001049;2026-02-10 08:51:00;Sudeste;Loja física;Games;Jogo Corrida Pro;2;536.96;Pix;Baixo
T001050;2026-07-15 17:01:00;Sudeste;Aplicativo;Casa e Cozinha;Jogo de Panelas 5 peças;3;1278.45;Débito;Baixo
T001051;2026-02-27 23:11:00;Norte;Marketplace;Áudio e Vídeo;Caixa Bluetooth;1;379.29;Débito;Baixo
T001052;2026-04-18 20:51:00;Sul;Site;Celulares;Smartphone Vega Max 256GB;4;9154.37;Pix;Médio
T001053;2026-08-19 12:59:00;Sudeste;Aplicativo;Informática;SSD NVMe 1TB;3;1492.53;Crédito;Baixo
T001054;2026-06-05 23:43:00;Nordeste;Site;Celulares;Smartphone Orion 128GB;1;1644.29;Débito;Baixo
T001055;2026-04-07 09:09:00;Sudeste;Aplicativo;Celulares;Película 3D;1;39.38;Pix;Baixo
T001056;2026-01-11 05:46:00;Sul;Loja física;Casa e Cozinha;Kit Potes Herméticos;6;780.06;Débito;Baixo
T001057;2026-06-28 07:14:00;Sudeste;Aplicativo;Informática;SSD SATA 480GB;3;700.04;Crédito;Baixo
T001058;2026-02-14 13:03:00;Norte;Site;Áudio e Vídeo;Caixa Bluetooth;3;1066.04;Crédito;Baixo
T001059;2026-07-23 12:46:00;Centro-Oeste;Marketplace;Casa e Cozinha;Cafeteira Programável;1;271.94;Débito;Baixo
T001060;2026-03-15 06:38:00;Norte;Site;Áudio e Vídeo;Suporte TV Articulado;2;289.6;Crédito;Baixo
T001061;2026-06-09 22:19:00;Nordeste;Aplicativo;Games;Console NovaBox X;2;7990.66;Pix;Médio
T001062;2026-04-29 05:09:00;Sudeste;Site;Games;Headset 7.1;5;2267.95;Débito;Baixo
T001063;2026-01-09 05:56:00;Sudeste;Site;Games;Headset 7.1;1;471.13;Boleto;Baixo
T001064;2026-05-15 19:11:00;Norte;Aplicativo;Games;Jogo Aventura Lendária;1;350.55;Boleto;Baixo
T001065;2026-05-26 06:11:00;Sudeste;Site;Celulares;Smartphone Vega 128GB;2;3049.53;Pix;Baixo
T001066;2026-04-05 23:28:00;Sul;Loja física;Casa e Cozinha;Jogo de Panelas 5 peças;6;2303.55;Pix;Baixo
T001067;2026-04-01 08:53:00;Sudeste;Marketplace;Casa e Cozinha;Sanduicheira Grill;3;553.9;Débito;Baixo
T001068;2026-06-19 04:37:00;Nordeste;Loja física;Games;Jogo Aventura Lendária;1;346.53;Pix;Baixo
T001069;2026-01-19 10:05:00;Norte;Aplicativo;Informática;SSD SATA 480GB;2;458.84;Crédito;Baixo
T001070;2026-06-26 19:21:00;Sudeste;Site;Casa e Cozinha;Liquidificador 1200W;2;579.76;Pix;Baixo
T001071;2026-04-12 13:48:00;Centro-Oeste;Aplicativo;Casa e Cozinha;Aspirador Vertical;1;563.04;Crédito;Baixo
T001072;2026-04-12 11:54:00;Norte;Aplicativo;Celulares;Smartphone Orion 128GB;1;1811.38;Débito;Baixo
T001073;2026-07-06 07:32:00;Sudeste;Site;Celulares;Smartphone Orion Pro 256GB;1;2662.82;Crédito;Baixo
T001074;2026-08-15 20:31:00;Sul;Aplicativo;Escritório;Mesa Escritório 120cm;4;2744.87;Pix;Baixo
T001075;2026-04-16 11:42:00;Norte;Marketplace;Áudio e Vídeo;Soundbar 2.1;2;1468.17;Pix;Baixo
T001076;2026-02-28 05:34:00;Centro-Oeste;Site;Informática;SSD SATA 480GB;2;513.9;Crédito;Baixo
T001077;2026-03-19 20:14:00;Sudeste;Loja física;Casa e Cozinha;Air Fryer 5L;2;950.07;Crédito;Baixo
T001078;2026-08-12 21:19:00;Sudeste;Loja física;Áudio e Vídeo;Microfone USB;2;737.74;Débito;Baixo
T001079;2026-06-05 00:01:00;Nordeste;Aplicativo;Games;Jogo Corrida Pro;2;585.12;Crédito;Baixo
T001080;2026-04-02 20:02:00;Nordeste;Loja física;Informática;Hub USB-C 8 em 1;2;569.18;Débito;Baixo
T001081;2026-06-27 03:21:00;Sul;Marketplace;Informática;Teclado Mecânico;1;334.27;Pix;Baixo
T001082;2026-08-12 10:23:00;Nordeste;Site;Casa e Cozinha;Sanduicheira Grill;4;615.86;Crédito;Baixo
T001083;2026-03-13 11:56:00;Nordeste;Site;Games;Headset 7.1;2;885.3;Crédito;Baixo
T001084;2026-04-02 21:03:00;Sul;Marketplace;Informática;Notebook 14 Air;1;2909.32;Crédito;Baixo
T001085;2026-05-30 12:56:00;Sul;Loja física;Áudio e Vídeo;Smart TV 43 4K;1;2159.35;Crédito;Baixo
T001086;2026-03-04 18:32:00;Centro-Oeste;Aplicativo;Celulares;Power Bank 20000mAh;3;607.92;Crédito;Baixo
T001087;2026-06-17 18:30:00;Norte;Aplicativo;Games;Headset 7.1;1;464.46;Débito;Baixo
T001088;2026-06-17 14:09:00;Sudeste;Aplicativo;Celulares;Fone Bluetooth;2;529.12;Pix;Baixo
T001089;2026-03-21 09:30:00;Nordeste;Site;Casa e Cozinha;Panela Elétrica 5L;4;1630.43;Pix;Baixo
T001090;2026-07-06 16:44:00;Sudeste;Aplicativo;Escritório;Suporte para Notebook;2;202.04;Crédito;Baixo
T001091;2026-06-01 17:23:00;Nordeste;Marketplace;Casa e Cozinha;Air Fryer 5L;2;1028.36;Crédito;Baixo
T001092;2026-02-01 01:26:00;Sudeste;Site;Informática;Hub USB-C 8 em 1;1;276.63;Débito;Baixo
T001093;2026-08-04 01:27:00;Sudeste;Site;Casa e Cozinha;Cafeteira Programável;4;1206.4;Crédito;Baixo
T001094;2026-06-06 23:17:00;Sul;Loja física;Áudio e Vídeo;Smart TV 43 4K;3;5906.74;Boleto;Médio
T001095;2026-08-06 09:55:00;Sudeste;Aplicativo;Informática;Mochila para Notebook;1;170.9;Crédito;Baixo
T001096;2026-04-10 13:30:00;Sul;Marketplace;Escritório;Mesa Escritório 120cm;1;576.48;Débito;Baixo
T001097;2026-02-12 04:28:00;Centro-Oeste;Loja física;Casa e Cozinha;Liquidificador 1200W;1;260.55;Pix;Baixo
T001098;2026-02-26 08:32:00;Sul;Site;Celulares;Carregador USB-C 30W;4;475.45;Crédito;Baixo
T001099;2026-04-18 12:30:00;Sudeste;Loja física;Informática;SSD NVMe 1TB;1;528.03;Crédito;Baixo
T001100;2026-07-16 11:28:00;Centro-Oeste;Aplicativo;Escritório;Fragmentadora 10 folhas;1;641.46;Pix;Baixo
T001101;2026-08-29 22:51:00;Norte;Aplicativo;Informática;SSD NVMe 1TB;1;484.91;Débito;Baixo
T001102;2026-08-30 12:43:00;Norte;Aplicativo;Casa e Cozinha;Balança Digital Cozinha;1;93.79;Débito;Baixo
T001103;2026-06-26 18:02:00;Sudeste;Aplicativo;Celulares;Fone Bluetooth;1;218.77;Pix;Baixo
T001104;2026-06-15 12:44:00;Sudeste;Site;Games;Jogo Aventura Lendária;1;341.47;Débito;Baixo
T001105;2026-05-04 20:19:00;Sul;Loja física;Celulares;Capa Antichoque;2;123.49;Débito;Baixo
T001106;2026-01-05 06:36:00;Sudeste;Aplicativo;Informática;SSD SATA 480GB;2;525.7;Pix;Baixo
T001107;2026-08-29 16:58:00;Centro-Oeste;Marketplace;Informática;Notebook 14 Air;1;3043.92;Crédito;Baixo
T001108;2026-07-21 21:19:00;Sul;Loja física;Escritório;Luminária LED;5;657.71;Boleto;Baixo
T001109;2026-03-15 05:43:00;Nordeste;Aplicativo;Escritório;Suporte para Notebook;3;333.51;Crédito;Baixo
T001110;2026-05-07 23:25:00;Norte;Loja física;Celulares;Smartphone Vega 128GB;4;5792.43;Crédito;Baixo
T001111;2026-03-31 07:38:00;Sudeste;Aplicativo;Casa e Cozinha;Jogo de Panelas 5 peças;2;747.85;Crédito;Baixo
T001112;2026-07-24 09:37:00;Nordeste;Marketplace;Informática;SSD SATA 480GB;1;275.46;Pix;Baixo
T001113;2026-05-05 15:12:00;Sul;Loja física;Games;Volante Racing;1;1328.64;Crédito;Baixo
T001114;2026-06-16 11:13:00;Sudeste;Marketplace;Informática;SSD NVMe 1TB;1;462.23;Pix;Baixo
T001115;2026-05-25 21:02:00;Centro-Oeste;Marketplace;Áudio e Vídeo;Projetor Full HD;1;1765.12;Pix;Baixo
T001116;2026-01-26 21:10:00;Sudeste;Loja física;Casa e Cozinha;Air Fryer 5L;1;452.66;Crédito;Baixo
T001117;2026-07-31 21:19:00;Sul;Site;Escritório;Organizador de Mesa;6;442.76;Débito;Baixo
T001118;2026-05-31 04:48:00;Nordeste;Aplicativo;Casa e Cozinha;Sanduicheira Grill;2;333.27;Pix;Baixo
T001119;2026-08-11 15:26:00;Sul;Site;Escritório;Luminária LED;1;138.48;Crédito;Baixo
T001120;2026-02-24 14:07:00;Sul;Aplicativo;Escritório;Organizador de Mesa;1;62.15;Crédito;Baixo
T001121;2026-07-14 11:30:00;Norte;Site;Escritório;Cadeira Ergonômica;1;1123.89;Crédito;Baixo
T001122;2026-02-27 19:22:00;Sul;Loja física;Áudio e Vídeo;Smart TV 55 4K;1;3275.44;Crédito;Baixo
T001123;2026-04-20 22:19:00;Sudeste;Site;Celulares;Power Bank 20000mAh;2;482.21;Débito;Baixo
T001124;2026-03-16 17:23:00;Nordeste;Loja física;Áudio e Vídeo;Headset Gamer;2;585.77;Pix;Baixo
T001125;2026-06-24 23:16:00;Sudeste;Loja física;Áudio e Vídeo;Headset Gamer;5;1336.54;Crédito;Baixo
T001126;2026-01-08 23:39:00;Sul;Site;Celulares;Fone Bluetooth;4;943.74;Pix;Baixo
T001127;2026-03-03 19:26:00;Sudeste;Marketplace;Games;Controle Sem Fio;6;2211.97;Boleto;Médio
T001128;2026-08-16 18:27:00;Centro-Oeste;Marketplace;Escritório;Cadeira Ergonômica;1;1218.25;Crédito;Baixo
T001129;2026-03-13 00:25:00;Norte;Loja física;Casa e Cozinha;Aspirador Vertical;1;582.14;Pix;Baixo
T001130;2026-01-02 16:31:00;Sudeste;Aplicativo;Casa e Cozinha;Cafeteira Programável;1;319.43;Crédito;Baixo
T001131;2026-01-08 02:37:00;Nordeste;Loja física;Escritório;Papel A4 500 folhas;1;34.75;Pix;Baixo
T001132;2026-05-20 15:54:00;Sudeste;Site;Informática;Teclado Mecânico;1;359.17;Débito;Baixo
T001133;2026-06-04 22:11:00;Sudeste;Aplicativo;Casa e Cozinha;Jogo de Panelas 5 peças;2;817.27;Crédito;Baixo
T001134;2026-03-10 03:25:00;Sudeste;Site;Escritório;Cadeira Ergonômica;2;2123.64;Pix;Baixo
T001135;2026-01-14 15:48:00;Sudeste;Loja física;Games;Controle Sem Fio;1;412.09;Pix;Baixo
T001136;2026-01-12 16:46:00;Sudeste;Loja física;Escritório;Fragmentadora 10 folhas;2;1456.89;Pix;Baixo
T001137;2026-02-03 01:24:00;Sudeste;Aplicativo;Casa e Cozinha;Cafeteira Programável;1;279.15;Débito;Baixo
T001138;2026-08-20 03:35:00;Sudeste;Aplicativo;Escritório;Suporte para Notebook;1;94.48;Crédito;Baixo
T001139;2026-06-27 04:53:00;Norte;Loja física;Celulares;Capa Antichoque;2;130.77;Pix;Baixo
T001140;2026-03-23 22:01:00;Sudeste;Site;Áudio e Vídeo;Suporte TV Articulado;1;159.46;Crédito;Baixo
T001141;2026-08-20 21:51:00;Sudeste;Site;Escritório;Papel A4 500 folhas;3;92.56;Pix;Baixo
T001142;2026-01-04 04:41:00;Centro-Oeste;Site;Escritório;Impressora Multifuncional;1;864.92;Crédito;Baixo
T001143;2026-08-25 21:54:00;Centro-Oeste;Site;Áudio e Vídeo;Smart TV 55 4K;2;5673.17;Boleto;Médio
T001144;2026-06-18 21:28:00;Sudeste;Site;Escritório;Organizador de Mesa;3;187.22;Boleto;Baixo
T001145;2026-07-24 11:16:00;Centro-Oeste;Aplicativo;Casa e Cozinha;Jogo de Panelas 5 peças;1;376.21;Débito;Baixo
T001146;2026-05-23 21:17:00;Sudeste;Site;Celulares;Carregador USB-C 30W;1;120.49;Pix;Baixo
T001147;2026-05-09 13:58:00;Sudeste;Aplicativo;Casa e Cozinha;Panela Elétrica 5L;3;1049.65;Crédito;Baixo
T001148;2026-02-03 10:00:00;Sudeste;Site;Áudio e Vídeo;Projetor Full HD;1;1896.16;Crédito;Baixo
T001149;2026-07-19 20:46:00;Sul;Aplicativo;Casa e Cozinha;Air Fryer 5L;1;441.79;Débito;Baixo
T001150;2026-08-07 19:24:00;Norte;Aplicativo;Games;Headset 7.1;1;437.78;Débito;Baixo
T001151;2026-08-05 12:17:00;Sudeste;Marketplace;Áudio e Vídeo;Smart TV 55 4K;1;2751.19;Pix;Baixo
T001152;2026-01-29 15:44:00;Sudeste;Aplicativo;Áudio e Vídeo;Projetor Full HD;1;1634.07;Crédito;Baixo
T001153;2026-02-26 22:32:00;Sul;Loja física;Informática;SSD SATA 480GB;1;267.92;Crédito;Baixo
T001154;2026-03-31 18:11:00;Norte;Loja física;Áudio e Vídeo;Microfone USB;2;647.21;Pix;Baixo
T001155;2026-05-15 10:22:00;Sudeste;Loja física;Escritório;Luminária LED;2;292.83;Pix;Baixo
T001156;2026-01-30 22:06:00;Sudeste;Site;Games;Jogo Aventura Lendária;1;324.36;Pix;Baixo
T001157;2026-04-15 13:40:00;Nordeste;Loja física;Escritório;Organizador de Mesa;1;72.75;Crédito;Baixo
T001158;2026-02-14 22:48:00;Sudeste;Aplicativo;Informática;Webcam Full HD;2;494.71;Pix;Baixo
T001159;2026-04-13 01:42:00;Sudeste;Loja física;Celulares;Smartphone Orion 128GB;3;4825.92;Crédito;Baixo
T001160;2026-05-13 14:55:00;Sul;Site;Áudio e Vídeo;Soundbar 2.1;2;1473.2;Pix;Baixo
T001161;2026-06-03 07:04:00;Sudeste;Loja física;Escritório;Impressora Multifuncional;2;1747.42;Débito;Baixo
T001162;2026-08-01 11:25:00;Sul;Loja física;Celulares;Smartphone Vega 128GB;4;5600.33;Crédito;Baixo
T001163;2026-06-13 11:28:00;Sul;Aplicativo;Games;Jogo Aventura Lendária;2;656.08;Crédito;Baixo
T001164;2026-07-01 18:08:00;Centro-Oeste;Aplicativo;Informática;Teclado Mecânico;3;1031.7;Crédito;Baixo
T001165;2026-07-05 03:39:00;Nordeste;Aplicativo;Escritório;Mesa Escritório 120cm;5;2957.04;Pix;Baixo
T001166;2026-07-17 18:36:00;Nordeste;Marketplace;Celulares;Smartphone Orion 128GB;2;3712.99;Pix;Médio
T001167;2026-04-04 02:32:00;Sudeste;Site;Escritório;Organizador de Mesa;6;390.44;Crédito;Baixo
T001168;2026-01-07 09:16:00;Sudeste;Loja física;Escritório;Papel A4 500 folhas;5;164.6;Crédito;Baixo
T001169;2026-08-06 01:33:00;Sudeste;Loja física;Informática;Monitor 24 IPS;1;910.04;Crédito;Baixo
T001170;2026-04-05 21:05:00;Nordeste;Site;Casa e Cozinha;Liquidificador 1200W;1;263.29;Crédito;Baixo
T001171;2026-07-19 02:18:00;Sudeste;Site;Escritório;Luminária LED;1;122.18;Pix;Baixo
T001172;2026-08-15 05:01:00;Sudeste;Aplicativo;Games;Jogo Corrida Pro;4;1033.42;Crédito;Baixo
T001173;2026-07-15 00:18:00;Centro-Oeste;Aplicativo;Áudio e Vídeo;Smart TV 55 4K;2;6747.48;Pix;Baixo
T001174;2026-02-01 23:17:00;Nordeste;Marketplace;Casa e Cozinha;Panela Elétrica 5L;2;673.83;Crédito;Baixo
T001175;2026-06-13 08:30:00;Sudeste;Loja física;Informática;Memória DDR4 16GB;5;1495.16;Crédito;Baixo
T001176;2026-03-17 07:14:00;Centro-Oeste;Marketplace;Áudio e Vídeo;Smart TV 55 4K;1;3368.33;Crédito;Baixo
T001177;2026-08-15 18:12:00;Sul;Aplicativo;Áudio e Vídeo;Smart TV 55 4K;1;2982.71;Pix;Baixo
T001178;2026-01-13 23:26:00;Sudeste;Site;Games;Console NovaBox X;1;3525.65;Pix;Baixo
T001179;2026-04-21 21:45:00;Nordeste;Site;Informática;Monitor 24 IPS;2;1670.37;Crédito;Baixo
T001180;2026-03-20 16:22:00;Nordeste;Site;Informática;Mouse Sem Fio;2;267.08;Boleto;Baixo
T001181;2026-07-13 18:14:00;Sudeste;Loja física;Games;Headset 7.1;1;475.68;Pix;Baixo
T001182;2026-05-23 01:49:00;Nordeste;Site;Celulares;Película 3D;2;81.26;Pix;Baixo
T001183;2026-04-15 11:03:00;Nordeste;Site;Casa e Cozinha;Air Fryer 5L;3;1439.35;Pix;Baixo
T001184;2026-08-19 10:01:00;Nordeste;Aplicativo;Games;Headset 7.1;3;1435.68;Crédito;Baixo
T001185;2026-08-07 09:54:00;Sudeste;Aplicativo;Áudio e Vídeo;Headset Gamer;3;856.58;Pix;Baixo
T001186;2026-01-06 20:42:00;Centro-Oeste;Marketplace;Informática;Monitor 24 IPS;1;795.22;Crédito;Baixo
T001187;2026-06-02 04:36:00;Centro-Oeste;Loja física;Games;Cadeira Gamer;1;1159.2;Pix;Baixo
T001188;2026-05-22 12:43:00;Centro-Oeste;Loja física;Áudio e Vídeo;Caixa Bluetooth;1;382.68;Pix;Baixo
T001189;2026-02-22 03:13:00;Nordeste;Loja física;Games;Console NovaBox X;1;3603.84;Pix;Baixo
T001190;2026-01-11 18:37:00;Sudeste;Site;Games;Controle Sem Fio;1;397.18;Pix;Baixo
T001191;2026-05-05 09:21:00;Sudeste;Loja física;Casa e Cozinha;Jogo de Panelas 5 peças;1;366.36;Pix;Baixo
T001192;2026-07-30 07:35:00;Sudeste;Loja física;Celulares;Fone Bluetooth;3;670.21;Crédito;Baixo
T001193;2026-07-09 16:51:00;Nordeste;Loja física;Casa e Cozinha;Jogo de Panelas 5 peças;1;449.12;Crédito;Baixo
T001194;2026-02-21 01:35:00;Norte;Loja física;Informática;Webcam Full HD;1;214.41;Crédito;Baixo
T001195;2026-05-08 18:16:00;Nordeste;Site;Informática;Monitor 27 QHD;1;1580.23;Pix;Baixo
T001196;2026-08-03 01:42:00;Sudeste;Loja física;Casa e Cozinha;Liquidificador 1200W;2;541.49;Boleto;Baixo
T001197;2026-01-25 01:17:00;Sudeste;Aplicativo;Escritório;Mesa Escritório 120cm;6;3694.7;Crédito;Baixo
T001198;2026-01-18 01:41:00;Sudeste;Marketplace;Games;Jogo Corrida Pro;1;275.46;Pix;Baixo
T001199;2026-08-23 20:46:00;Sudeste;Aplicativo;Escritório;Luminária LED;1;123.24;Pix;Baixo
T001200;2026-01-10 07:07:00;Sudeste;Marketplace;Escritório;Fragmentadora 10 folhas;1;714.25;Crédito;Baixo
T001201;2026-04-14 11:07:00;Sudeste;Loja física;Áudio e Vídeo;Caixa Bluetooth;2;846.96;Pix;Baixo
T001202;2026-03-02 03:55:00;Sul;Site;Games;Jogo Aventura Lendária;1;340.28;Débito;Baixo
T001203;2026-02-14 22:31:00;Nordeste;Site;Casa e Cozinha;Sanduicheira Grill;5;813.76;Pix;Baixo
T001204;2026-08-21 19:47:00;Nordeste;Site;Informática;Notebook 15 Pro;1;3357.6;Crédito;Baixo
T001205;2026-08-11 01:35:00;Norte;Loja física;Games;Volante Racing;1;1154.92;Crédito;Baixo
T001206;2026-05-12 10:19:00;Centro-Oeste;Loja física;Games;Controle Sem Fio;1;377.11;Pix;Baixo
T001207;2026-02-11 18:49:00;Sudeste;Site;Escritório;Fragmentadora 10 folhas;2;1215.21;Pix;Baixo
T001208;2026-04-16 00:30:00;Sudeste;Loja física;Games;Console NovaBox X;2;6893.04;Crédito;Baixo
T001209;2026-08-03 21:25:00;Sul;Loja física;Escritório;Luminária LED;2;248.64;Crédito;Baixo
T001210;2026-02-19 17:36:00;Nordeste;Loja física;Informática;Notebook 15 Pro;4;15167.28;Crédito;Médio
T001211;2026-01-26 13:51:00;Sudeste;Site;Informática;SSD NVMe 1TB;1;486.28;Crédito;Baixo
T001212;2026-03-31 15:59:00;Sudeste;Loja física;Casa e Cozinha;Aspirador Vertical;1;531.84;Débito;Baixo
T001213;2026-08-28 02:27:00;Sudeste;Site;Games;Console PlaySphere 5;2;8442.5;Crédito;Médio
T001214;2026-07-30 02:45:00;Nordeste;Aplicativo;Informática;Hub USB-C 8 em 1;1;240.53;Pix;Baixo
T001215;2026-06-06 17:21:00;Norte;Site;Informática;SSD SATA 480GB;3;789.41;Crédito;Baixo
T001216;2026-08-20 05:56:00;Centro-Oeste;Aplicativo;Casa e Cozinha;Air Fryer 5L;3;1329.54;Crédito;Baixo
T001217;2026-05-25 07:06:00;Sudeste;Site;Games;Jogo Aventura Lendária;1;319.27;Crédito;Baixo
T001218;2026-07-13 07:29:00;Centro-Oeste;Site;Games;Cadeira Gamer;2;2118.41;Débito;Baixo
T001219;2026-07-15 01:12:00;Sul;Aplicativo;Games;Console NovaBox X;2;7783.91;Débito;Médio
T001220;2026-06-28 22:51:00;Sul;Aplicativo;Casa e Cozinha;Jogo de Panelas 5 peças;2;748.66;Crédito;Baixo
T001221;2026-02-23 11:53:00;Nordeste;Site;Celulares;Carregador USB-C 30W;1;109.05;Crédito;Baixo
T001222;2026-05-17 08:00:00;Sudeste;Site;Casa e Cozinha;Aspirador Vertical;1;544.51;Débito;Baixo
T001223;2026-08-16 01:08:00;Nordeste;Marketplace;Áudio e Vídeo;Soundbar 2.1;1;779.0;Débito;Baixo
T001224;2026-03-11 10:57:00;Centro-Oeste;Marketplace;Informática;Monitor 24 IPS;2;1853.55;Crédito;Baixo
T001225;2026-03-19 17:29:00;Nordeste;Aplicativo;Casa e Cozinha;Air Fryer 5L;2;912.47;Pix;Baixo
T001226;2026-03-13 09:23:00;Sudeste;Site;Games;Volante Racing;2;2369.18;Crédito;Baixo
T001227;2026-07-18 21:15:00;Sudeste;Aplicativo;Celulares;Fone Bluetooth;1;254.1;Crédito;Baixo
T001228;2026-04-11 03:14:00;Nordeste;Aplicativo;Escritório;Suporte para Notebook;3;301.75;Pix;Baixo
T001229;2026-05-03 00:34:00;Sul;Site;Escritório;Luminária LED;1;124.98;Crédito;Baixo
T001230;2026-06-22 15:48:00;Sudeste;Marketplace;Áudio e Vídeo;Headset Gamer;2;577.37;Crédito;Baixo
T001231;2026-08-15 17:05:00;Centro-Oeste;Loja física;Games;Cadeira Gamer;1;1027.69;Crédito;Baixo
T001232;2026-08-17 14:32:00;Norte;Marketplace;Games;Console PlaySphere 5;3;12515.13;Débito;Alto
T001233;2026-07-04 19:30:00;Centro-Oeste;Loja física;Escritório;Mesa Escritório 120cm;1;637.19;Crédito;Baixo
T001234;2026-06-28 08:11:00;Sul;Site;Games;Console NovaBox X;3;10506.35;Crédito;Médio
T001235;2026-03-07 13:39:00;Centro-Oeste;Loja física;Escritório;Mesa Escritório 120cm;5;2960.94;Crédito;Baixo
T001236;2026-07-06 18:30:00;Nordeste;Site;Celulares;Smartphone Orion 128GB;1;1607.02;Crédito;Baixo
T001237;2026-04-11 08:14:00;Sudeste;Loja física;Escritório;Cadeira Ergonômica;1;1128.23;Crédito;Baixo
T001238;2026-02-20 21:28:00;Nordeste;Site;Informática;Notebook 14 Air;1;3287.96;Pix;Baixo
T001239;2026-04-09 12:41:00;Sul;Aplicativo;Informática;Monitor 24 IPS;1;888.83;Pix;Baixo
T001240;2026-06-23 08:58:00;Sul;Site;Informática;Teclado Mecânico;2;670.08;Débito;Baixo
T001241;2026-02-25 08:54:00;Norte;Aplicativo;Informática;Hub USB-C 8 em 1;1;250.45;Crédito;Baixo
T001242;2026-07-21 08:57:00;Sudeste;Loja física;Games;Jogo Aventura Lendária;1;319.14;Débito;Baixo
T001243;2026-07-15 21:51:00;Sudeste;Site;Casa e Cozinha;Balança Digital Cozinha;1;85.79;Crédito;Baixo
T001244;2026-01-11 15:35:00;Nordeste;Site;Celulares;Smartphone Vega Max 256GB;2;4564.14;Crédito;Baixo
T001245;2026-05-20 18:04:00;Sul;Aplicativo;Games;Console NovaBox X;5;20696.97;Crédito;Médio
T001246;2026-01-25 06:29:00;Centro-Oeste;Loja física;Escritório;Cadeira Ergonômica;1;1227.22;Débito;Baixo
T001247;2026-08-07 09:32:00;Sudeste;Site;Celulares;Smartphone Vega 128GB;4;5527.13;Pix;Baixo
T001248;2026-02-14 17:24:00;Sul;Site;Celulares;Power Bank 20000mAh;1;232.75;Crédito;Baixo
T001249;2026-06-27 02:47:00;Sudeste;Loja física;Casa e Cozinha;Cafeteira Programável;1;290.08;Pix;Baixo
T001250;2026-08-06 07:30:00;Nordeste;Aplicativo;Escritório;Impressora Multifuncional;5;4597.89;Crédito;Baixo
T001251;2026-03-01 11:11:00;Sudeste;Loja física;Informática;Mochila para Notebook;1;171.66;Boleto;Baixo
T001252;2026-05-04 08:41:00;Sudeste;Marketplace;Celulares;Capa Antichoque;1;64.6;Pix;Baixo
T001253;2026-07-07 11:58:00;Nordeste;Loja física;Áudio e Vídeo;Headset Gamer;1;253.76;Pix;Baixo
T001254;2026-03-06 02:48:00;Sudeste;Site;Escritório;Suporte para Notebook;1;101.14;Pix;Baixo
T001255;2026-08-17 08:28:00;Sul;Site;Informática;Notebook 14 Air;1;2915.47;Crédito;Baixo
T001256;2026-01-14 11:38:00;Sudeste;Loja física;Casa e Cozinha;Jogo de Panelas 5 peças;2;749.48;Crédito;Baixo
T001257;2026-04-24 15:31:00;Nordeste;Site;Casa e Cozinha;Air Fryer 5L;2;912.5;Débito;Baixo
T001258;2026-01-26 00:05:00;Norte;Site;Informática;Mochila para Notebook;2;360.11;Pix;Baixo
T001259;2026-08-24 10:24:00;Sudeste;Aplicativo;Casa e Cozinha;Air Fryer 5L;2;933.27;Crédito;Baixo
T001260;2026-04-08 08:51:00;Nordeste;Loja física;Informática;Webcam Full HD;1;218.08;Débito;Baixo
T001261;2026-04-03 03:59:00;Nordeste;Site;Escritório;Suporte para Notebook;2;223.13;Crédito;Baixo
T001262;2026-02-11 23:51:00;Sudeste;Aplicativo;Escritório;Papel A4 500 folhas;1;34.17;Pix;Baixo
T001263;2026-01-25 06:48:00;Sudeste;Aplicativo;Games;Console NovaBox X;1;3765.15;Pix;Baixo
T001264;2026-01-21 10:08:00;Sudeste;Aplicativo;Áudio e Vídeo;Headset Gamer;2;503.66;Pix;Baixo
T001265;2026-01-01 16:11:00;Sudeste;Site;Informática;Memória DDR4 16GB;5;1445.52;Crédito;Baixo
T001266;2026-07-18 19:47:00;Sudeste;Marketplace;Informática;SSD NVMe 1TB;1;487.11;Crédito;Baixo
T001267;2026-02-24 16:27:00;Sudeste;Loja física;Informática;Notebook 14 Air;1;3171.19;Crédito;Baixo
T001268;2026-01-12 19:01:00;Sul;Site;Casa e Cozinha;Cafeteira Programável;5;1673.97;Pix;Baixo
T001269;2026-07-03 14:53:00;Norte;Marketplace;Celulares;Carregador USB-C 30W;1;102.52;Pix;Baixo
T001270;2026-03-11 17:16:00;Nordeste;Site;Escritório;Fragmentadora 10 folhas;1;712.45;Débito;Baixo
T001271;2026-04-04 02:11:00;Nordeste;Loja física;Áudio e Vídeo;Microfone USB;3;932.23;Pix;Baixo
T001272;2026-03-02 10:48:00;Centro-Oeste;Loja física;Escritório;Suporte para Notebook;2;190.68;Débito;Baixo
T001273;2026-06-21 08:15:00;Sudeste;Aplicativo;Informática;Monitor 27 QHD;2;3034.3;Pix;Baixo
T001274;2026-07-11 15:44:00;Sudeste;Loja física;Casa e Cozinha;Aspirador Vertical;2;1060.88;Pix;Baixo
T001275;2026-08-18 15:58:00;Nordeste;Loja física;Games;Jogo Aventura Lendária;2;647.07;Crédito;Baixo
T001276;2026-08-21 09:22:00;Sul;Loja física;Celulares;Smartphone Vega Max 256GB;2;4706.95;Crédito;Baixo
T001277;2026-01-24 12:24:00;Sudeste;Site;Áudio e Vídeo;Smart TV 55 4K;4;12776.85;Débito;Médio
T001278;2026-01-25 22:05:00;Sudeste;Loja física;Games;Controle Sem Fio;2;735.29;Pix;Baixo
T001279;2026-07-12 02:14:00;Sudeste;Loja física;Celulares;Smartphone Vega Max 256GB;5;11270.64;Pix;Médio
T001280;2026-06-12 15:59:00;Sudeste;Site;Celulares;Smartphone Vega 128GB;1;1548.11;Crédito;Baixo
T001281;2026-07-16 00:28:00;Nordeste;Site;Informática;Monitor 27 QHD;1;1640.63;Boleto;Baixo
T001282;2026-04-07 03:52:00;Sudeste;Marketplace;Casa e Cozinha;Sanduicheira Grill;1;184.22;Débito;Baixo
T001283;2026-05-12 20:45:00;Nordeste;Aplicativo;Áudio e Vídeo;Caixa Bluetooth;3;1024.47;Débito;Baixo
T001284;2026-02-24 21:37:00;Sudeste;Aplicativo;Informática;Notebook 15 Pro;1;3951.95;Débito;Baixo
T001285;2026-08-29 01:47:00;Nordeste;Site;Casa e Cozinha;Aspirador Vertical;1;496.26;Crédito;Baixo
T001286;2026-07-10 01:48:00;Nordeste;Aplicativo;Games;Headset 7.1;2;958.9;Crédito;Baixo
T001287;2026-04-23 07:18:00;Sul;Loja física;Áudio e Vídeo;Suporte TV Articulado;1;156.33;Crédito;Baixo
T001288;2026-08-02 16:09:00;Sudeste;Loja física;Casa e Cozinha;Kit Potes Herméticos;1;125.13;Crédito;Baixo
T001289;2026-01-04 09:51:00;Sudeste;Site;Celulares;Película 3D;1;42.06;Crédito;Baixo
T001290;2026-05-29 12:15:00;Sul;Site;Escritório;Impressora Multifuncional;1;828.39;Crédito;Baixo
T001291;2026-07-12 20:23:00;Centro-Oeste;Site;Casa e Cozinha;Liquidificador 1200W;4;1157.12;Crédito;Baixo
T001292;2026-05-16 21:17:00;Sudeste;Site;Informática;Notebook 15 Pro;2;6697.83;Pix;Baixo
T001293;2026-07-15 08:05:00;Sul;Site;Casa e Cozinha;Aspirador Vertical;2;1143.52;Débito;Baixo
T001294;2026-06-13 07:20:00;Norte;Site;Celulares;Fone Bluetooth;2;479.22;Pix;Baixo
T001295;2026-04-07 07:57:00;Sul;Site;Informática;Monitor 24 IPS;1;934.68;Crédito;Baixo
T001296;2026-01-07 15:37:00;Sul;Site;Informática;Notebook 15 Pro;1;3451.29;Crédito;Baixo
T001297;2026-06-13 07:41:00;Sul;Marketplace;Informática;Mouse Sem Fio;1;123.47;Débito;Baixo
T001298;2026-07-28 20:53:00;Sul;Aplicativo;Escritório;Fragmentadora 10 folhas;1;663.75;Crédito;Baixo
T001299;2026-01-04 22:17:00;Sudeste;Site;Informática;Mouse Sem Fio;1;120.13;Pix;Baixo
T001300;2026-01-23 12:13:00;Sudeste;Site;Informática;Memória DDR4 16GB;4;1079.0;Boleto;Baixo
T001301;2026-02-14 14:59:00;Sul;Aplicativo;Games;Jogo Aventura Lendária;2;641.22;Crédito;Baixo
T001302;2026-03-15 13:50:00;Sudeste;Site;Casa e Cozinha;Panela Elétrica 5L;2;665.01;Débito;Baixo
T001303;2026-02-15 02:35:00;Sudeste;Site;Casa e Cozinha;Air Fryer 5L;2;1048.95;Pix;Baixo
T001304;2026-07-11 19:02:00;Nordeste;Site;Áudio e Vídeo;Projetor Full HD;1;1715.52;Crédito;Baixo
T001305;2026-05-10 13:48:00;Nordeste;Loja física;Informática;Webcam Full HD;1;228.77;Pix;Baixo
T001306;2026-02-15 06:27:00;Nordeste;Site;Escritório;Impressora Multifuncional;1;851.37;Crédito;Baixo
T001307;2026-06-21 02:17:00;Nordeste;Aplicativo;Celulares;Película 3D;1;38.62;Crédito;Baixo
T001308;2026-07-28 14:56:00;Sudeste;Site;Celulares;Smartphone Orion Pro 256GB;1;2590.76;Pix;Baixo
T001309;2026-06-17 09:03:00;Sul;Aplicativo;Escritório;Suporte para Notebook;1;100.85;Débito;Baixo
T001310;2026-08-18 22:17:00;Sudeste;Aplicativo;Áudio e Vídeo;Soundbar 2.1;3;2339.83;Pix;Baixo
T001311;2026-06-19 05:34:00;Sudeste;Loja física;Áudio e Vídeo;Projetor Full HD;4;7970.51;Boleto;Alto
T001312;2026-08-08 05:48:00;Sudeste;Loja física;Games;Console PlaySphere 5;2;7862.28;Pix;Médio
T001313;2026-07-05 01:11:00;Norte;Marketplace;Escritório;Fragmentadora 10 folhas;1;716.34;Pix;Baixo
T001314;2026-06-25 14:47:00;Nordeste;Marketplace;Casa e Cozinha;Balança Digital Cozinha;2;168.39;Crédito;Baixo
T001315;2026-04-12 18:29:00;Sul;Site;Áudio e Vídeo;Caixa Bluetooth;2;739.7;Crédito;Baixo
T001316;2026-06-29 02:27:00;Sudeste;Marketplace;Informática;Mouse Sem Fio;1;123.92;Crédito;Baixo
T001317;2026-06-24 04:49:00;Norte;Loja física;Games;Headset 7.1;1;419.24;Pix;Baixo
T001318;2026-04-01 07:10:00;Sudeste;Aplicativo;Celulares;Smartphone Vega Max 256GB;2;4404.04;Pix;Baixo
T001319;2026-08-18 20:34:00;Sudeste;Site;Informática;Monitor 24 IPS;1;842.88;Boleto;Baixo
T001320;2026-04-17 15:34:00;Sudeste;Aplicativo;Informática;SSD SATA 480GB;2;503.63;Crédito;Baixo
T001321;2026-05-16 19:52:00;Sudeste;Site;Games;Cadeira Gamer;1;1092.86;Crédito;Baixo
T001322;2026-02-14 06:08:00;Centro-Oeste;Aplicativo;Games;Console PlaySphere 5;1;3898.23;Crédito;Baixo
T001323;2026-05-25 05:14:00;Nordeste;Site;Celulares;Smartphone Vega 128GB;1;1571.4;Pix;Baixo
T001324;2026-03-15 09:04:00;Sudeste;Site;Casa e Cozinha;Aspirador Vertical;4;2190.62;Pix;Baixo
T001325;2026-03-17 12:04:00;Nordeste;Aplicativo;Casa e Cozinha;Sanduicheira Grill;2;355.83;Pix;Baixo
T001326;2026-07-23 03:43:00;Norte;Site;Informática;Monitor 24 IPS;2;1857.56;Crédito;Baixo
T001327;2026-04-13 23:13:00;Centro-Oeste;Aplicativo;Games;Controle Sem Fio;1;405.48;Crédito;Baixo
T001328;2026-06-25 20:25:00;Centro-Oeste;Site;Escritório;Suporte para Notebook;1;101.67;Crédito;Baixo
T001329;2026-07-03 08:32:00;Nordeste;Aplicativo;Celulares;Power Bank 20000mAh;3;677.83;Pix;Baixo
T001330;2026-01-04 06:25:00;Sudeste;Site;Informática;SSD SATA 480GB;1;277.78;Débito;Baixo
T001331;2026-03-11 20:06:00;Sudeste;Aplicativo;Informática;Memória DDR4 16GB;3;828.81;Débito;Baixo
T001332;2026-06-22 22:45:00;Sudeste;Site;Games;Jogo Corrida Pro;1;300.22;Crédito;Baixo
T001333;2026-02-24 01:47:00;Sudeste;Site;Games;Volante Racing;1;1301.88;Pix;Baixo
T001334;2026-07-20 04:26:00;Sudeste;Loja física;Casa e Cozinha;Balança Digital Cozinha;1;92.04;Crédito;Baixo
T001335;2026-06-11 16:15:00;Sudeste;Aplicativo;Games;Console PlaySphere 5;1;4471.83;Débito;Baixo
T001336;2026-08-01 17:19:00;Sul;Loja física;Games;Jogo Aventura Lendária;3;998.05;Crédito;Baixo
T001337;2026-03-21 13:49:00;Sul;Site;Games;Jogo Aventura Lendária;1;324.54;Pix;Baixo
T001338;2026-04-12 22:22:00;Sul;Site;Informática;SSD NVMe 1TB;4;2194.1;Crédito;Baixo
T001339;2026-03-08 08:48:00;Nordeste;Marketplace;Escritório;Fragmentadora 10 folhas;1;675.03;Pix;Baixo
T001340;2026-04-19 20:41:00;Sudeste;Loja física;Celulares;Capa Antichoque;1;60.73;Crédito;Baixo
T001341;2026-07-30 02:35:00;Nordeste;Loja física;Celulares;Smartphone Orion 128GB;1;1828.9;Crédito;Baixo
T001342;2026-02-28 21:55:00;Sul;Site;Casa e Cozinha;Cafeteira Programável;1;286.8;Crédito;Baixo
T001343;2026-08-03 13:00:00;Centro-Oeste;Site;Informática;Monitor 27 QHD;2;2987.58;Débito;Baixo
T001344;2026-06-11 08:28:00;Sul;Loja física;Celulares;Smartphone Vega 128GB;2;2956.61;Crédito;Baixo
T001345;2026-07-14 16:38:00;Sul;Aplicativo;Áudio e Vídeo;Smart TV 43 4K;2;4444.42;Débito;Baixo
T001346;2026-03-02 06:34:00;Sudeste;Aplicativo;Áudio e Vídeo;Smart TV 43 4K;1;2275.24;Débito;Baixo
T001347;2026-04-22 12:45:00;Nordeste;Aplicativo;Áudio e Vídeo;Soundbar 2.1;2;1372.0;Pix;Baixo
T001348;2026-04-09 19:10:00;Sudeste;Site;Games;Jogo Aventura Lendária;3;1030.06;Boleto;Baixo
T001349;2026-08-24 11:30:00;Norte;Site;Informática;Notebook 15 Pro;4;14886.32;Débito;Médio
T001350;2026-02-11 09:55:00;Sudeste;Site;Games;Volante Racing;5;6848.96;Pix;Baixo
T001351;2026-04-20 08:18:00;Sudeste;Loja física;Celulares;Fone Bluetooth;2;516.3;Pix;Baixo
T001352;2026-04-17 00:21:00;Sudeste;Loja física;Áudio e Vídeo;Headset Gamer;2;519.5;Crédito;Baixo
T001353;2026-01-26 09:51:00;Norte;Aplicativo;Celulares;Película 3D;2;81.15;Crédito;Baixo
T001354;2026-05-19 08:42:00;Sul;Loja física;Informática;Notebook 14 Air;4;11229.36;Pix;Médio
T001355;2026-05-10 08:08:00;Sul;Site;Informática;Notebook 15 Pro;1;4130.56;Crédito;Baixo
T001356;2026-03-01 14:06:00;Sudeste;Site;Casa e Cozinha;Panela Elétrica 5L;1;401.13;Crédito;Baixo
T001357;2026-03-21 13:25:00;Nordeste;Aplicativo;Celulares;Smartphone Orion Pro 256GB;3;8910.53;Crédito;Médio
T001358;2026-02-24 03:47:00;Sudeste;Site;Áudio e Vídeo;Soundbar 2.1;2;1608.98;Crédito;Baixo
T001359;2026-04-21 06:01:00;Norte;Site;Informática;Webcam Full HD;2;484.6;Crédito;Baixo
T001360;2026-07-13 22:44:00;Sudeste;Site;Informática;Hub USB-C 8 em 1;1;241.75;Crédito;Baixo
T001361;2026-07-18 12:24:00;Sudeste;Aplicativo;Celulares;Power Bank 20000mAh;1;200.24;Pix;Baixo
T001362;2026-04-29 07:01:00;Norte;Aplicativo;Informática;Monitor 24 IPS;2;1851.68;Crédito;Baixo
T001363;2026-01-11 19:53:00;Centro-Oeste;Site;Áudio e Vídeo;Soundbar 2.1;2;1673.18;Crédito;Baixo
T001364;2026-04-02 10:46:00;Sudeste;Site;Celulares;Smartphone Vega 128GB;2;2999.79;Débito;Baixo
T001365;2026-07-17 21:41:00;Sudeste;Aplicativo;Casa e Cozinha;Liquidificador 1200W;1;267.68;Pix;Baixo
T001366;2026-02-01 23:22:00;Centro-Oeste;Aplicativo;Informática;Monitor 24 IPS;1;774.46;Pix;Baixo
T001367;2026-02-21 17:28:00;Sudeste;Site;Informática;Mochila para Notebook;3;589.96;Débito;Baixo
T001368;2026-07-26 00:28:00;Sudeste;Loja física;Casa e Cozinha;Aspirador Vertical;1;475.21;Débito;Baixo
T001369;2026-07-10 19:32:00;Sudeste;Site;Games;Console NovaBox X;2;8401.95;Pix;Médio
T001370;2026-08-01 09:26:00;Sul;Site;Casa e Cozinha;Liquidificador 1200W;1;251.67;Pix;Baixo
T001371;2026-01-30 14:26:00;Sudeste;Aplicativo;Informática;Teclado Mecânico;3;1006.77;Pix;Baixo
T001372;2026-05-05 01:53:00;Sudeste;Aplicativo;Games;Console NovaBox X;1;4189.47;Débito;Baixo
T001373;2026-01-13 12:36:00;Sudeste;Site;Celulares;Smartphone Vega Max 256GB;3;7236.84;Pix;Médio
T001374;2026-03-26 11:11:00;Norte;Marketplace;Informática;Mouse Sem Fio;3;390.6;Pix;Baixo
T001375;2026-05-25 22:57:00;Norte;Loja física;Games;Jogo Corrida Pro;1;308.5;Crédito;Baixo
T001376;2026-06-07 10:11:00;Sul;Site;Casa e Cozinha;Kit Potes Herméticos;6;679.79;Crédito;Baixo
T001377;2026-08-14 01:25:00;Centro-Oeste;Site;Escritório;Cadeira Ergonômica;1;1134.94;Boleto;Baixo
T001378;2026-07-04 09:33:00;Sudeste;Aplicativo;Celulares;Fone Bluetooth;1;242.2;Boleto;Baixo
T001379;2026-07-19 18:53:00;Sudeste;Loja física;Escritório;Suporte para Notebook;1;101.28;Pix;Baixo
T001380;2026-07-20 10:52:00;Nordeste;Aplicativo;Celulares;Smartphone Vega Max 256GB;2;4527.23;Crédito;Baixo
T001381;2026-07-27 00:02:00;Sul;Marketplace;Casa e Cozinha;Liquidificador 1200W;1;259.35;Crédito;Baixo
T001382;2026-08-07 01:49:00;Centro-Oeste;Site;Celulares;Película 3D;1;36.09;Crédito;Baixo
T001383;2026-04-12 02:30:00;Centro-Oeste;Loja física;Casa e Cozinha;Aspirador Vertical;5;2486.88;Débito;Baixo
T001384;2026-07-18 21:21:00;Sudeste;Site;Áudio e Vídeo;Caixa Bluetooth;1;361.5;Crédito;Baixo
T001385;2026-08-09 19:45:00;Nordeste;Site;Áudio e Vídeo;Suporte TV Articulado;3;472.25;Pix;Baixo
T001386;2026-04-12 20:50:00;Norte;Aplicativo;Escritório;Cadeira Ergonômica;6;7513.4;Crédito;Médio
T001387;2026-05-02 01:01:00;Sudeste;Loja física;Games;Volante Racing;1;1251.4;Crédito;Baixo
T001388;2026-02-13 21:09:00;Sudeste;Aplicativo;Informática;Notebook 14 Air;1;3355.61;Pix;Baixo
T001389;2026-01-02 08:23:00;Sudeste;Marketplace;Games;Headset 7.1;1;414.81;Pix;Baixo
T001390;2026-07-03 06:58:00;Sul;Site;Áudio e Vídeo;Smart TV 55 4K;1;2954.52;Crédito;Baixo
T001391;2026-05-25 14:28:00;Sul;Aplicativo;Celulares;Capa Antichoque;2;128.73;Débito;Baixo
T001392;2026-02-17 09:22:00;Sul;Aplicativo;Informática;Mochila para Notebook;1;189.24;Crédito;Baixo
T001393;2026-04-13 19:40:00;Nordeste;Site;Informática;SSD NVMe 1TB;1;514.05;Débito;Baixo
T001394;2026-02-03 19:39:00;Nordeste;Site;Informática;Monitor 27 QHD;1;1620.13;Débito;Baixo
T001395;2026-05-22 06:22:00;Sudeste;Aplicativo;Áudio e Vídeo;Caixa Bluetooth;6;2263.35;Débito;Baixo
T001396;2026-05-14 20:43:00;Sul;Site;Casa e Cozinha;Aspirador Vertical;1;542.54;Pix;Baixo
T001397;2026-01-31 15:29:00;Norte;Aplicativo;Celulares;Carregador USB-C 30W;1;110.33;Crédito;Baixo
T001398;2026-07-24 13:27:00;Sudeste;Aplicativo;Informática;Teclado Mecânico;3;1002.15;Crédito;Baixo
T001399;2026-05-15 08:38:00;Norte;Site;Áudio e Vídeo;Caixa Bluetooth;3;1032.73;Crédito;Baixo
T001400;2026-01-31 19:07:00;Sudeste;Loja física;Informática;Hub USB-C 8 em 1;2;515.39;Crédito;Baixo
T001401;2026-07-03 17:11:00;Centro-Oeste;Aplicativo;Games;Jogo Aventura Lendária;2;644.37;Pix;Baixo
T001402;2026-07-01 12:37:00;Sudeste;Loja física;Celulares;Smartphone Vega Max 256GB;2;4853.74;Pix;Baixo
T001403;2026-07-09 12:54:00;Norte;Loja física;Casa e Cozinha;Sanduicheira Grill;2;358.48;Pix;Baixo
T001404;2026-04-12 04:56:00;Sul;Aplicativo;Informática;Hub USB-C 8 em 1;3;881.97;Débito;Baixo
T001405;2026-07-08 05:12:00;Sudeste;Aplicativo;Games;Headset 7.1;1;411.86;Pix;Baixo
T001406;2026-04-08 00:16:00;Nordeste;Site;Áudio e Vídeo;Caixa Bluetooth;1;351.17;Crédito;Baixo
T001407;2026-01-28 18:37:00;Sudeste;Aplicativo;Games;Jogo Aventura Lendária;2;605.13;Boleto;Baixo
T001408;2026-07-25 23:54:00;Sudeste;Aplicativo;Casa e Cozinha;Kit Potes Herméticos;1;134.87;Pix;Baixo
T001409;2026-03-11 21:55:00;Centro-Oeste;Loja física;Informática;Memória DDR4 16GB;3;831.78;Pix;Baixo
T001410;2026-05-08 14:57:00;Norte;Marketplace;Games;Cadeira Gamer;4;4032.59;Pix;Médio
T001411;2026-06-10 22:51:00;Sudeste;Aplicativo;Games;Volante Racing;6;7144.82;Débito;Médio
T001412;2026-02-15 21:29:00;Centro-Oeste;Aplicativo;Games;Console NovaBox X;1;4121.41;Crédito;Baixo
T001413;2026-07-20 15:40:00;Sudeste;Site;Casa e Cozinha;Jogo de Panelas 5 peças;1;430.05;Pix;Baixo
T001414;2026-03-10 02:42:00;Sudeste;Marketplace;Celulares;Smartphone Vega Max 256GB;2;4505.26;Débito;Médio
T001415;2026-04-02 12:36:00;Sudeste;Aplicativo;Casa e Cozinha;Sanduicheira Grill;1;171.05;Pix;Baixo
T001416;2026-03-10 07:13:00;Centro-Oeste;Marketplace;Games;Console PlaySphere 5;2;7919.02;Crédito;Alto
T001417;2026-05-11 17:53:00;Sudeste;Site;Games;Console NovaBox X;3;11304.51;Débito;Médio
T001418;2026-01-14 21:03:00;Sudeste;Loja física;Casa e Cozinha;Liquidificador 1200W;1;292.94;Crédito;Baixo
T001419;2026-06-16 20:29:00;Nordeste;Loja física;Áudio e Vídeo;Caixa Bluetooth;4;1620.66;Pix;Baixo
T001420;2026-07-10 08:53:00;Sudeste;Aplicativo;Casa e Cozinha;Jogo de Panelas 5 peças;2;841.19;Boleto;Baixo
T001421;2026-08-10 07:44:00;Norte;Site;Informática;Webcam Full HD;2;482.18;Crédito;Baixo
T001422;2026-05-29 16:00:00;Nordeste;Marketplace;Informática;Hub USB-C 8 em 1;1;281.63;Débito;Baixo
T001423;2026-03-05 00:05:00;Sul;Site;Escritório;Cadeira Ergonômica;4;4669.65;Pix;Baixo
T001424;2026-03-11 15:44:00;Nordeste;Loja física;Áudio e Vídeo;Smart TV 55 4K;5;14444.45;Crédito;Médio
T001425;2026-07-03 22:47:00;Sudeste;Loja física;Áudio e Vídeo;Microfone USB;2;705.17;Crédito;Baixo
T001426;2026-07-19 07:06:00;Centro-Oeste;Site;Áudio e Vídeo;Projetor Full HD;3;5700.59;Pix;Baixo
T001427;2026-08-08 09:20:00;Sul;Site;Áudio e Vídeo;Suporte TV Articulado;1;166.61;Crédito;Baixo
T001428;2026-02-27 00:00:00;Sudeste;Loja física;Games;Volante Racing;1;1137.23;Pix;Baixo
T001429;2026-01-23 16:54:00;Sul;Marketplace;Áudio e Vídeo;Caixa Bluetooth;2;736.27;Débito;Baixo
T001430;2026-01-27 11:42:00;Sudeste;Loja física;Casa e Cozinha;Sanduicheira Grill;5;898.41;Crédito;Baixo
T001431;2026-04-01 15:02:00;Sudeste;Site;Casa e Cozinha;Sanduicheira Grill;1;156.97;Boleto;Baixo
T001432;2026-04-21 16:57:00;Nordeste;Aplicativo;Escritório;Cadeira Ergonômica;1;1138.98;Débito;Baixo
T001433;2026-02-12 16:19:00;Sudeste;Aplicativo;Áudio e Vídeo;Microfone USB;3;1114.86;Crédito;Baixo
T001434;2026-02-02 09:02:00;Nordeste;Loja física;Celulares;Carregador USB-C 30W;3;344.5;Pix;Baixo
T001435;2026-08-23 21:58:00;Sudeste;Loja física;Escritório;Papel A4 500 folhas;1;33.52;Crédito;Baixo
T001436;2026-06-01 10:21:00;Sudeste;Aplicativo;Informática;SSD SATA 480GB;1;279.53;Débito;Baixo
T001437;2026-06-25 18:30:00;Sul;Loja física;Games;Headset 7.1;1;412.84;Pix;Baixo
T001438;2026-06-25 05:32:00;Sudeste;Loja física;Games;Console NovaBox X;6;22202.5;Boleto;Alto
T001439;2026-07-11 12:54:00;Sudeste;Marketplace;Escritório;Luminária LED;2;254.0;Débito;Baixo
T001440;2026-03-27 02:06:00;Sul;Loja física;Escritório;Fragmentadora 10 folhas;1;703.69;Crédito;Baixo
T001441;2026-02-27 15:23:00;Sul;Site;Casa e Cozinha;Jogo de Panelas 5 peças;1;438.49;Débito;Baixo
T001442;2026-06-24 11:23:00;Nordeste;Marketplace;Games;Jogo Aventura Lendária;1;363.01;Crédito;Baixo
T001443;2026-07-20 21:56:00;Nordeste;Aplicativo;Casa e Cozinha;Air Fryer 5L;1;508.67;Débito;Baixo
T001444;2026-04-01 04:32:00;Nordeste;Aplicativo;Escritório;Suporte para Notebook;1;104.59;Crédito;Baixo
T001445;2026-05-26 21:01:00;Norte;Loja física;Casa e Cozinha;Balança Digital Cozinha;2;181.33;Pix;Baixo
T001446;2026-02-02 06:19:00;Centro-Oeste;Site;Escritório;Impressora Multifuncional;5;4460.39;Pix;Baixo
T001447;2026-08-03 11:54:00;Centro-Oeste;Loja física;Celulares;Power Bank 20000mAh;1;198.33;Pix;Baixo
T001448;2026-04-21 02:52:00;Sudeste;Marketplace;Áudio e Vídeo;Microfone USB;2;713.62;Pix;Baixo
T001449;2026-03-25 05:43:00;Norte;Loja física;Áudio e Vídeo;Caixa Bluetooth;3;1093.37;Débito;Baixo
T001450;2026-08-22 21:07:00;Nordeste;Marketplace;Áudio e Vídeo;Headset Gamer;1;284.38;Crédito;Baixo
T001451;2026-03-14 09:02:00;Sudeste;Loja física;Celulares;Fone Bluetooth;2;450.68;Pix;Baixo
T001452;2026-07-28 23:22:00;Nordeste;Aplicativo;Games;Jogo Corrida Pro;1;272.14;Crédito;Baixo
T001453;2026-08-25 10:54:00;Centro-Oeste;Marketplace;Casa e Cozinha;Air Fryer 5L;3;1453.67;Crédito;Baixo
T001454;2026-06-26 12:49:00;Sudeste;Aplicativo;Informática;SSD SATA 480GB;1;263.64;Pix;Baixo
T001455;2026-03-15 03:08:00;Centro-Oeste;Aplicativo;Informática;SSD SATA 480GB;4;1070.23;Crédito;Baixo
T001456;2026-06-25 21:34:00;Sudeste;Loja física;Escritório;Luminária LED;5;712.58;Pix;Baixo
T001457;2026-05-07 03:08:00;Nordeste;Aplicativo;Escritório;Cadeira Ergonômica;2;2493.43;Crédito;Baixo
T001458;2026-05-31 05:03:00;Sudeste;Aplicativo;Informática;Mochila para Notebook;1;200.38;Débito;Baixo
T001459;2026-07-27 11:22:00;Sudeste;Site;Celulares;Carregador USB-C 30W;2;222.74;Pix;Baixo
T001460;2026-02-27 16:25:00;Sul;Site;Celulares;Carregador USB-C 30W;2;230.53;Débito;Baixo
T001461;2026-07-08 01:13:00;Sudeste;Aplicativo;Áudio e Vídeo;Headset Gamer;1;261.73;Débito;Baixo
T001462;2026-03-25 03:30:00;Centro-Oeste;Site;Informática;Hub USB-C 8 em 1;1;272.03;Pix;Baixo
T001463;2026-08-21 21:43:00;Sul;Loja física;Games;Cadeira Gamer;1;1091.49;Crédito;Baixo
T001464;2026-06-30 05:51:00;Centro-Oeste;Site;Games;Headset 7.1;1;469.53;Débito;Baixo
T001465;2026-03-18 10:35:00;Sul;Site;Games;Console PlaySphere 5;3;12650.54;Débito;Médio
T001466;2026-05-17 08:13:00;Sudeste;Site;Informática;Monitor 27 QHD;1;1455.71;Débito;Baixo
T001467;2026-02-12 16:19:00;Sul;Aplicativo;Áudio e Vídeo;Headset Gamer;1;264.27;Débito;Baixo
T001468;2026-04-23 17:00:00;Nordeste;Loja física;Escritório;Mesa Escritório 120cm;2;1348.48;Pix;Baixo
T001469;2026-02-10 15:00:00;Sul;Site;Escritório;Mesa Escritório 120cm;1;681.81;Pix;Baixo
T001470;2026-04-09 21:15:00;Sudeste;Loja física;Informática;Webcam Full HD;1;226.39;Pix;Baixo
T001471;2026-06-25 15:07:00;Sudeste;Site;Casa e Cozinha;Balança Digital Cozinha;1;94.65;Débito;Baixo
T001472;2026-02-15 12:45:00;Sudeste;Site;Games;Cadeira Gamer;5;5199.63;Boleto;Médio
T001473;2026-05-22 16:51:00;Sudeste;Site;Celulares;Smartphone Orion Pro 256GB;2;6142.92;Débito;Baixo
T001474;2026-06-29 03:07:00;Norte;Marketplace;Casa e Cozinha;Kit Potes Herméticos;1;128.8;Crédito;Baixo
T001475;2026-06-08 13:14:00;Norte;Site;Celulares;Smartphone Orion Pro 256GB;1;2971.17;Crédito;Baixo
T001476;2026-04-12 13:00:00;Sul;Site;Games;Volante Racing;1;1238.58;Pix;Baixo
T001477;2026-08-04 12:02:00;Sul;Aplicativo;Escritório;Impressora Multifuncional;1;775.51;Crédito;Baixo
T001478;2026-01-05 15:40:00;Sul;Site;Áudio e Vídeo;Headset Gamer;1;303.35;Pix;Baixo
T001479;2026-02-11 00:11:00;Sul;Aplicativo;Áudio e Vídeo;Suporte TV Articulado;1;155.5;Débito;Baixo
T001480;2026-04-20 11:11:00;Nordeste;Loja física;Celulares;Power Bank 20000mAh;1;199.85;Débito;Baixo
T001481;2026-02-05 14:45:00;Centro-Oeste;Aplicativo;Áudio e Vídeo;Smart TV 43 4K;1;2229.11;Pix;Baixo
T001482;2026-05-25 03:02:00;Sudeste;Loja física;Informática;Memória DDR4 16GB;3;862.46;Crédito;Baixo
T001483;2026-04-20 17:27:00;Sudeste;Aplicativo;Games;Volante Racing;1;1160.93;Pix;Baixo
T001484;2026-06-27 03:41:00;Sudeste;Site;Celulares;Carregador USB-C 30W;1;112.65;Débito;Baixo
T001485;2026-04-06 15:33:00;Norte;Marketplace;Games;Controle Sem Fio;1;360.25;Pix;Baixo
T001486;2026-02-27 17:55:00;Nordeste;Loja física;Games;Volante Racing;3;4054.66;Pix;Baixo
T001487;2026-08-20 20:33:00;Sudeste;Site;Celulares;Power Bank 20000mAh;1;229.98;Crédito;Baixo
T001488;2026-06-05 23:53:00;Sudeste;Loja física;Celulares;Capa Antichoque;1;67.17;Pix;Baixo
T001489;2026-05-19 13:35:00;Nordeste;Aplicativo;Informática;Mouse Sem Fio;1;133.86;Débito;Baixo
T001490;2026-04-30 05:05:00;Centro-Oeste;Loja física;Games;Volante Racing;1;1249.99;Débito;Baixo
T001491;2026-04-09 23:03:00;Centro-Oeste;Aplicativo;Celulares;Fone Bluetooth;2;477.16;Crédito;Baixo
T001492;2026-02-16 11:21:00;Sudeste;Site;Celulares;Smartphone Orion Pro 256GB;1;2835.97;Crédito;Baixo
T001493;2026-06-25 10:34:00;Centro-Oeste;Loja física;Celulares;Smartphone Orion 128GB;1;1758.88;Boleto;Baixo
T001494;2026-03-30 20:18:00;Sul;Aplicativo;Celulares;Película 3D;1;35.82;Crédito;Baixo
T001495;2026-04-20 22:04:00;Sudeste;Loja física;Celulares;Fone Bluetooth;1;229.94;Crédito;Baixo
T001496;2026-03-17 22:30:00;Sul;Aplicativo;Escritório;Organizador de Mesa;3;222.25;Crédito;Baixo
T001497;2026-06-28 00:28:00;Centro-Oeste;Aplicativo;Games;Jogo Aventura Lendária;5;1638.28;Pix;Baixo
T001498;2026-03-20 02:44:00;Sul;Aplicativo;Informática;Monitor 27 QHD;2;3277.84;Débito;Baixo
T001499;2026-07-26 20:59:00;Sudeste;Site;Informática;Mochila para Notebook;2;335.9;Pix;Baixo
T001500;2026-03-23 03:14:00;Sudeste;Aplicativo;Casa e Cozinha;Cafeteira Programável;2;656.14;Crédito;Baixo
T001501;2026-04-12 16:20:00;Nordeste;Site;Escritório;Organizador de Mesa;5;307.76;Pix;Baixo
T001502;2026-06-25 10:41:00;Nordeste;Aplicativo;Games;Cadeira Gamer;4;3871.37;Crédito;Baixo
T001503;2026-06-22 20:17:00;Centro-Oeste;Aplicativo;Games;Cadeira Gamer;1;1083.03;Débito;Baixo
T001504;2026-02-05 12:01:00;Sudeste;Site;Casa e Cozinha;Balança Digital Cozinha;1;93.72;Crédito;Baixo
T001505;2026-02-06 11:47:00;Sudeste;Loja física;Casa e Cozinha;Air Fryer 5L;1;521.66;Crédito;Baixo
T001506;2026-05-19 16:21:00;Nordeste;Loja física;Escritório;Luminária LED;1;136.0;Pix;Baixo
T001507;2026-08-11 03:14:00;Norte;Aplicativo;Casa e Cozinha;Balança Digital Cozinha;4;309.63;Crédito;Baixo
T001508;2026-02-07 22:05:00;Nordeste;Loja física;Áudio e Vídeo;Caixa Bluetooth;2;824.75;Crédito;Baixo
T001509;2026-04-21 06:05:00;Sudeste;Aplicativo;Casa e Cozinha;Aspirador Vertical;1;545.89;Crédito;Baixo
T001510;2026-03-11 06:34:00;Nordeste;Loja física;Games;Console PlaySphere 5;2;8864.92;Crédito;Médio
T001511;2026-01-19 22:50:00;Norte;Loja física;Games;Jogo Corrida Pro;1;256.87;Pix;Baixo
T001512;2026-06-27 19:31:00;Nordeste;Loja física;Celulares;Smartphone Vega 128GB;1;1484.76;Crédito;Baixo
T001513;2026-03-07 16:45:00;Nordeste;Site;Áudio e Vídeo;Suporte TV Articulado;1;149.71;Pix;Baixo
T001514;2026-04-17 21:00:00;Nordeste;Site;Celulares;Fone Bluetooth;3;708.34;Crédito;Baixo
T001515;2026-07-07 00:13:00;Centro-Oeste;Site;Games;Controle Sem Fio;2;742.23;Pix;Baixo
T001516;2026-05-02 02:24:00;Sudeste;Loja física;Escritório;Organizador de Mesa;2;136.6;Pix;Baixo
T001517;2026-06-02 11:36:00;Nordeste;Marketplace;Casa e Cozinha;Balança Digital Cozinha;1;81.96;Débito;Baixo
T001518;2026-07-04 17:54:00;Sul;Loja física;Informática;SSD SATA 480GB;1;263.08;Boleto;Baixo
T001519;2026-01-16 00:17:00;Sul;Site;Casa e Cozinha;Cafeteira Programável;2;595.35;Crédito;Baixo
T001520;2026-07-14 14:30:00;Centro-Oeste;Aplicativo;Games;Headset 7.1;1;456.49;Crédito;Baixo
T001521;2026-08-06 03:58:00;Sudeste;Loja física;Escritório;Luminária LED;2;238.66;Pix;Baixo
T001522;2026-06-18 19:42:00;Nordeste;Aplicativo;Games;Jogo Aventura Lendária;1;315.79;Crédito;Baixo
T001523;2026-01-21 12:09:00;Nordeste;Loja física;Games;Jogo Aventura Lendária;2;601.01;Pix;Baixo
T001524;2026-05-23 12:54:00;Sudeste;Aplicativo;Escritório;Luminária LED;1;141.4;Pix;Baixo
T001525;2026-05-29 12:44:00;Nordeste;Site;Informática;Memória DDR4 16GB;1;249.59;Pix;Baixo
T001526;2026-06-21 10:12:00;Sul;Site;Áudio e Vídeo;Smart TV 43 4K;1;2287.24;Pix;Baixo
T001527;2026-01-30 06:17:00;Sudeste;Aplicativo;Informática;SSD SATA 480GB;5;1214.71;Pix;Baixo
T001528;2026-08-04 00:44:00;Sudeste;Aplicativo;Celulares;Película 3D;1;39.08;Pix;Baixo
T001529;2026-08-22 22:42:00;Centro-Oeste;Loja física;Games;Cadeira Gamer;1;1162.09;Crédito;Baixo
T001530;2026-02-03 08:05:00;Norte;Site;Informática;SSD SATA 480GB;3;793.31;Boleto;Baixo
T001531;2026-02-09 22:28:00;Sul;Site;Informática;Webcam Full HD;1;211.63;Pix;Baixo
T001532;2026-04-12 11:28:00;Centro-Oeste;Loja física;Escritório;Fragmentadora 10 folhas;2;1220.52;Pix;Baixo
T001533;2026-08-14 00:29:00;Sudeste;Aplicativo;Games;Console PlaySphere 5;1;4022.74;Crédito;Baixo
T001534;2026-05-31 14:14:00;Sudeste;Marketplace;Áudio e Vídeo;Smart TV 43 4K;5;10761.3;Pix;Alto
T001535;2026-06-19 02:53:00;Nordeste;Aplicativo;Celulares;Smartphone Vega 128GB;1;1283.97;Crédito;Baixo
T001536;2026-01-07 07:53:00;Sul;Site;Informática;SSD SATA 480GB;1;277.08;Pix;Baixo
T001537;2026-03-16 22:08:00;Sul;Site;Celulares;Smartphone Vega 128GB;2;3009.1;Pix;Baixo
T001538;2026-02-23 08:17:00;Sul;Loja física;Informática;Webcam Full HD;1;221.61;Crédito;Baixo
T001539;2026-07-28 17:31:00;Norte;Loja física;Informática;Mochila para Notebook;1;193.85;Crédito;Baixo
T001540;2026-03-07 10:26:00;Sudeste;Site;Celulares;Carregador USB-C 30W;1;114.66;Débito;Baixo
T001541;2026-03-03 04:00:00;Sudeste;Aplicativo;Escritório;Mesa Escritório 120cm;1;629.57;Débito;Baixo
T001542;2026-05-24 18:12:00;Sudeste;Aplicativo;Celulares;Capa Antichoque;1;68.31;Pix;Baixo
T001543;2026-04-26 07:31:00;Sudeste;Aplicativo;Escritório;Luminária LED;2;263.01;Crédito;Baixo
T001544;2026-03-22 11:12:00;Sudeste;Site;Celulares;Smartphone Vega Max 256GB;1;2123.76;Crédito;Baixo
T001545;2026-04-19 05:20:00;Sudeste;Site;Escritório;Organizador de Mesa;2;120.57;Débito;Baixo
T001546;2026-04-02 12:02:00;Sudeste;Aplicativo;Casa e Cozinha;Balança Digital Cozinha;1;88.37;Crédito;Baixo
T001547;2026-04-18 20:37:00;Sul;Aplicativo;Games;Jogo Corrida Pro;2;583.18;Pix;Baixo
T001548;2026-04-24 23:31:00;Sul;Aplicativo;Áudio e Vídeo;Headset Gamer;2;532.99;Débito;Baixo
T001549;2026-04-12 01:44:00;Sudeste;Site;Casa e Cozinha;Kit Potes Herméticos;1;115.57;Crédito;Baixo
T001550;2026-01-27 11:30:00;Sul;Site;Casa e Cozinha;Panela Elétrica 5L;1;365.97;Crédito;Baixo
T001551;2026-07-08 22:33:00;Nordeste;Site;Áudio e Vídeo;Smart TV 55 4K;1;2741.33;Boleto;Baixo
T001552;2026-03-30 10:57:00;Norte;Marketplace;Celulares;Smartphone Orion Pro 256GB;4;11520.87;Pix;Alto
T001553;2026-04-15 04:46:00;Sul;Loja física;Casa e Cozinha;Jogo de Panelas 5 peças;1;376.89;Crédito;Baixo
T001554;2026-03-09 15:24:00;Norte;Site;Informática;Notebook 14 Air;4;13244.69;Crédito;Médio
T001555;2026-04-29 11:16:00;Sudeste;Site;Áudio e Vídeo;Projetor Full HD;1;1998.34;Crédito;Baixo
T001556;2026-04-23 06:34:00;Nordeste;Aplicativo;Casa e Cozinha;Jogo de Panelas 5 peças;2;883.49;Crédito;Baixo
T001557;2026-08-08 16:31:00;Sul;Site;Informática;Notebook 14 Air;1;3454.73;Crédito;Baixo
T001558;2026-06-24 09:25:00;Centro-Oeste;Site;Informática;Hub USB-C 8 em 1;1;253.57;Crédito;Baixo
T001559;2026-05-30 04:26:00;Sudeste;Loja física;Games;Console PlaySphere 5;2;7829.39;Pix;Médio
T001560;2026-05-20 15:05:00;Norte;Site;Escritório;Papel A4 500 folhas;1;33.92;Crédito;Baixo
T001561;2026-01-22 20:51:00;Sudeste;Loja física;Informática;Mochila para Notebook;3;587.0;Pix;Baixo
T001562;2026-02-26 09:51:00;Norte;Site;Games;Console NovaBox X;2;7072.81;Crédito;Médio
T001563;2026-05-14 15:12:00;Sudeste;Loja física;Games;Controle Sem Fio;3;1072.71;Pix;Baixo
T001564;2026-03-29 22:19:00;Centro-Oeste;Aplicativo;Casa e Cozinha;Jogo de Panelas 5 peças;2;860.07;Crédito;Baixo
T001565;2026-07-20 21:33:00;Nordeste;Site;Celulares;Smartphone Vega Max 256GB;3;6611.2;Crédito;Baixo
T001566;2026-03-04 20:54:00;Centro-Oeste;Loja física;Informática;Mochila para Notebook;1;170.99;Boleto;Baixo
T001567;2026-07-25 17:55:00;Nordeste;Aplicativo;Escritório;Cadeira Ergonômica;3;3368.79;Pix;Baixo
T001568;2026-03-01 11:09:00;Sudeste;Aplicativo;Informática;Hub USB-C 8 em 1;1;285.22;Crédito;Baixo
T001569;2026-06-27 08:38:00;Sudeste;Aplicativo;Informática;Mouse Sem Fio;2;270.6;Débito;Baixo
T001570;2026-02-13 23:35:00;Sudeste;Loja física;Celulares;Película 3D;2;76.23;Pix;Baixo
T001571;2026-01-20 14:22:00;Sul;Site;Informática;Memória DDR4 16GB;2;516.04;Pix;Baixo
T001572;2026-06-30 22:38:00;Sudeste;Site;Games;Controle Sem Fio;1;373.91;Crédito;Baixo
T001573;2026-01-10 03:20:00;Sul;Marketplace;Informática;Memória DDR4 16GB;1;274.43;Crédito;Baixo
T001574;2026-03-09 04:07:00;Centro-Oeste;Site;Casa e Cozinha;Sanduicheira Grill;2;354.57;Pix;Baixo
T001575;2026-05-13 18:56:00;Centro-Oeste;Aplicativo;Games;Volante Racing;1;1163.32;Débito;Baixo
T001576;2026-03-05 12:27:00;Sudeste;Site;Casa e Cozinha;Aspirador Vertical;1;506.42;Pix;Baixo
T001577;2026-01-25 01:23:00;Sudeste;Aplicativo;Games;Jogo Corrida Pro;1;290.21;Crédito;Baixo
T001578;2026-05-13 23:31:00;Sudeste;Site;Informática;Memória DDR4 16GB;1;248.82;Pix;Baixo
T001579;2026-03-16 17:54:00;Sudeste;Aplicativo;Escritório;Luminária LED;1;130.04;Débito;Baixo
T001580;2026-05-17 09:12:00;Nordeste;Marketplace;Escritório;Cadeira Ergonômica;2;2443.93;Crédito;Baixo
T001581;2026-03-31 05:10:00;Sudeste;Loja física;Casa e Cozinha;Panela Elétrica 5L;1;394.69;Débito;Baixo
T001582;2026-06-30 10:34:00;Sudeste;Loja física;Games;Jogo Corrida Pro;2;565.25;Crédito;Baixo
T001583;2026-08-25 06:29:00;Sudeste;Loja física;Escritório;Cadeira Ergonômica;1;1155.41;Crédito;Baixo
T001584;2026-06-22 15:32:00;Sul;Aplicativo;Informática;Mochila para Notebook;1;175.92;Crédito;Baixo
T001585;2026-06-01 13:35:00;Sudeste;Aplicativo;Casa e Cozinha;Cafeteira Programável;1;315.07;Débito;Baixo
T001586;2026-05-13 19:03:00;Sudeste;Site;Escritório;Suporte para Notebook;1;96.04;Pix;Baixo
T001587;2026-08-25 14:29:00;Nordeste;Site;Áudio e Vídeo;Microfone USB;5;1679.47;Pix;Baixo
T001588;2026-08-29 00:22:00;Centro-Oeste;Aplicativo;Informática;Mouse Sem Fio;3;367.12;Pix;Baixo
T001589;2026-02-16 01:04:00;Sudeste;Marketplace;Escritório;Fragmentadora 10 folhas;1;684.6;Débito;Baixo
T001590;2026-08-15 06:21:00;Sudeste;Marketplace;Games;Cadeira Gamer;1;996.36;Boleto;Médio
T001591;2026-06-27 05:28:00;Sudeste;Marketplace;Celulares;Smartphone Orion 128GB;2;3281.98;Pix;Baixo
T001592;2026-05-02 19:15:00;Norte;Loja física;Áudio e Vídeo;Smart TV 43 4K;1;2029.25;Pix;Baixo
T001593;2026-07-02 05:30:00;Sudeste;Loja física;Celulares;Capa Antichoque;1;68.79;Crédito;Baixo
T001594;2026-03-02 00:56:00;Sudeste;Loja física;Casa e Cozinha;Sanduicheira Grill;1;165.2;Boleto;Baixo
T001595;2026-06-06 19:30:00;Sul;Loja física;Escritório;Cadeira Ergonômica;1;1210.76;Crédito;Baixo
T001596;2026-07-07 22:36:00;Sul;Marketplace;Áudio e Vídeo;Smart TV 55 4K;4;12372.18;Crédito;Alto
T001597;2026-06-15 00:21:00;Sudeste;Site;Informática;Mochila para Notebook;1;189.48;Pix;Baixo
T001598;2026-06-10 22:54:00;Sul;Aplicativo;Escritório;Suporte para Notebook;1;108.35;Crédito;Baixo
T001599;2026-05-28 23:15:00;Norte;Loja física;Escritório;Suporte para Notebook;1;106.85;Pix;Baixo
T001600;2026-03-11 21:01:00;Sudeste;Aplicativo;Casa e Cozinha;Kit Potes Herméticos;1;112.4;Pix;Baixo
T001601;2026-05-24 08:33:00;Nordeste;Site;Casa e Cozinha;Sanduicheira Grill;2;362.06;Pix;Baixo
T001602;2026-01-19 19:27:00;Centro-Oeste;Site;Escritório;Fragmentadora 10 folhas;1;727.68;Crédito;Baixo
T001603;2026-03-25 19:04:00;Sul;Aplicativo;Celulares;Power Bank 20000mAh;1;197.11;Débito;Baixo
T001604;2026-01-31 12:35:00;Sudeste;Site;Celulares;Smartphone Vega Max 256GB;1;2436.06;Crédito;Baixo
T001605;2026-02-27 13:05:00;Sul;Site;Informática;Webcam Full HD;1;204.01;Pix;Baixo
T001606;2026-04-02 18:06:00;Sudeste;Site;Informática;Notebook 15 Pro;3;11297.58;Débito;Médio
T001607;2026-07-04 19:43:00;Centro-Oeste;Marketplace;Informática;Notebook 14 Air;2;6841.05;Débito;Médio
T001608;2026-04-23 19:34:00;Sul;Aplicativo;Áudio e Vídeo;Smart TV 43 4K;2;4404.52;Crédito;Baixo
T001609;2026-04-14 18:01:00;Sul;Aplicativo;Informática;Notebook 14 Air;1;3449.32;Pix;Baixo
T001610;2026-04-01 10:19:00;Sudeste;Site;Informática;Teclado Mecânico;2;685.99;Pix;Baixo
T001611;2026-01-04 04:24:00;Sudeste;Aplicativo;Informática;SSD SATA 480GB;1;261.12;Pix;Baixo
T001612;2026-07-10 08:39:00;Norte;Aplicativo;Casa e Cozinha;Air Fryer 5L;1;479.81;Pix;Baixo
T001613;2026-05-29 20:57:00;Norte;Aplicativo;Games;Volante Racing;1;1204.9;Boleto;Baixo
T001614;2026-04-03 22:23:00;Sudeste;Site;Informática;Mochila para Notebook;5;951.02;Boleto;Baixo
T001615;2026-05-09 20:44:00;Sul;Loja física;Áudio e Vídeo;Headset Gamer;3;814.07;Débito;Baixo
T001616;2026-03-25 07:11:00;Sudeste;Site;Informática;SSD SATA 480GB;1;230.95;Crédito;Baixo
T001617;2026-06-07 01:06:00;Nordeste;Site;Casa e Cozinha;Aspirador Vertical;2;1153.05;Débito;Baixo
T001618;2026-07-28 05:33:00;Sudeste;Aplicativo;Informática;Webcam Full HD;3;745.26;Débito;Baixo
T001619;2026-06-30 03:30:00;Nordeste;Site;Informática;Mochila para Notebook;2;372.09;Pix;Baixo
T001620;2026-06-20 21:15:00;Nordeste;Aplicativo;Games;Jogo Aventura Lendária;1;329.32;Crédito;Baixo
T001621;2026-08-15 02:29:00;Centro-Oeste;Aplicativo;Celulares;Smartphone Vega 128GB;1;1338.6;Crédito;Baixo
T001622;2026-02-02 22:38:00;Centro-Oeste;Site;Áudio e Vídeo;Suporte TV Articulado;1;155.04;Pix;Baixo
T001623;2026-08-02 14:33:00;Sudeste;Loja física;Áudio e Vídeo;Suporte TV Articulado;1;150.89;Crédito;Baixo
T001624;2026-07-04 04:38:00;Sudeste;Loja física;Games;Headset 7.1;2;917.08;Crédito;Baixo
T001625;2026-05-04 08:07:00;Sudeste;Site;Celulares;Carregador USB-C 30W;1;113.74;Crédito;Baixo
T001626;2026-01-26 14:56:00;Sudeste;Site;Informática;Monitor 24 IPS;1;876.94;Débito;Baixo
T001627;2026-04-04 09:37:00;Sul;Site;Áudio e Vídeo;Smart TV 43 4K;2;4426.04;Crédito;Baixo
T001628;2026-08-30 01:08:00;Sudeste;Marketplace;Games;Console NovaBox X;2;7725.87;Pix;Alto
T001629;2026-07-02 10:27:00;Sul;Aplicativo;Escritório;Luminária LED;1;137.7;Crédito;Baixo
T001630;2026-06-16 18:24:00;Norte;Site;Celulares;Smartphone Orion 128GB;3;5659.81;Pix;Baixo
T001631;2026-05-24 18:32:00;Sul;Aplicativo;Informática;Hub USB-C 8 em 1;1;273.64;Crédito;Baixo
T001632;2026-08-23 20:36:00;Sudeste;Aplicativo;Áudio e Vídeo;Soundbar 2.1;1;842.58;Pix;Baixo
T001633;2026-01-19 12:50:00;Centro-Oeste;Site;Games;Cadeira Gamer;2;1938.44;Crédito;Baixo
T001634;2026-07-06 08:40:00;Sudeste;Site;Escritório;Impressora Multifuncional;2;1684.06;Crédito;Baixo
T001635;2026-05-28 08:46:00;Norte;Site;Informática;Hub USB-C 8 em 1;2;587.85;Pix;Baixo
T001636;2026-08-28 17:37:00;Sudeste;Loja física;Games;Console PlaySphere 5;1;3906.79;Pix;Baixo
T001637;2026-08-31 07:16:00;Sudeste;Loja física;Games;Cadeira Gamer;1;1082.12;Pix;Baixo
T001638;2026-05-12 13:34:00;Sudeste;Loja física;Áudio e Vídeo;Suporte TV Articulado;1;149.33;Pix;Baixo
T001639;2026-07-10 08:29:00;Sudeste;Loja física;Escritório;Cadeira Ergonômica;4;5002.18;Crédito;Baixo
T001640;2026-07-14 00:04:00;Nordeste;Aplicativo;Casa e Cozinha;Liquidificador 1200W;2;584.61;Débito;Baixo
T001641;2026-01-19 19:22:00;Sul;Site;Games;Controle Sem Fio;2;811.4;Crédito;Baixo
T001642;2026-04-25 01:52:00;Sul;Marketplace;Celulares;Smartphone Orion Pro 256GB;2;5978.07;Pix;Médio
T001643;2026-05-28 10:45:00;Sudeste;Site;Games;Jogo Corrida Pro;3;835.09;Crédito;Baixo
T001644;2026-06-23 21:56:00;Sudeste;Marketplace;Celulares;Carregador USB-C 30W;2;250.29;Crédito;Baixo
T001645;2026-03-06 10:07:00;Sul;Aplicativo;Celulares;Carregador USB-C 30W;5;587.03;Pix;Baixo
T001646;2026-07-05 22:14:00;Sudeste;Site;Áudio e Vídeo;Microfone USB;2;751.8;Pix;Baixo
T001647;2026-07-17 18:33:00;Sudeste;Site;Celulares;Película 3D;1;38.06;Crédito;Baixo
T001648;2026-02-07 03:20:00;Sudeste;Loja física;Áudio e Vídeo;Caixa Bluetooth;3;1149.07;Crédito;Baixo
T001649;2026-03-15 23:32:00;Centro-Oeste;Aplicativo;Casa e Cozinha;Kit Potes Herméticos;3;369.3;Crédito;Baixo
T001650;2026-07-02 14:23:00;Norte;Loja física;Casa e Cozinha;Cafeteira Programável;2;635.26;Pix;Baixo
T001651;2026-04-16 14:08:00;Sudeste;Site;Games;Controle Sem Fio;3;1170.63;Pix;Baixo
T001652;2026-03-28 21:29:00;Sudeste;Loja física;Informática;Mouse Sem Fio;2;265.92;Boleto;Baixo
T001653;2026-08-20 16:23:00;Sudeste;Site;Casa e Cozinha;Jogo de Panelas 5 peças;1;444.43;Pix;Baixo
T001654;2026-07-28 20:19:00;Sudeste;Site;Games;Volante Racing;1;1205.45;Crédito;Baixo
T001655;2026-05-26 03:53:00;Nordeste;Site;Celulares;Smartphone Orion 128GB;2;3639.4;Pix;Baixo
T001656;2026-08-09 12:25:00;Sudeste;Site;Celulares;Smartphone Vega 128GB;2;3017.91;Crédito;Baixo
T001657;2026-03-12 21:34:00;Norte;Marketplace;Informática;Mouse Sem Fio;2;250.29;Crédito;Baixo
T001658;2026-04-06 18:44:00;Sudeste;Aplicativo;Escritório;Mesa Escritório 120cm;2;1235.89;Crédito;Baixo
T001659;2026-07-30 21:18:00;Nordeste;Aplicativo;Informática;SSD NVMe 1TB;1;463.15;Crédito;Baixo
T001660;2026-05-26 21:59:00;Sul;Site;Casa e Cozinha;Aspirador Vertical;2;1022.29;Crédito;Baixo
T001661;2026-01-11 15:22:00;Sul;Loja física;Games;Cadeira Gamer;3;2900.49;Pix;Baixo
T001662;2026-07-19 03:25:00;Sudeste;Site;Informática;Monitor 27 QHD;1;1437.54;Pix;Baixo
T001663;2026-07-23 12:22:00;Nordeste;Site;Casa e Cozinha;Cafeteira Programável;1;278.98;Débito;Baixo
T001664;2026-04-17 11:20:00;Sudeste;Loja física;Games;Console PlaySphere 5;2;8174.04;Crédito;Médio
T001665;2026-06-01 13:08:00;Sudeste;Aplicativo;Escritório;Cadeira Ergonômica;1;1066.18;Crédito;Baixo
T001666;2026-03-08 13:55:00;Sudeste;Aplicativo;Celulares;Smartphone Vega Max 256GB;3;7467.08;Pix;Médio
T001667;2026-01-20 23:49:00;Sudeste;Site;Escritório;Mesa Escritório 120cm;4;2364.87;Débito;Baixo
T001668;2026-06-07 14:09:00;Sudeste;Aplicativo;Celulares;Smartphone Vega Max 256GB;1;2129.99;Débito;Baixo
T001669;2026-05-02 20:10:00;Sudeste;Loja física;Áudio e Vídeo;Caixa Bluetooth;2;783.03;Pix;Baixo
T001670;2026-01-15 19:49:00;Sul;Marketplace;Áudio e Vídeo;Microfone USB;2;671.29;Crédito;Baixo
T001671;2026-03-02 19:14:00;Sudeste;Marketplace;Games;Controle Sem Fio;1;374.8;Pix;Baixo
T001672;2026-06-19 01:29:00;Sudeste;Site;Celulares;Fone Bluetooth;2;435.34;Crédito;Baixo
T001673;2026-04-21 12:48:00;Sul;Site;Informática;SSD SATA 480GB;2;562.15;Crédito;Baixo
T001674;2026-07-09 23:21:00;Centro-Oeste;Aplicativo;Casa e Cozinha;Air Fryer 5L;1;434.13;Pix;Baixo
T001675;2026-05-01 00:24:00;Sudeste;Site;Casa e Cozinha;Cafeteira Programável;1;320.07;Crédito;Baixo
T001676;2026-03-06 00:35:00;Sul;Site;Informática;SSD NVMe 1TB;1;459.39;Crédito;Baixo
T001677;2026-02-20 06:25:00;Nordeste;Site;Games;Volante Racing;2;2373.26;Crédito;Baixo
T001678;2026-01-24 14:00:00;Sul;Site;Escritório;Fragmentadora 10 folhas;1;684.83;Pix;Baixo
T001679;2026-06-20 02:09:00;Sul;Marketplace;Games;Cadeira Gamer;1;1016.49;Crédito;Baixo
T001680;2026-07-17 17:19:00;Sudeste;Aplicativo;Escritório;Luminária LED;6;817.81;Débito;Baixo
T001681;2026-04-11 15:46:00;Sudeste;Loja física;Games;Headset 7.1;1;453.8;Crédito;Baixo
T001682;2026-02-27 00:09:00;Sudeste;Aplicativo;Games;Console NovaBox X;1;3720.62;Pix;Baixo
T001683;2026-05-14 00:05:00;Sudeste;Site;Celulares;Carregador USB-C 30W;2;242.53;Pix;Baixo
T001684;2026-08-29 12:11:00;Sul;Marketplace;Celulares;Smartphone Vega 128GB;1;1355.32;Crédito;Baixo
T001685;2026-07-11 03:27:00;Sudeste;Aplicativo;Casa e Cozinha;Sanduicheira Grill;1;153.39;Pix;Baixo
T001686;2026-07-26 01:50:00;Sudeste;Site;Celulares;Power Bank 20000mAh;1;226.92;Crédito;Baixo
T001687;2026-06-30 05:58:00;Sul;Site;Escritório;Luminária LED;1;139.45;Crédito;Baixo
T001688;2026-03-08 18:15:00;Sudeste;Site;Casa e Cozinha;Balança Digital Cozinha;1;86.64;Crédito;Baixo
T001689;2026-05-16 18:16:00;Nordeste;Aplicativo;Informática;Mouse Sem Fio;1;124.49;Crédito;Baixo
T001690;2026-05-12 17:12:00;Sudeste;Loja física;Áudio e Vídeo;Projetor Full HD;1;1874.31;Boleto;Baixo
T001691;2026-06-27 00:47:00;Sudeste;Site;Informática;Mouse Sem Fio;2;229.72;Pix;Baixo
T001692;2026-02-16 22:58:00;Sudeste;Aplicativo;Games;Headset 7.1;1;446.82;Crédito;Baixo
T001693;2026-04-27 06:10:00;Norte;Aplicativo;Escritório;Luminária LED;1;132.24;Crédito;Baixo
T001694;2026-04-22 14:56:00;Sul;Site;Casa e Cozinha;Kit Potes Herméticos;2;273.84;Pix;Baixo
T001695;2026-02-09 18:44:00;Sul;Site;Games;Headset 7.1;2;800.75;Pix;Baixo
T001696;2026-08-13 00:59:00;Sudeste;Loja física;Informática;Mouse Sem Fio;1;125.69;Crédito;Baixo
T001697;2026-03-20 17:46:00;Sul;Site;Áudio e Vídeo;Microfone USB;1;333.1;Débito;Baixo
T001698;2026-05-23 23:45:00;Sudeste;Site;Celulares;Smartphone Orion 128GB;1;1906.24;Crédito;Baixo
T001699;2026-01-22 23:30:00;Sul;Marketplace;Casa e Cozinha;Kit Potes Herméticos;1;125.39;Pix;Baixo
T001700;2026-04-06 13:30:00;Centro-Oeste;Aplicativo;Casa e Cozinha;Kit Potes Herméticos;1;121.55;Pix;Baixo
T001701;2026-04-11 20:23:00;Sul;Loja física;Informática;Monitor 24 IPS;5;3866.8;Crédito;Baixo
T001702;2026-06-23 17:59:00;Sudeste;Aplicativo;Informática;SSD NVMe 1TB;2;966.03;Pix;Baixo
T001703;2026-01-07 00:24:00;Sudeste;Site;Áudio e Vídeo;Microfone USB;2;724.02;Pix;Baixo
T001704;2026-02-09 19:15:00;Sudeste;Aplicativo;Celulares;Fone Bluetooth;2;504.32;Crédito;Baixo
T001705;2026-07-06 11:48:00;Sul;Loja física;Áudio e Vídeo;Microfone USB;2;723.13;Pix;Baixo
T001706;2026-03-22 04:52:00;Sudeste;Loja física;Informática;Teclado Mecânico;4;1389.74;Crédito;Baixo
T001707;2026-07-13 17:57:00;Norte;Loja física;Informática;SSD SATA 480GB;1;256.25;Boleto;Baixo
T001708;2026-04-19 19:38:00;Sudeste;Aplicativo;Áudio e Vídeo;Projetor Full HD;2;3535.85;Débito;Baixo
T001709;2026-08-13 10:25:00;Sul;Aplicativo;Áudio e Vídeo;Soundbar 2.1;1;711.8;Débito;Baixo
T001710;2026-02-22 20:09:00;Nordeste;Site;Casa e Cozinha;Balança Digital Cozinha;1;88.01;Débito;Baixo
T001711;2026-03-12 10:04:00;Sudeste;Aplicativo;Games;Cadeira Gamer;1;996.08;Débito;Baixo
T001712;2026-08-11 22:12:00;Nordeste;Aplicativo;Informática;SSD SATA 480GB;2;480.56;Crédito;Baixo
T001713;2026-05-09 13:30:00;Nordeste;Aplicativo;Casa e Cozinha;Jogo de Panelas 5 peças;1;437.77;Boleto;Baixo
T001714;2026-06-06 22:51:00;Sudeste;Site;Informática;Mouse Sem Fio;4;488.86;Crédito;Baixo
T001715;2026-02-17 08:49:00;Sudeste;Marketplace;Áudio e Vídeo;Projetor Full HD;1;1960.55;Pix;Baixo
T001716;2026-07-24 09:59:00;Sudeste;Site;Áudio e Vídeo;Headset Gamer;3;752.62;Pix;Baixo
T001717;2026-03-03 05:18:00;Centro-Oeste;Site;Informática;Monitor 27 QHD;2;3009.22;Crédito;Baixo
T001718;2026-06-13 18:05:00;Sul;Loja física;Celulares;Smartphone Orion Pro 256GB;2;5383.62;Crédito;Baixo
T001719;2026-07-22 10:17:00;Sudeste;Aplicativo;Informática;SSD SATA 480GB;1;254.76;Crédito;Baixo
T001720;2026-04-18 08:45:00;Sudeste;Loja física;Celulares;Capa Antichoque;1;72.07;Pix;Baixo
T001721;2026-08-26 05:14:00;Centro-Oeste;Marketplace;Casa e Cozinha;Jogo de Panelas 5 peças;1;371.14;Crédito;Baixo
T001722;2026-04-04 11:33:00;Norte;Aplicativo;Celulares;Fone Bluetooth;1;259.22;Crédito;Baixo
T001723;2026-04-14 07:09:00;Norte;Loja física;Celulares;Smartphone Vega 128GB;2;2761.92;Crédito;Baixo
T001724;2026-07-28 19:54:00;Nordeste;Site;Celulares;Smartphone Vega Max 256GB;1;2368.88;Pix;Baixo
T001725;2026-04-02 01:20:00;Nordeste;Marketplace;Áudio e Vídeo;Suporte TV Articulado;1;146.93;Crédito;Baixo
T001726;2026-04-02 09:18:00;Sudeste;Aplicativo;Informática;SSD SATA 480GB;2;494.5;Pix;Baixo
T001727;2026-07-20 09:27:00;Nordeste;Site;Informática;Monitor 24 IPS;1;952.92;Pix;Baixo
T001728;2026-03-25 05:22:00;Sudeste;Site;Casa e Cozinha;Balança Digital Cozinha;1;81.28;Pix;Baixo
T001729;2026-08-24 22:53:00;Sul;Site;Áudio e Vídeo;Caixa Bluetooth;3;1110.87;Débito;Baixo
T001730;2026-06-11 05:13:00;Sudeste;Site;Casa e Cozinha;Cafeteira Programável;1;287.31;Crédito;Baixo
T001731;2026-04-24 17:00:00;Sudeste;Aplicativo;Informática;SSD NVMe 1TB;1;510.57;Crédito;Baixo
T001732;2026-02-12 07:06:00;Sudeste;Marketplace;Informática;Notebook 15 Pro;5;17653.54;Crédito;Alto
T001733;2026-06-08 23:58:00;Sudeste;Site;Informática;SSD SATA 480GB;1;273.07;Pix;Baixo
T001734;2026-02-13 06:08:00;Norte;Loja física;Escritório;Luminária LED;2;237.9;Crédito;Baixo
T001735;2026-03-15 16:09:00;Centro-Oeste;Site;Escritório;Fragmentadora 10 folhas;2;1430.89;Pix;Baixo
T001736;2026-02-05 00:30:00;Sudeste;Aplicativo;Games;Console PlaySphere 5;1;4333.4;Débito;Baixo
T001737;2026-06-26 09:00:00;Sudeste;Site;Games;Volante Racing;2;2310.21;Pix;Baixo
T001738;2026-03-26 20:27:00;Sul;Site;Escritório;Organizador de Mesa;2;128.34;Pix;Baixo
T001739;2026-08-13 07:33:00;Sudeste;Site;Celulares;Fone Bluetooth;1;255.24;Crédito;Baixo
T001740;2026-07-30 22:04:00;Nordeste;Site;Celulares;Película 3D;1;41.34;Crédito;Baixo
T001741;2026-01-30 00:02:00;Sudeste;Site;Games;Jogo Aventura Lendária;1;327.94;Débito;Baixo
T001742;2026-01-08 21:56:00;Nordeste;Loja física;Informática;Mouse Sem Fio;3;353.02;Crédito;Baixo
T001743;2026-08-16 15:42:00;Sul;Aplicativo;Informática;Webcam Full HD;3;747.68;Débito;Baixo
T001744;2026-03-01 09:35:00;Sudeste;Aplicativo;Informática;Monitor 27 QHD;1;1658.24;Débito;Baixo
T001745;2026-04-29 10:44:00;Sudeste;Aplicativo;Casa e Cozinha;Panela Elétrica 5L;2;747.64;Pix;Baixo
T001746;2026-08-03 20:48:00;Nordeste;Aplicativo;Informática;Webcam Full HD;1;253.13;Crédito;Baixo
T001747;2026-07-29 04:45:00;Sudeste;Aplicativo;Celulares;Smartphone Orion Pro 256GB;3;9112.82;Crédito;Médio
T001748;2026-05-27 12:59:00;Centro-Oeste;Site;Casa e Cozinha;Aspirador Vertical;6;2942.91;Boleto;Baixo
T001749;2026-08-16 14:57:00;Centro-Oeste;Marketplace;Casa e Cozinha;Kit Potes Herméticos;6;786.82;Crédito;Baixo
T001750;2026-08-01 07:53:00;Sul;Aplicativo;Casa e Cozinha;Panela Elétrica 5L;4;1586.68;Pix;Baixo
T001751;2026-07-10 18:20:00;Sudeste;Loja física;Games;Jogo Corrida Pro;3;858.54;Débito;Baixo
T001752;2026-03-27 05:20:00;Sudeste;Aplicativo;Celulares;Smartphone Vega 128GB;1;1506.41;Débito;Baixo
T001753;2026-08-16 02:04:00;Nordeste;Aplicativo;Casa e Cozinha;Cafeteira Programável;1;283.6;Débito;Baixo
T001754;2026-06-13 10:18:00;Sul;Site;Games;Console NovaBox X;1;3745.48;Pix;Baixo
T001755;2026-08-16 18:52:00;Centro-Oeste;Site;Informática;SSD NVMe 1TB;1;475.55;Crédito;Baixo
T001756;2026-04-27 00:56:00;Norte;Loja física;Áudio e Vídeo;Caixa Bluetooth;1;389.55;Crédito;Baixo
T001757;2026-04-17 08:01:00;Sudeste;Loja física;Casa e Cozinha;Kit Potes Herméticos;2;268.01;Crédito;Baixo
T001758;2026-07-24 12:06:00;Centro-Oeste;Site;Escritório;Suporte para Notebook;1;107.79;Crédito;Baixo
T001759;2026-02-16 00:26:00;Nordeste;Marketplace;Celulares;Carregador USB-C 30W;1;105.93;Pix;Baixo
T001760;2026-03-13 21:59:00;Sul;Site;Casa e Cozinha;Panela Elétrica 5L;2;789.21;Débito;Baixo
T001761;2026-02-14 04:50:00;Nordeste;Aplicativo;Informática;Mochila para Notebook;2;355.6;Débito;Baixo
T001762;2026-03-22 02:11:00;Sudeste;Site;Áudio e Vídeo;Smart TV 55 4K;1;3081.27;Crédito;Baixo
T001763;2026-06-13 10:51:00;Nordeste;Aplicativo;Casa e Cozinha;Air Fryer 5L;2;959.61;Débito;Baixo
T001764;2026-04-26 00:29:00;Norte;Site;Celulares;Smartphone Vega Max 256GB;2;4856.06;Crédito;Baixo
T001765;2026-02-20 00:15:00;Sul;Aplicativo;Informática;Mochila para Notebook;2;332.61;Crédito;Baixo
T001766;2026-07-11 06:50:00;Nordeste;Aplicativo;Áudio e Vídeo;Microfone USB;1;331.48;Boleto;Baixo
T001767;2026-06-20 11:36:00;Sudeste;Loja física;Informática;Webcam Full HD;1;234.55;Crédito;Baixo
T001768;2026-08-08 04:22:00;Sudeste;Site;Games;Console PlaySphere 5;1;4541.61;Pix;Baixo
T001769;2026-07-15 22:54:00;Sudeste;Marketplace;Games;Headset 7.1;1;428.89;Crédito;Baixo
T001770;2026-05-06 10:05:00;Centro-Oeste;Site;Informática;Mouse Sem Fio;1;115.59;Pix;Baixo
T001771;2026-01-25 09:12:00;Sudeste;Loja física;Casa e Cozinha;Liquidificador 1200W;4;1103.44;Boleto;Baixo
T001772;2026-06-28 23:45:00;Sul;Aplicativo;Casa e Cozinha;Sanduicheira Grill;4;689.26;Crédito;Baixo
T001773;2026-05-20 12:42:00;Nordeste;Site;Games;Console NovaBox X;1;4122.72;Pix;Baixo
T001774;2026-06-30 04:00:00;Sudeste;Marketplace;Casa e Cozinha;Sanduicheira Grill;1;163.3;Crédito;Baixo
T001775;2026-08-31 00:00:00;Nordeste;Site;Informática;Monitor 27 QHD;1;1419.05;Pix;Baixo
T001776;2026-03-16 04:18:00;Norte;Loja física;Informática;Notebook 14 Air;1;3056.4;Pix;Baixo
T001777;2026-03-31 22:58:00;Nordeste;Site;Escritório;Papel A4 500 folhas;1;32.79;Crédito;Baixo
T001778;2026-08-18 07:34:00;Nordeste;Marketplace;Games;Cadeira Gamer;2;1889.47;Pix;Baixo
T001779;2026-02-26 02:28:00;Nordeste;Site;Escritório;Impressora Multifuncional;2;1682.42;Pix;Baixo
T001780;2026-07-18 00:58:00;Sul;Site;Áudio e Vídeo;Soundbar 2.1;1;845.32;Crédito;Baixo
T001781;2026-07-16 15:57:00;Centro-Oeste;Marketplace;Escritório;Fragmentadora 10 folhas;1;607.34;Pix;Baixo
T001782;2026-03-13 04:49:00;Sudeste;Aplicativo;Celulares;Power Bank 20000mAh;1;202.26;Crédito;Baixo
T001783;2026-06-11 00:41:00;Sul;Aplicativo;Games;Console NovaBox X;5;19490.38;Crédito;Médio
T001784;2026-01-25 19:57:00;Sul;Loja física;Casa e Cozinha;Balança Digital Cozinha;3;268.22;Crédito;Baixo
T001785;2026-01-22 17:53:00;Sul;Site;Games;Headset 7.1;2;848.09;Crédito;Baixo
T001786;2026-02-02 14:40:00;Sudeste;Site;Escritório;Papel A4 500 folhas;1;36.91;Pix;Baixo
T001787;2026-01-16 21:36:00;Norte;Loja física;Escritório;Fragmentadora 10 folhas;2;1286.84;Débito;Baixo
T001788;2026-05-24 19:09:00;Sudeste;Site;Casa e Cozinha;Balança Digital Cozinha;3;248.41;Crédito;Baixo
T001789;2026-08-04 05:55:00;Nordeste;Site;Informática;SSD NVMe 1TB;2;997.83;Crédito;Baixo
T001790;2026-08-09 15:59:00;Nordeste;Site;Informática;Teclado Mecânico;4;1441.49;Débito;Baixo
T001791;2026-08-25 02:37:00;Nordeste;Aplicativo;Áudio e Vídeo;Smart TV 43 4K;2;4413.05;Crédito;Baixo
T001792;2026-07-16 07:58:00;Sudeste;Marketplace;Games;Headset 7.1;2;790.79;Débito;Baixo
T001793;2026-05-05 09:07:00;Sudeste;Loja física;Áudio e Vídeo;Smart TV 43 4K;1;2242.33;Crédito;Baixo
T001794;2026-07-29 02:39:00;Nordeste;Loja física;Celulares;Smartphone Vega Max 256GB;1;2065.14;Crédito;Baixo
T001795;2026-03-18 00:45:00;Sudeste;Site;Casa e Cozinha;Jogo de Panelas 5 peças;1;414.71;Débito;Baixo
T001796;2026-07-07 08:11:00;Sudeste;Site;Escritório;Luminária LED;2;276.27;Pix;Baixo
T001797;2026-07-11 06:47:00;Sudeste;Site;Games;Jogo Corrida Pro;1;309.31;Pix;Baixo
T001798;2026-01-27 13:25:00;Centro-Oeste;Loja física;Escritório;Luminária LED;6;842.79;Pix;Baixo
T001799;2026-03-29 19:57:00;Sudeste;Site;Áudio e Vídeo;Projetor Full HD;1;1758.71;Pix;Baixo
T001800;2026-07-05 11:33:00;Nordeste;Site;Escritório;Luminária LED;1;134.12;Pix;Baixo
T001801;2026-01-10 21:49:00;Sudeste;Site;Casa e Cozinha;Air Fryer 5L;3;1466.3;Crédito;Baixo
T001802;2026-04-09 14:04:00;Nordeste;Site;Games;Volante Racing;1;1268.65;Débito;Baixo
T001803;2026-08-04 05:53:00;Nordeste;Aplicativo;Casa e Cozinha;Aspirador Vertical;2;1028.98;Débito;Baixo
T001804;2026-06-16 16:18:00;Sudeste;Aplicativo;Áudio e Vídeo;Smart TV 55 4K;1;3351.76;Débito;Baixo
T001805;2026-07-18 01:51:00;Centro-Oeste;Site;Informática;Monitor 24 IPS;3;2340.53;Crédito;Baixo
T001806;2026-06-25 23:26:00;Sudeste;Site;Celulares;Película 3D;1;34.31;Crédito;Baixo
T001807;2026-07-03 15:25:00;Sudeste;Loja física;Casa e Cozinha;Aspirador Vertical;1;568.97;Pix;Baixo
T001808;2026-06-15 12:47:00;Sul;Aplicativo;Informática;Notebook 14 Air;2;5958.19;Pix;Baixo
T001809;2026-04-18 16:26:00;Sudeste;Aplicativo;Celulares;Smartphone Vega 128GB;3;4410.19;Crédito;Baixo
T001810;2026-04-10 14:30:00;Sudeste;Site;Informática;Teclado Mecânico;2;639.54;Débito;Baixo
T001811;2026-07-15 07:32:00;Nordeste;Loja física;Games;Volante Racing;5;6843.11;Crédito;Baixo
T001812;2026-01-17 18:12:00;Sudeste;Site;Escritório;Papel A4 500 folhas;6;203.79;Pix;Baixo
T001813;2026-08-25 16:45:00;Centro-Oeste;Aplicativo;Games;Cadeira Gamer;1;1104.24;Crédito;Baixo
T001814;2026-07-05 12:01:00;Sudeste;Marketplace;Games;Volante Racing;1;1186.92;Pix;Baixo
T001815;2026-05-26 06:00:00;Sul;Aplicativo;Escritório;Fragmentadora 10 folhas;1;715.66;Crédito;Baixo
T001816;2026-04-25 13:57:00;Nordeste;Site;Informática;Hub USB-C 8 em 1;1;296.29;Crédito;Baixo
T001817;2026-04-04 10:19:00;Sul;Site;Celulares;Smartphone Vega 128GB;3;4469.45;Boleto;Médio
T001818;2026-04-06 11:29:00;Sudeste;Marketplace;Informática;Notebook 15 Pro;1;3950.61;Crédito;Médio
T001819;2026-03-14 01:41:00;Sudeste;Aplicativo;Escritório;Cadeira Ergonômica;2;2154.72;Pix;Baixo
T001820;2026-04-30 09:10:00;Norte;Aplicativo;Áudio e Vídeo;Microfone USB;1;336.82;Pix;Baixo
T001821;2026-07-21 21:10:00;Nordeste;Marketplace;Celulares;Fone Bluetooth;2;512.72;Crédito;Baixo
T001822;2026-07-21 04:17:00;Sudeste;Aplicativo;Games;Console PlaySphere 5;1;4118.33;Crédito;Baixo
T001823;2026-02-26 15:21:00;Sudeste;Marketplace;Informática;Monitor 27 QHD;1;1476.0;Crédito;Baixo
T001824;2026-07-16 15:25:00;Sudeste;Marketplace;Informática;SSD SATA 480GB;1;264.33;Débito;Baixo
T001825;2026-03-18 15:44:00;Sul;Site;Casa e Cozinha;Air Fryer 5L;3;1493.86;Pix;Baixo
T001826;2026-04-03 01:22:00;Sul;Aplicativo;Celulares;Película 3D;3;120.65;Crédito;Baixo
T001827;2026-01-28 18:36:00;Sudeste;Marketplace;Áudio e Vídeo;Smart TV 55 4K;1;3220.35;Crédito;Baixo
T001828;2026-06-06 09:32:00;Sudeste;Aplicativo;Áudio e Vídeo;Soundbar 2.1;2;1671.52;Crédito;Baixo
T001829;2026-03-28 07:27:00;Sudeste;Loja física;Games;Cadeira Gamer;1;1105.12;Pix;Baixo
T001830;2026-04-05 11:00:00;Sudeste;Marketplace;Informática;Notebook 15 Pro;1;3548.77;Pix;Médio
T001831;2026-01-18 13:22:00;Nordeste;Aplicativo;Escritório;Fragmentadora 10 folhas;1;608.39;Crédito;Baixo
T001832;2026-02-22 16:09:00;Sul;Site;Celulares;Capa Antichoque;1;65.39;Débito;Baixo
T001833;2026-07-20 14:02:00;Sudeste;Aplicativo;Games;Controle Sem Fio;2;754.02;Crédito;Baixo
T001834;2026-05-10 11:03:00;Sul;Loja física;Games;Console PlaySphere 5;1;4320.5;Crédito;Baixo
T001835;2026-08-03 01:58:00;Nordeste;Aplicativo;Casa e Cozinha;Air Fryer 5L;1;453.63;Crédito;Baixo
T001836;2026-07-24 11:19:00;Nordeste;Site;Áudio e Vídeo;Microfone USB;1;340.73;Débito;Baixo
T001837;2026-01-20 11:02:00;Nordeste;Site;Escritório;Organizador de Mesa;2;146.21;Crédito;Baixo
T001838;2026-05-20 21:06:00;Sudeste;Site;Casa e Cozinha;Aspirador Vertical;2;1142.65;Débito;Baixo
T001839;2026-02-16 12:13:00;Nordeste;Site;Escritório;Mesa Escritório 120cm;1;572.76;Pix;Baixo
T001840;2026-08-11 01:32:00;Centro-Oeste;Site;Games;Console NovaBox X;1;3488.42;Crédito;Baixo
T001841;2026-05-28 03:37:00;Norte;Aplicativo;Escritório;Organizador de Mesa;2;120.73;Crédito;Baixo
T001842;2026-04-30 02:18:00;Sul;Site;Games;Console PlaySphere 5;1;3858.03;Crédito;Baixo
T001843;2026-08-28 02:05:00;Sudeste;Site;Celulares;Fone Bluetooth;1;254.94;Crédito;Baixo
T001844;2026-07-17 03:29:00;Nordeste;Site;Celulares;Power Bank 20000mAh;3;650.24;Crédito;Baixo
T001845;2026-07-14 12:35:00;Sul;Aplicativo;Games;Jogo Corrida Pro;1;271.91;Débito;Baixo
T001846;2026-02-02 00:21:00;Sudeste;Site;Áudio e Vídeo;Headset Gamer;1;251.42;Crédito;Baixo
T001847;2026-05-05 05:56:00;Sudeste;Aplicativo;Escritório;Luminária LED;2;242.87;Crédito;Baixo
T001848;2026-07-20 03:23:00;Nordeste;Aplicativo;Áudio e Vídeo;Soundbar 2.1;3;2282.63;Crédito;Baixo
T001849;2026-08-07 13:34:00;Sul;Site;Games;Headset 7.1;1;441.21;Pix;Baixo
T001850;2026-06-26 09:18:00;Sul;Site;Escritório;Cadeira Ergonômica;1;1176.98;Pix;Baixo
T001851;2026-07-19 15:18:00;Sudeste;Aplicativo;Escritório;Suporte para Notebook;1;112.61;Crédito;Baixo
T001852;2026-05-18 02:31:00;Sudeste;Loja física;Informática;Teclado Mecânico;1;306.16;Crédito;Baixo
T001853;2026-05-15 11:30:00;Sudeste;Aplicativo;Celulares;Fone Bluetooth;1;236.45;Crédito;Baixo
T001854;2026-05-28 18:58:00;Sudeste;Site;Informática;SSD NVMe 1TB;1;457.42;Crédito;Baixo
T001855;2026-05-20 06:23:00;Centro-Oeste;Aplicativo;Informática;Teclado Mecânico;2;665.07;Crédito;Baixo
T001856;2026-06-07 23:05:00;Nordeste;Marketplace;Celulares;Smartphone Vega 128GB;1;1450.19;Crédito;Baixo
T001857;2026-06-30 00:50:00;Nordeste;Site;Casa e Cozinha;Liquidificador 1200W;2;490.38;Crédito;Baixo
T001858;2026-03-23 02:39:00;Sul;Site;Escritório;Luminária LED;1;125.77;Crédito;Baixo
T001859;2026-04-01 13:50:00;Nordeste;Marketplace;Informática;Hub USB-C 8 em 1;1;290.37;Crédito;Baixo
T001860;2026-08-14 10:04:00;Norte;Site;Informática;SSD SATA 480GB;2;510.49;Crédito;Baixo
T001861;2026-06-17 01:26:00;Sul;Aplicativo;Informática;Notebook 14 Air;1;3134.68;Pix;Baixo
T001862;2026-08-13 14:26:00;Sudeste;Marketplace;Áudio e Vídeo;Caixa Bluetooth;1;385.95;Crédito;Baixo
T001863;2026-07-09 18:22:00;Sudeste;Site;Áudio e Vídeo;Smart TV 55 4K;1;3012.94;Crédito;Baixo
T001864;2026-03-03 12:19:00;Sudeste;Site;Informática;Mochila para Notebook;1;176.37;Pix;Baixo
T001865;2026-02-27 01:12:00;Sudeste;Aplicativo;Informática;Notebook 15 Pro;1;3841.96;Débito;Baixo
T001866;2026-02-24 17:23:00;Sudeste;Aplicativo;Games;Jogo Aventura Lendária;1;316.94;Crédito;Baixo
T001867;2026-01-14 21:37:00;Sul;Marketplace;Casa e Cozinha;Aspirador Vertical;2;1055.27;Débito;Baixo
T001868;2026-03-22 18:28:00;Sudeste;Loja física;Áudio e Vídeo;Caixa Bluetooth;2;700.83;Débito;Baixo
T001869;2026-08-09 10:34:00;Sudeste;Aplicativo;Escritório;Organizador de Mesa;4;267.52;Crédito;Baixo
T001870;2026-05-12 12:23:00;Sudeste;Loja física;Informática;Monitor 24 IPS;4;3759.76;Pix;Baixo
T001871;2026-04-13 18:50:00;Centro-Oeste;Marketplace;Escritório;Cadeira Ergonômica;1;1254.93;Pix;Baixo
T001872;2026-04-18 15:30:00;Centro-Oeste;Site;Informática;Memória DDR4 16GB;6;1651.06;Débito;Baixo
T001873;2026-07-26 01:22:00;Sudeste;Aplicativo;Áudio e Vídeo;Smart TV 43 4K;4;8452.92;Crédito;Médio
T001874;2026-03-31 16:30:00;Nordeste;Aplicativo;Informática;Notebook 15 Pro;1;4073.58;Crédito;Baixo
T001875;2026-04-11 15:53:00;Sudeste;Aplicativo;Games;Jogo Aventura Lendária;1;343.31;Crédito;Baixo
T001876;2026-04-30 10:36:00;Sudeste;Loja física;Games;Jogo Aventura Lendária;1;356.7;Crédito;Baixo
T001877;2026-08-18 14:55:00;Sul;Aplicativo;Games;Controle Sem Fio;1;391.49;Pix;Baixo
T001878;2026-07-23 21:24:00;Sul;Aplicativo;Casa e Cozinha;Balança Digital Cozinha;1;90.77;Pix;Baixo
T001879;2026-08-04 01:29:00;Sudeste;Marketplace;Informática;Mochila para Notebook;1;164.0;Crédito;Baixo
T001880;2026-05-02 22:41:00;Sudeste;Site;Games;Volante Racing;5;6250.47;Débito;Baixo
T001881;2026-02-27 04:05:00;Sul;Loja física;Celulares;Smartphone Orion 128GB;1;1774.03;Pix;Baixo
T001882;2026-01-02 18:08:00;Sul;Site;Celulares;Carregador USB-C 30W;4;410.41;Crédito;Baixo
T001883;2026-07-29 02:12:00;Sudeste;Aplicativo;Celulares;Smartphone Vega 128GB;2;2632.21;Crédito;Baixo
T001884;2026-02-10 16:43:00;Sudeste;Aplicativo;Escritório;Organizador de Mesa;5;307.11;Pix;Baixo
T001885;2026-06-04 01:03:00;Sudeste;Marketplace;Áudio e Vídeo;Smart TV 55 4K;1;2945.53;Crédito;Baixo
T001886;2026-04-11 20:30:00;Norte;Aplicativo;Informática;Monitor 24 IPS;4;3291.41;Boleto;Baixo
T001887;2026-06-09 15:48:00;Nordeste;Loja física;Celulares;Película 3D;4;148.38;Crédito;Baixo
T001888;2026-04-14 23:54:00;Sudeste;Aplicativo;Informática;Webcam Full HD;1;232.55;Crédito;Baixo
T001889;2026-01-24 10:32:00;Nordeste;Aplicativo;Celulares;Capa Antichoque;1;71.27;Crédito;Baixo
T001890;2026-07-05 18:08:00;Nordeste;Site;Celulares;Smartphone Orion 128GB;1;1544.72;Crédito;Baixo
T001891;2026-02-01 18:11:00;Sudeste;Site;Celulares;Smartphone Vega Max 256GB;2;4743.29;Pix;Baixo
T001892;2026-03-31 15:51:00;Sudeste;Site;Games;Volante Racing;1;1333.25;Crédito;Baixo
T001893;2026-07-18 08:18:00;Sudeste;Marketplace;Games;Controle Sem Fio;1;353.03;Pix;Baixo
T001894;2026-08-10 13:53:00;Norte;Loja física;Games;Jogo Corrida Pro;3;824.79;Pix;Baixo
T001895;2026-04-19 05:42:00;Nordeste;Site;Games;Console PlaySphere 5;1;4386.68;Crédito;Baixo
T001896;2026-02-13 04:13:00;Nordeste;Loja física;Casa e Cozinha;Kit Potes Herméticos;1;117.1;Crédito;Baixo
T001897;2026-02-21 15:06:00;Sul;Site;Escritório;Papel A4 500 folhas;1;33.47;Boleto;Baixo
T001898;2026-03-30 21:17:00;Sudeste;Loja física;Informática;Memória DDR4 16GB;1;253.18;Crédito;Baixo
T001899;2026-02-14 12:51:00;Sudeste;Site;Games;Console NovaBox X;2;7602.89;Crédito;Médio
T001900;2026-04-18 14:34:00;Nordeste;Aplicativo;Áudio e Vídeo;Smart TV 55 4K;1;2788.9;Crédito;Baixo
T001901;2026-05-12 17:40:00;Sul;Aplicativo;Informática;SSD NVMe 1TB;1;507.14;Pix;Baixo
T001902;2026-04-12 16:04:00;Centro-Oeste;Aplicativo;Celulares;Smartphone Vega Max 256GB;6;12513.81;Crédito;Médio
T001903;2026-03-07 19:46:00;Sudeste;Aplicativo;Áudio e Vídeo;Smart TV 43 4K;1;2283.78;Crédito;Baixo
T001904;2026-05-21 23:27:00;Sudeste;Loja física;Áudio e Vídeo;Microfone USB;2;664.19;Boleto;Baixo
T001905;2026-07-31 08:26:00;Sudeste;Marketplace;Celulares;Película 3D;3;110.52;Pix;Baixo
T001906;2026-02-15 02:31:00;Sudeste;Site;Informática;Webcam Full HD;6;1454.88;Crédito;Baixo
T001907;2026-07-09 09:39:00;Norte;Marketplace;Informática;SSD NVMe 1TB;3;1638.66;Crédito;Baixo
T001908;2026-04-09 21:50:00;Centro-Oeste;Loja física;Informática;Mochila para Notebook;2;401.93;Crédito;Baixo
T001909;2026-08-06 21:53:00;Sul;Loja física;Informática;SSD NVMe 1TB;2;1105.14;Crédito;Baixo
T001910;2026-02-19 08:21:00;Sudeste;Aplicativo;Celulares;Carregador USB-C 30W;3;376.72;Crédito;Baixo
T001911;2026-05-03 03:37:00;Sudeste;Marketplace;Casa e Cozinha;Cafeteira Programável;2;674.83;Crédito;Baixo
T001912;2026-08-29 18:03:00;Centro-Oeste;Aplicativo;Celulares;Carregador USB-C 30W;1;106.04;Crédito;Baixo
T001913;2026-02-22 20:51:00;Nordeste;Marketplace;Áudio e Vídeo;Caixa Bluetooth;2;701.82;Crédito;Baixo
T001914;2026-07-28 15:11:00;Norte;Site;Informática;Teclado Mecânico;1;333.04;Débito;Baixo
T001915;2026-06-17 15:23:00;Sul;Aplicativo;Celulares;Smartphone Vega Max 256GB;1;2444.13;Boleto;Baixo
T001916;2026-05-03 03:11:00;Nordeste;Aplicativo;Casa e Cozinha;Liquidificador 1200W;1;247.64;Débito;Baixo
T001917;2026-04-04 07:06:00;Sudeste;Loja física;Casa e Cozinha;Cafeteira Programável;1;290.15;Crédito;Baixo
T001918;2026-02-08 00:25:00;Norte;Aplicativo;Celulares;Smartphone Vega Max 256GB;2;4618.38;Boleto;Médio
T001919;2026-05-31 11:27:00;Sul;Aplicativo;Casa e Cozinha;Kit Potes Herméticos;5;592.66;Crédito;Baixo
T001920;2026-07-26 19:35:00;Sul;Aplicativo;Escritório;Luminária LED;1;121.64;Crédito;Baixo
T001921;2026-03-20 22:04:00;Nordeste;Site;Escritório;Cadeira Ergonômica;1;1146.63;Débito;Baixo
T001922;2026-01-06 18:25:00;Centro-Oeste;Loja física;Celulares;Capa Antichoque;2;147.71;Crédito;Baixo
T001923;2026-07-17 05:32:00;Sudeste;Site;Informática;Teclado Mecânico;1;331.16;Pix;Baixo
T001924;2026-07-31 07:25:00;Sudeste;Site;Games;Controle Sem Fio;3;1084.1;Débito;Baixo
T001925;2026-01-12 16:49:00;Sudeste;Aplicativo;Casa e Cozinha;Jogo de Panelas 5 peças;1;420.32;Crédito;Baixo
T001926;2026-05-11 18:11:00;Nordeste;Marketplace;Escritório;Suporte para Notebook;1;103.91;Crédito;Baixo
T001927;2026-07-30 09:24:00;Nordeste;Loja física;Escritório;Mesa Escritório 120cm;3;2001.76;Crédito;Baixo
T001928;2026-04-29 04:58:00;Sudeste;Loja física;Casa e Cozinha;Jogo de Panelas 5 peças;1;389.56;Boleto;Baixo
T001929;2026-07-15 04:04:00;Centro-Oeste;Site;Celulares;Capa Antichoque;1;63.26;Crédito;Baixo
T001930;2026-08-24 01:48:00;Sudeste;Site;Celulares;Película 3D;4;162.49;Pix;Baixo
T001931;2026-02-07 17:56:00;Sudeste;Aplicativo;Casa e Cozinha;Aspirador Vertical;1;524.76;Pix;Baixo
T001932;2026-05-18 17:08:00;Centro-Oeste;Site;Informática;Monitor 27 QHD;1;1384.57;Pix;Baixo
T001933;2026-08-19 04:55:00;Sul;Aplicativo;Games;Headset 7.1;1;392.12;Crédito;Baixo
T001934;2026-08-14 08:11:00;Sudeste;Aplicativo;Casa e Cozinha;Aspirador Vertical;1;526.14;Crédito;Baixo
T001935;2026-01-18 15:37:00;Sul;Aplicativo;Escritório;Fragmentadora 10 folhas;2;1229.78;Débito;Baixo
T001936;2026-06-08 07:10:00;Nordeste;Marketplace;Escritório;Mesa Escritório 120cm;1;674.26;Crédito;Baixo
T001937;2026-03-29 10:55:00;Sudeste;Site;Games;Jogo Corrida Pro;1;283.19;Débito;Baixo
T001938;2026-05-23 08:31:00;Sul;Loja física;Áudio e Vídeo;Smart TV 55 4K;1;2766.05;Pix;Baixo
T001939;2026-04-10 00:36:00;Sudeste;Marketplace;Informática;Mochila para Notebook;2;365.26;Pix;Baixo
T001940;2026-02-01 18:19:00;Sudeste;Site;Informática;SSD NVMe 1TB;1;479.11;Boleto;Baixo
T001941;2026-02-25 13:25:00;Sudeste;Loja física;Celulares;Smartphone Vega Max 256GB;3;6890.52;Crédito;Baixo
T001942;2026-02-16 18:53:00;Sul;Site;Celulares;Capa Antichoque;1;62.5;Crédito;Baixo
T001943;2026-01-14 13:24:00;Sudeste;Marketplace;Games;Headset 7.1;1;421.65;Crédito;Baixo
T001944;2026-01-06 20:34:00;Sul;Site;Informática;Mouse Sem Fio;2;259.09;Pix;Baixo
T001945;2026-04-24 16:22:00;Nordeste;Site;Games;Headset 7.1;1;486.93;Pix;Baixo
T001946;2026-03-21 02:52:00;Sudeste;Aplicativo;Áudio e Vídeo;Smart TV 43 4K;2;4617.51;Pix;Baixo
T001947;2026-06-20 04:59:00;Sudeste;Marketplace;Informática;Notebook 14 Air;1;2994.77;Pix;Baixo
T001948;2026-06-07 06:57:00;Sudeste;Aplicativo;Informática;Monitor 27 QHD;2;3137.24;Débito;Baixo
T001949;2026-04-17 16:50:00;Nordeste;Marketplace;Casa e Cozinha;Air Fryer 5L;1;504.88;Pix;Baixo
T001950;2026-01-13 21:49:00;Sudeste;Marketplace;Casa e Cozinha;Jogo de Panelas 5 peças;1;424.93;Débito;Baixo
T001951;2026-02-18 02:21:00;Sul;Aplicativo;Informática;Monitor 24 IPS;2;1822.5;Pix;Baixo
T001952;2026-08-22 16:27:00;Nordeste;Aplicativo;Celulares;Capa Antichoque;1;67.13;Crédito;Baixo
T001953;2026-02-22 01:59:00;Sul;Site;Escritório;Organizador de Mesa;2;141.6;Crédito;Baixo
T001954;2026-05-04 20:29:00;Nordeste;Site;Celulares;Capa Antichoque;1;64.44;Pix;Baixo
T001955;2026-04-29 22:52:00;Sudeste;Aplicativo;Celulares;Smartphone Orion 128GB;1;1730.08;Pix;Baixo
T001956;2026-06-26 02:59:00;Norte;Loja física;Áudio e Vídeo;Caixa Bluetooth;1;376.74;Crédito;Baixo
T001957;2026-03-19 17:45:00;Nordeste;Loja física;Informática;Hub USB-C 8 em 1;2;591.93;Crédito;Baixo
T001958;2026-08-11 18:06:00;Sudeste;Site;Games;Cadeira Gamer;1;1161.42;Crédito;Baixo
T001959;2026-03-25 03:53:00;Nordeste;Site;Informática;Notebook 14 Air;2;6371.51;Pix;Baixo
T001960;2026-02-11 03:43:00;Norte;Aplicativo;Áudio e Vídeo;Smart TV 55 4K;1;3083.67;Pix;Baixo
T001961;2026-01-21 14:45:00;Sudeste;Aplicativo;Informática;Webcam Full HD;2;460.15;Crédito;Baixo
T001962;2026-08-04 17:35:00;Sudeste;Loja física;Áudio e Vídeo;Suporte TV Articulado;1;160.51;Pix;Baixo
T001963;2026-08-28 22:42:00;Sul;Marketplace;Games;Controle Sem Fio;1;388.91;Débito;Baixo
T001964;2026-08-26 13:01:00;Centro-Oeste;Site;Áudio e Vídeo;Microfone USB;3;1013.94;Crédito;Baixo
T001965;2026-03-28 20:25:00;Norte;Aplicativo;Escritório;Suporte para Notebook;1;110.71;Débito;Baixo
T001966;2026-07-09 14:36:00;Nordeste;Aplicativo;Celulares;Power Bank 20000mAh;1;228.82;Pix;Baixo
T001967;2026-08-17 09:56:00;Centro-Oeste;Aplicativo;Casa e Cozinha;Balança Digital Cozinha;1;86.01;Débito;Baixo
T001968;2026-03-24 00:13:00;Nordeste;Site;Áudio e Vídeo;Headset Gamer;1;258.24;Boleto;Baixo
T001969;2026-01-21 08:40:00;Sudeste;Aplicativo;Casa e Cozinha;Sanduicheira Grill;2;319.87;Débito;Baixo
T001970;2026-06-17 21:56:00;Sul;Aplicativo;Áudio e Vídeo;Soundbar 2.1;1;847.77;Pix;Baixo
T001971;2026-05-04 19:34:00;Nordeste;Aplicativo;Casa e Cozinha;Cafeteira Programável;1;334.91;Pix;Baixo
T001972;2026-06-26 05:36:00;Sudeste;Site;Escritório;Suporte para Notebook;1;110.57;Pix;Baixo
T001973;2026-07-13 17:38:00;Sul;Site;Games;Console PlaySphere 5;2;8669.67;Crédito;Médio
T001974;2026-03-31 16:56:00;Sudeste;Loja física;Casa e Cozinha;Panela Elétrica 5L;1;370.84;Pix;Baixo
T001975;2026-07-12 20:56:00;Sudeste;Loja física;Celulares;Smartphone Vega Max 256GB;1;2075.57;Crédito;Baixo
T001976;2026-08-20 05:36:00;Sudeste;Site;Escritório;Suporte para Notebook;1;100.51;Boleto;Baixo
T001977;2026-03-17 02:50:00;Sudeste;Aplicativo;Escritório;Fragmentadora 10 folhas;1;686.32;Crédito;Baixo
T001978;2026-08-29 10:10:00;Sudeste;Site;Casa e Cozinha;Aspirador Vertical;1;560.03;Crédito;Baixo
T001979;2026-01-26 08:25:00;Sul;Loja física;Casa e Cozinha;Sanduicheira Grill;2;364.09;Pix;Baixo
T001980;2026-06-13 13:40:00;Centro-Oeste;Site;Áudio e Vídeo;Microfone USB;2;734.02;Débito;Baixo
T001981;2026-07-18 10:44:00;Nordeste;Loja física;Casa e Cozinha;Air Fryer 5L;1;464.73;Débito;Baixo
T001982;2026-02-02 09:54:00;Sudeste;Loja física;Casa e Cozinha;Jogo de Panelas 5 peças;2;814.85;Crédito;Baixo
T001983;2026-06-02 15:41:00;Sudeste;Aplicativo;Celulares;Fone Bluetooth;6;1575.78;Crédito;Baixo
T001984;2026-03-21 23:52:00;Sul;Aplicativo;Informática;Monitor 24 IPS;1;824.79;Pix;Baixo
T001985;2026-03-05 09:44:00;Sudeste;Site;Celulares;Smartphone Vega Max 256GB;2;4221.8;Pix;Baixo
T001986;2026-04-04 15:47:00;Nordeste;Aplicativo;Celulares;Carregador USB-C 30W;4;408.27;Crédito;Baixo
T001987;2026-07-15 23:08:00;Sul;Site;Celulares;Película 3D;2;82.23;Crédito;Baixo
T001988;2026-03-04 05:10:00;Norte;Loja física;Informática;Webcam Full HD;1;220.68;Débito;Baixo
T001989;2026-05-19 07:05:00;Centro-Oeste;Aplicativo;Casa e Cozinha;Aspirador Vertical;2;1152.2;Pix;Baixo
T001990;2026-01-08 05:34:00;Sudeste;Loja física;Celulares;Fone Bluetooth;2;425.81;Boleto;Baixo
T001991;2026-01-14 04:55:00;Sul;Aplicativo;Informática;Memória DDR4 16GB;1;261.32;Pix;Baixo
T001992;2026-06-22 07:16:00;Nordeste;Site;Games;Headset 7.1;2;797.66;Crédito;Baixo
T001993;2026-02-17 22:39:00;Nordeste;Site;Celulares;Smartphone Vega 128GB;1;1302.04;Crédito;Baixo
T001994;2026-08-11 22:26:00;Sul;Loja física;Casa e Cozinha;Cafeteira Programável;2;642.41;Crédito;Baixo
T001995;2026-03-22 07:22:00;Sul;Loja física;Celulares;Capa Antichoque;1;67.64;Crédito;Baixo
T001996;2026-06-20 18:34:00;Nordeste;Marketplace;Áudio e Vídeo;Projetor Full HD;1;1677.44;Crédito;Baixo
T001997;2026-08-13 15:50:00;Nordeste;Aplicativo;Casa e Cozinha;Sanduicheira Grill;3;542.18;Crédito;Baixo
T001998;2026-01-26 03:29:00;Centro-Oeste;Site;Games;Controle Sem Fio;1;366.24;Pix;Baixo
T001999;2026-03-30 17:28:00;Sudeste;Site;Games;Headset 7.1;1;422.02;Pix;Baixo
T002000;2026-02-15 22:19:00;Sul;Aplicativo;Áudio e Vídeo;Smart TV 43 4K;1;2276.36;Crédito;Baixo
T002001;2026-08-04 21:28:00;Sudeste;Site;Informática;Mouse Sem Fio;1;131.47;Pix;Baixo
T002002;2026-03-05 12:16:00;Sudeste;Aplicativo;Casa e Cozinha;Aspirador Vertical;3;1631.34;Crédito;Baixo
T002003;2026-02-16 05:24:00;Sudeste;Marketplace;Games;Controle Sem Fio;1;378.28;Pix;Baixo
T002004;2026-07-02 06:52:00;Sudeste;Site;Games;Headset 7.1;6;2379.31;Pix;Baixo
T002005;2026-01-20 23:55:00;Centro-Oeste;Loja física;Games;Jogo Corrida Pro;1;256.82;Crédito;Baixo
T002006;2026-04-12 08:38:00;Nordeste;Site;Celulares;Película 3D;1;39.73;Pix;Baixo
T002007;2026-04-22 02:46:00;Sudeste;Site;Games;Headset 7.1;1;423.36;Pix;Baixo
T002008;2026-03-06 07:26:00;Sudeste;Aplicativo;Informática;Notebook 15 Pro;2;7687.65;Crédito;Médio
T002009;2026-05-10 22:58:00;Nordeste;Loja física;Informática;Hub USB-C 8 em 1;3;863.85;Pix;Baixo
T002010;2026-04-21 21:06:00;Nordeste;Aplicativo;Games;Headset 7.1;1;487.34;Crédito;Baixo
T002011;2026-01-01 15:48:00;Centro-Oeste;Site;Áudio e Vídeo;Soundbar 2.1;2;1420.74;Pix;Baixo
T002012;2026-01-19 11:25:00;Nordeste;Site;Informática;Hub USB-C 8 em 1;2;509.27;Débito;Baixo
T002013;2026-05-18 23:11:00;Centro-Oeste;Aplicativo;Casa e Cozinha;Balança Digital Cozinha;1;78.51;Crédito;Baixo
T002014;2026-04-29 09:54:00;Nordeste;Aplicativo;Casa e Cozinha;Liquidificador 1200W;2;572.96;Crédito;Baixo
T002015;2026-06-04 12:48:00;Sudeste;Aplicativo;Celulares;Smartphone Orion Pro 256GB;2;5484.61;Crédito;Baixo
T002016;2026-07-07 13:15:00;Sul;Aplicativo;Celulares;Smartphone Orion Pro 256GB;3;8356.49;Crédito;Médio
T002017;2026-03-01 06:30:00;Nordeste;Site;Celulares;Smartphone Orion Pro 256GB;2;5245.31;Boleto;Médio
T002018;2026-07-20 07:24:00;Centro-Oeste;Loja física;Informática;Webcam Full HD;1;221.76;Boleto;Baixo
T002019;2026-04-18 06:47:00;Nordeste;Loja física;Informática;SSD NVMe 1TB;1;460.81;Boleto;Baixo
T002020;2026-07-22 13:29:00;Sul;Loja física;Escritório;Suporte para Notebook;1;103.93;Crédito;Baixo
T002021;2026-01-16 22:31:00;Sul;Aplicativo;Áudio e Vídeo;Caixa Bluetooth;1;353.69;Crédito;Baixo
T002022;2026-08-10 19:00:00;Centro-Oeste;Aplicativo;Escritório;Mesa Escritório 120cm;1;596.35;Pix;Baixo
T002023;2026-07-24 13:29:00;Nordeste;Marketplace;Celulares;Smartphone Vega Max 256GB;1;2236.94;Pix;Baixo
T002024;2026-06-30 11:13:00;Nordeste;Site;Games;Console NovaBox X;2;6806.34;Crédito;Baixo
T002025;2026-01-12 18:04:00;Sul;Aplicativo;Escritório;Impressora Multifuncional;5;3847.42;Débito;Baixo
T002026;2026-05-29 16:55:00;Centro-Oeste;Aplicativo;Escritório;Impressora Multifuncional;3;2727.99;Pix;Baixo
T002027;2026-04-14 22:53:00;Sudeste;Loja física;Informática;Notebook 15 Pro;2;6721.22;Débito;Baixo
T002028;2026-07-27 21:55:00;Centro-Oeste;Marketplace;Casa e Cozinha;Aspirador Vertical;1;541.37;Crédito;Baixo
T002029;2026-01-12 18:05:00;Norte;Aplicativo;Informática;Notebook 15 Pro;3;10327.62;Débito;Médio
T002030;2026-03-17 07:05:00;Nordeste;Site;Celulares;Smartphone Vega 128GB;2;2887.9;Débito;Baixo
T002031;2026-04-04 04:09:00;Sul;Site;Celulares;Power Bank 20000mAh;2;421.67;Débito;Baixo
T002032;2026-05-23 19:50:00;Nordeste;Loja física;Games;Jogo Aventura Lendária;1;309.12;Débito;Baixo
T002033;2026-03-19 17:31:00;Sudeste;Site;Áudio e Vídeo;Suporte TV Articulado;2;326.18;Boleto;Baixo
T002034;2026-04-23 01:51:00;Sudeste;Site;Áudio e Vídeo;Smart TV 43 4K;1;2031.71;Crédito;Baixo
T002035;2026-03-30 20:37:00;Norte;Site;Escritório;Cadeira Ergonômica;1;1064.79;Crédito;Baixo
T002036;2026-01-13 01:01:00;Nordeste;Site;Áudio e Vídeo;Caixa Bluetooth;2;727.96;Crédito;Baixo
T002037;2026-07-02 08:39:00;Sudeste;Marketplace;Áudio e Vídeo;Smart TV 43 4K;3;5671.25;Débito;Médio
T002038;2026-08-28 14:41:00;Sudeste;Site;Celulares;Smartphone Vega Max 256GB;2;4085.73;Pix;Baixo
T002039;2026-04-04 21:41:00;Sudeste;Site;Games;Console NovaBox X;3;10893.95;Crédito;Médio
T002040;2026-03-23 20:00:00;Sudeste;Site;Celulares;Fone Bluetooth;2;514.91;Pix;Baixo
T002041;2026-06-05 11:41:00;Sudeste;Site;Informática;Memória DDR4 16GB;2;613.88;Débito;Baixo
T002042;2026-03-05 12:02:00;Norte;Loja física;Escritório;Cadeira Ergonômica;2;2491.58;Pix;Baixo
T002043;2026-03-31 11:25:00;Sul;Marketplace;Celulares;Smartphone Vega Max 256GB;4;8952.97;Débito;Alto
T002044;2026-06-06 14:20:00;Nordeste;Aplicativo;Informática;SSD SATA 480GB;1;284.79;Boleto;Baixo
T002045;2026-02-14 13:28:00;Nordeste;Aplicativo;Áudio e Vídeo;Smart TV 43 4K;1;1872.45;Crédito;Baixo
T002046;2026-03-30 12:52:00;Sudeste;Aplicativo;Casa e Cozinha;Balança Digital Cozinha;2;177.44;Crédito;Baixo
T002047;2026-03-22 22:30:00;Sudeste;Loja física;Áudio e Vídeo;Headset Gamer;4;1101.22;Pix;Baixo
T002048;2026-05-05 22:37:00;Sudeste;Loja física;Informática;Monitor 24 IPS;1;888.76;Crédito;Baixo
T002049;2026-05-23 18:54:00;Sudeste;Site;Celulares;Smartphone Vega 128GB;3;4260.84;Crédito;Baixo
T002050;2026-04-21 22:59:00;Centro-Oeste;Aplicativo;Escritório;Organizador de Mesa;3;197.93;Débito;Baixo
T002051;2026-05-30 15:41:00;Sudeste;Loja física;Casa e Cozinha;Panela Elétrica 5L;2;721.45;Crédito;Baixo
T002052;2026-06-05 02:54:00;Sudeste;Aplicativo;Casa e Cozinha;Kit Potes Herméticos;1;127.24;Débito;Baixo
T002053;2026-04-04 00:11:00;Sul;Aplicativo;Áudio e Vídeo;Soundbar 2.1;1;806.4;Pix;Baixo
T002054;2026-07-24 02:08:00;Nordeste;Site;Informática;Notebook 15 Pro;1;3696.54;Crédito;Baixo
T002055;2026-01-30 09:07:00;Sul;Site;Áudio e Vídeo;Projetor Full HD;1;1938.32;Crédito;Baixo
T002056;2026-05-16 19:03:00;Sudeste;Aplicativo;Casa e Cozinha;Balança Digital Cozinha;1;81.71;Débito;Baixo
T002057;2026-06-22 17:16:00;Sudeste;Site;Áudio e Vídeo;Smart TV 43 4K;3;6723.55;Crédito;Baixo
T002058;2026-07-01 10:44:00;Sudeste;Marketplace;Escritório;Mesa Escritório 120cm;1;602.93;Pix;Baixo
T002059;2026-02-15 20:04:00;Sul;Aplicativo;Escritório;Luminária LED;1;130.21;Pix;Baixo
T002060;2026-05-16 23:22:00;Sudeste;Loja física;Áudio e Vídeo;Smart TV 55 4K;1;2831.53;Crédito;Baixo
T002061;2026-01-03 11:37:00;Sudeste;Loja física;Informática;Mochila para Notebook;5;884.38;Pix;Baixo
T002062;2026-05-14 01:39:00;Sul;Loja física;Informática;Hub USB-C 8 em 1;3;799.24;Crédito;Baixo
T002063;2026-07-31 19:50:00;Sul;Marketplace;Casa e Cozinha;Panela Elétrica 5L;3;1037.72;Crédito;Baixo
T002064;2026-01-15 11:55:00;Sudeste;Site;Celulares;Power Bank 20000mAh;1;222.25;Crédito;Baixo
T002065;2026-04-27 00:41:00;Centro-Oeste;Site;Áudio e Vídeo;Headset Gamer;2;609.16;Débito;Baixo
T002066;2026-04-24 18:12:00;Nordeste;Marketplace;Casa e Cozinha;Balança Digital Cozinha;1;91.26;Crédito;Baixo
T002067;2026-06-27 15:55:00;Sul;Aplicativo;Games;Cadeira Gamer;1;955.63;Débito;Baixo
T002068;2026-04-03 04:35:00;Sudeste;Loja física;Celulares;Capa Antichoque;1;71.62;Débito;Baixo
T002069;2026-04-15 10:01:00;Nordeste;Aplicativo;Informática;Webcam Full HD;1;211.71;Crédito;Baixo
T002070;2026-03-08 11:34:00;Sudeste;Aplicativo;Informática;Notebook 14 Air;2;6544.39;Pix;Baixo
T002071;2026-08-19 16:09:00;Nordeste;Site;Áudio e Vídeo;Microfone USB;3;1073.15;Pix;Baixo
T002072;2026-01-14 20:41:00;Norte;Site;Casa e Cozinha;Panela Elétrica 5L;1;356.93;Débito;Baixo
T002073;2026-04-24 06:37:00;Centro-Oeste;Loja física;Escritório;Impressora Multifuncional;1;813.79;Débito;Baixo
T002074;2026-01-13 00:28:00;Sudeste;Aplicativo;Escritório;Organizador de Mesa;3;198.38;Crédito;Baixo
T002075;2026-03-16 15:24:00;Nordeste;Aplicativo;Celulares;Smartphone Vega 128GB;2;2894.01;Pix;Baixo
T002076;2026-08-17 15:33:00;Sudeste;Loja física;Escritório;Cadeira Ergonômica;1;1152.86;Crédito;Baixo
T002077;2026-08-06 02:50:00;Sudeste;Site;Games;Controle Sem Fio;1;357.66;Crédito;Baixo
T002078;2026-03-10 12:35:00;Nordeste;Aplicativo;Áudio e Vídeo;Microfone USB;1;342.37;Crédito;Baixo
T002079;2026-02-08 05:05:00;Nordeste;Site;Áudio e Vídeo;Caixa Bluetooth;2;789.22;Débito;Baixo
T002080;2026-06-05 08:23:00;Sudeste;Loja física;Games;Cadeira Gamer;1;1134.73;Crédito;Baixo
T002081;2026-02-14 22:05:00;Sudeste;Site;Informática;Monitor 24 IPS;2;1541.18;Crédito;Baixo
T002082;2026-07-05 21:40:00;Sul;Marketplace;Áudio e Vídeo;Projetor Full HD;2;3474.07;Crédito;Baixo
T002083;2026-01-27 10:51:00;Sul;Loja física;Casa e Cozinha;Cafeteira Programável;1;306.69;Crédito;Baixo
T002084;2026-02-20 00:37:00;Sudeste;Site;Áudio e Vídeo;Soundbar 2.1;1;757.4;Boleto;Baixo
T002085;2026-06-06 12:52:00;Sudeste;Aplicativo;Casa e Cozinha;Liquidificador 1200W;2;590.55;Débito;Baixo
T002086;2026-04-08 19:47:00;Sudeste;Loja física;Celulares;Smartphone Orion Pro 256GB;3;8677.96;Pix;Médio
T002087;2026-03-16 08:31:00;Centro-Oeste;Aplicativo;Games;Volante Racing;1;1198.72;Crédito;Baixo
T002088;2026-04-09 13:31:00;Sudeste;Aplicativo;Casa e Cozinha;Balança Digital Cozinha;1;82.55;Débito;Baixo
T002089;2026-04-16 00:44:00;Norte;Site;Escritório;Papel A4 500 folhas;1;34.62;Crédito;Baixo
T002090;2026-08-12 13:09:00;Sudeste;Site;Informática;SSD SATA 480GB;3;788.65;Pix;Baixo
T002091;2026-01-26 21:47:00;Nordeste;Site;Celulares;Smartphone Orion Pro 256GB;3;7825.59;Débito;Médio
T002092;2026-06-16 16:09:00;Sudeste;Marketplace;Informática;Webcam Full HD;2;426.03;Boleto;Médio
T002093;2026-04-16 11:53:00;Sudeste;Aplicativo;Informática;Hub USB-C 8 em 1;1;287.34;Pix;Baixo
T002094;2026-04-20 12:30:00;Sudeste;Marketplace;Informática;Monitor 27 QHD;1;1404.35;Débito;Baixo
T002095;2026-02-15 13:12:00;Sul;Loja física;Informática;Notebook 14 Air;1;3115.46;Crédito;Baixo
T002096;2026-03-11 12:34:00;Nordeste;Aplicativo;Escritório;Cadeira Ergonômica;1;1190.62;Crédito;Baixo
T002097;2026-05-06 19:33:00;Sudeste;Aplicativo;Escritório;Papel A4 500 folhas;3;97.01;Débito;Baixo
T002098;2026-05-21 01:52:00;Sudeste;Site;Casa e Cozinha;Sanduicheira Grill;1;160.67;Boleto;Baixo
T002099;2026-05-20 03:01:00;Sudeste;Site;Informática;Monitor 27 QHD;1;1455.98;Crédito;Baixo
T002100;2026-05-21 22:54:00;Sul;Marketplace;Informática;Webcam Full HD;1;248.89;Crédito;Baixo
T002101;2026-05-27 15:03:00;Sudeste;Marketplace;Informática;Mochila para Notebook;4;720.86;Crédito;Baixo
T002102;2026-04-27 19:43:00;Sudeste;Marketplace;Áudio e Vídeo;Smart TV 43 4K;2;4639.54;Crédito;Médio
T002103;2026-06-09 08:18:00;Norte;Site;Celulares;Smartphone Vega 128GB;1;1567.68;Crédito;Baixo
T002104;2026-08-23 15:44:00;Sudeste;Loja física;Escritório;Luminária LED;1;143.61;Pix;Baixo
T002105;2026-04-09 16:11:00;Sudeste;Loja física;Escritório;Suporte para Notebook;2;187.96;Pix;Baixo
T002106;2026-07-17 10:52:00;Sul;Aplicativo;Informática;SSD NVMe 1TB;1;512.72;Crédito;Baixo
T002107;2026-01-08 13:11:00;Sudeste;Site;Informática;Teclado Mecânico;1;359.82;Crédito;Baixo
T002108;2026-03-04 08:20:00;Sudeste;Aplicativo;Áudio e Vídeo;Smart TV 55 4K;1;3341.15;Boleto;Baixo
T002109;2026-04-12 13:20:00;Sul;Site;Games;Cadeira Gamer;5;5539.97;Crédito;Baixo
T002110;2026-07-08 21:11:00;Sul;Aplicativo;Casa e Cozinha;Kit Potes Herméticos;1;129.58;Boleto;Baixo
T002111;2026-02-24 15:30:00;Sul;Site;Games;Jogo Corrida Pro;1;265.36;Débito;Baixo
T002112;2026-06-11 16:13:00;Sudeste;Aplicativo;Áudio e Vídeo;Caixa Bluetooth;1;343.17;Débito;Baixo
T002113;2026-04-22 18:47:00;Centro-Oeste;Marketplace;Escritório;Organizador de Mesa;1;61.54;Pix;Baixo
T002114;2026-06-14 22:47:00;Sudeste;Site;Celulares;Película 3D;1;36.63;Crédito;Baixo
T002115;2026-03-30 17:09:00;Sul;Loja física;Games;Controle Sem Fio;1;344.51;Crédito;Baixo
T002116;2026-03-31 05:40:00;Nordeste;Aplicativo;Casa e Cozinha;Liquidificador 1200W;1;293.34;Débito;Baixo
T002117;2026-03-03 12:38:00;Nordeste;Site;Áudio e Vídeo;Projetor Full HD;1;1705.99;Pix;Baixo
T002118;2026-02-11 19:15:00;Sudeste;Loja física;Escritório;Organizador de Mesa;2;141.05;Crédito;Baixo
T002119;2026-03-01 22:27:00;Sudeste;Aplicativo;Celulares;Smartphone Vega Max 256GB;6;12430.75;Débito;Médio
T002120;2026-04-09 02:44:00;Norte;Marketplace;Casa e Cozinha;Cafeteira Programável;3;844.36;Pix;Baixo
T002121;2026-02-16 16:52:00;Sudeste;Site;Informática;Mochila para Notebook;2;328.45;Crédito;Baixo
T002122;2026-08-18 09:30:00;Sudeste;Site;Casa e Cozinha;Liquidificador 1200W;1;276.39;Pix;Baixo
T002123;2026-03-10 22:01:00;Sudeste;Loja física;Escritório;Papel A4 500 folhas;2;66.33;Pix;Baixo
T002124;2026-04-23 18:45:00;Sudeste;Aplicativo;Celulares;Smartphone Orion 128GB;5;8208.64;Crédito;Médio
T002125;2026-06-18 00:28:00;Nordeste;Marketplace;Informática;Mouse Sem Fio;2;271.96;Débito;Baixo
T002126;2026-02-11 13:52:00;Nordeste;Aplicativo;Escritório;Suporte para Notebook;1;116.25;Pix;Baixo
T002127;2026-03-27 02:33:00;Sul;Site;Informática;Monitor 24 IPS;2;1858.59;Débito;Baixo
T002128;2026-03-18 18:18:00;Sudeste;Loja física;Escritório;Organizador de Mesa;1;72.42;Crédito;Baixo
T002129;2026-08-08 12:06:00;Nordeste;Aplicativo;Áudio e Vídeo;Microfone USB;2;647.01;Crédito;Baixo
T002130;2026-06-04 03:54:00;Nordeste;Site;Casa e Cozinha;Air Fryer 5L;1;506.58;Crédito;Baixo
T002131;2026-05-25 19:56:00;Sudeste;Aplicativo;Áudio e Vídeo;Caixa Bluetooth;1;369.97;Crédito;Baixo
T002132;2026-04-03 22:21:00;Nordeste;Site;Escritório;Luminária LED;1;144.86;Crédito;Baixo
T002133;2026-08-19 20:30:00;Sudeste;Loja física;Escritório;Organizador de Mesa;5;345.78;Crédito;Baixo
T002134;2026-07-22 20:20:00;Nordeste;Site;Escritório;Luminária LED;1;119.47;Crédito;Baixo
T002135;2026-03-23 01:36:00;Norte;Site;Celulares;Smartphone Vega Max 256GB;1;2380.23;Crédito;Baixo
T002136;2026-01-12 03:29:00;Sul;Site;Games;Headset 7.1;2;908.92;Crédito;Baixo
T002137;2026-05-04 14:51:00;Sudeste;Site;Escritório;Fragmentadora 10 folhas;1;719.01;Crédito;Baixo
T002138;2026-07-14 23:32:00;Sudeste;Loja física;Informática;Memória DDR4 16GB;1;298.7;Crédito;Baixo
T002139;2026-06-25 11:31:00;Sudeste;Loja física;Áudio e Vídeo;Caixa Bluetooth;1;366.52;Débito;Baixo
T002140;2026-03-30 13:04:00;Nordeste;Aplicativo;Informática;Memória DDR4 16GB;3;831.37;Débito;Baixo
T002141;2026-03-05 22:51:00;Sudeste;Site;Áudio e Vídeo;Smart TV 55 4K;1;3122.54;Pix;Baixo
T002142;2026-03-17 18:25:00;Nordeste;Aplicativo;Informática;Notebook 15 Pro;1;3511.35;Crédito;Baixo
T002143;2026-07-07 01:31:00;Sul;Aplicativo;Casa e Cozinha;Panela Elétrica 5L;1;398.74;Débito;Baixo
T002144;2026-04-10 22:45:00;Sudeste;Site;Escritório;Impressora Multifuncional;1;909.66;Pix;Baixo
T002145;2026-01-21 18:05:00;Sul;Loja física;Informática;Notebook 14 Air;1;3357.56;Pix;Baixo
T002146;2026-08-19 16:34:00;Sudeste;Site;Informática;Hub USB-C 8 em 1;3;820.27;Pix;Baixo
T002147;2026-01-03 17:13:00;Nordeste;Site;Informática;Webcam Full HD;6;1278.23;Crédito;Baixo
T002148;2026-05-25 09:02:00;Sudeste;Site;Celulares;Smartphone Vega 128GB;3;4353.32;Crédito;Baixo
T002149;2026-01-30 19:35:00;Nordeste;Site;Informática;Notebook 15 Pro;1;3388.74;Débito;Baixo
T002150;2026-02-15 05:42:00;Nordeste;Site;Casa e Cozinha;Aspirador Vertical;1;541.89;Crédito;Baixo
T002151;2026-06-05 06:07:00;Nordeste;Loja física;Games;Console PlaySphere 5;1;4305.28;Pix;Baixo
T002152;2026-06-19 14:54:00;Centro-Oeste;Aplicativo;Escritório;Organizador de Mesa;3;211.97;Pix;Baixo
T002153;2026-01-30 00:37:00;Nordeste;Site;Casa e Cozinha;Balança Digital Cozinha;5;464.09;Débito;Baixo
T002154;2026-05-02 11:43:00;Nordeste;Loja física;Casa e Cozinha;Liquidificador 1200W;3;839.94;Crédito;Baixo
T002155;2026-04-24 21:24:00;Sudeste;Aplicativo;Escritório;Fragmentadora 10 folhas;1;652.4;Crédito;Baixo
T002156;2026-03-05 04:21:00;Nordeste;Marketplace;Áudio e Vídeo;Suporte TV Articulado;6;972.08;Pix;Baixo
T002157;2026-07-16 01:19:00;Sudeste;Site;Áudio e Vídeo;Projetor Full HD;2;3936.8;Crédito;Baixo
T002158;2026-05-12 00:10:00;Nordeste;Site;Escritório;Papel A4 500 folhas;4;121.59;Débito;Baixo
T002159;2026-03-14 19:29:00;Nordeste;Marketplace;Celulares;Smartphone Vega 128GB;2;3087.91;Crédito;Baixo
T002160;2026-04-22 00:17:00;Sudeste;Site;Informática;Notebook 15 Pro;1;4111.06;Pix;Baixo
T002161;2026-08-27 07:49:00;Sul;Loja física;Games;Controle Sem Fio;1;410.74;Pix;Baixo
T002162;2026-01-29 07:04:00;Nordeste;Site;Casa e Cozinha;Kit Potes Herméticos;2;259.02;Crédito;Baixo
T002163;2026-01-19 22:57:00;Sudeste;Site;Celulares;Smartphone Orion Pro 256GB;2;5065.2;Crédito;Baixo
T002164;2026-03-18 03:08:00;Nordeste;Site;Celulares;Smartphone Vega Max 256GB;2;4827.06;Crédito;Baixo
T002165;2026-01-30 09:04:00;Sudeste;Site;Áudio e Vídeo;Smart TV 43 4K;1;2021.66;Crédito;Baixo
T002166;2026-01-06 14:09:00;Centro-Oeste;Aplicativo;Áudio e Vídeo;Smart TV 43 4K;1;2260.12;Pix;Baixo
T002167;2026-03-28 02:39:00;Sudeste;Site;Celulares;Fone Bluetooth;3;701.7;Crédito;Baixo
T002168;2026-04-04 06:14:00;Sudeste;Marketplace;Áudio e Vídeo;Suporte TV Articulado;1;147.05;Crédito;Baixo
T002169;2026-06-14 22:40:00;Sudeste;Marketplace;Escritório;Fragmentadora 10 folhas;1;734.35;Crédito;Baixo
T002170;2026-01-03 03:52:00;Sul;Loja física;Games;Jogo Corrida Pro;2;548.62;Débito;Baixo
T002171;2026-05-12 04:18:00;Nordeste;Loja física;Casa e Cozinha;Jogo de Panelas 5 peças;3;1307.95;Crédito;Baixo
T002172;2026-01-06 22:06:00;Sul;Site;Casa e Cozinha;Balança Digital Cozinha;2;184.04;Crédito;Baixo
T002173;2026-05-03 11:25:00;Centro-Oeste;Loja física;Casa e Cozinha;Sanduicheira Grill;2;381.34;Crédito;Baixo
T002174;2026-07-06 20:14:00;Sul;Aplicativo;Áudio e Vídeo;Headset Gamer;1;257.22;Débito;Baixo
T002175;2026-04-26 18:44:00;Sul;Site;Celulares;Fone Bluetooth;4;1044.36;Crédito;Baixo
T002176;2026-03-11 13:57:00;Nordeste;Loja física;Áudio e Vídeo;Projetor Full HD;1;1738.46;Débito;Baixo
T002177;2026-03-18 01:18:00;Sudeste;Site;Celulares;Smartphone Vega 128GB;2;3014.52;Boleto;Baixo
T002178;2026-03-13 08:23:00;Sudeste;Site;Informática;Webcam Full HD;1;225.94;Crédito;Baixo
T002179;2026-04-30 06:25:00;Centro-Oeste;Aplicativo;Games;Headset 7.1;1;456.27;Débito;Baixo
T002180;2026-07-21 05:36:00;Norte;Loja física;Games;Console NovaBox X;1;3706.84;Crédito;Baixo
T002181;2026-05-09 14:34:00;Sudeste;Aplicativo;Celulares;Película 3D;1;36.01;Crédito;Baixo
T002182;2026-06-11 13:20:00;Nordeste;Site;Games;Volante Racing;4;4920.19;Pix;Baixo
T002183;2026-06-05 13:20:00;Sul;Site;Games;Controle Sem Fio;1;364.87;Débito;Baixo
T002184;2026-02-17 15:50:00;Sul;Site;Celulares;Power Bank 20000mAh;2;474.38;Débito;Baixo
T002185;2026-01-30 09:50:00;Nordeste;Marketplace;Casa e Cozinha;Sanduicheira Grill;1;187.49;Pix;Baixo
T002186;2026-08-29 16:44:00;Sudeste;Site;Informática;Teclado Mecânico;1;357.44;Pix;Baixo
T002187;2026-07-22 18:10:00;Nordeste;Aplicativo;Celulares;Smartphone Vega Max 256GB;1;2535.27;Débito;Baixo
T002188;2026-02-13 23:27:00;Sudeste;Marketplace;Celulares;Smartphone Orion 128GB;1;1729.68;Crédito;Baixo
T002189;2026-07-11 12:30:00;Sudeste;Site;Escritório;Fragmentadora 10 folhas;1;601.11;Crédito;Baixo
T002190;2026-08-16 17:33:00;Nordeste;Aplicativo;Games;Console PlaySphere 5;2;7778.48;Pix;Médio
T002191;2026-03-20 08:01:00;Sudeste;Site;Casa e Cozinha;Panela Elétrica 5L;1;393.72;Boleto;Baixo
T002192;2026-06-26 23:12:00;Sudeste;Loja física;Celulares;Carregador USB-C 30W;1;113.01;Débito;Baixo
T002193;2026-07-15 07:04:00;Sul;Loja física;Escritório;Organizador de Mesa;1;69.83;Crédito;Baixo
T002194;2026-02-01 06:42:00;Nordeste;Aplicativo;Informática;Notebook 15 Pro;2;7058.11;Crédito;Médio
T002195;2026-01-10 02:19:00;Norte;Aplicativo;Casa e Cozinha;Balança Digital Cozinha;2;153.07;Crédito;Baixo
T002196;2026-01-10 08:56:00;Sudeste;Marketplace;Celulares;Fone Bluetooth;1;245.33;Pix;Baixo
T002197;2026-07-22 06:39:00;Nordeste;Site;Informática;Teclado Mecânico;1;313.31;Débito;Baixo
T002198;2026-02-28 03:41:00;Sul;Aplicativo;Games;Jogo Aventura Lendária;3;1100.9;Pix;Baixo
T002199;2026-02-18 15:23:00;Centro-Oeste;Loja física;Celulares;Smartphone Vega Max 256GB;3;6893.04;Pix;Baixo
T002200;2026-04-24 09:31:00;Sul;Site;Games;Controle Sem Fio;3;1214.03;Crédito;Baixo
T002201;2026-05-18 17:26:00;Sul;Marketplace;Escritório;Fragmentadora 10 folhas;1;691.35;Pix;Baixo
T002202;2026-06-13 16:34:00;Sul;Marketplace;Escritório;Mesa Escritório 120cm;4;2657.0;Crédito;Baixo
T002203;2026-08-23 00:36:00;Sudeste;Aplicativo;Informática;Webcam Full HD;4;825.47;Pix;Baixo
T002204;2026-01-20 18:05:00;Sudeste;Loja física;Escritório;Cadeira Ergonômica;1;1097.27;Crédito;Baixo
T002205;2026-02-13 04:09:00;Sudeste;Aplicativo;Escritório;Cadeira Ergonômica;1;1023.58;Pix;Baixo
T002206;2026-02-18 12:31:00;Nordeste;Loja física;Celulares;Fone Bluetooth;1;262.14;Crédito;Baixo
T002207;2026-06-05 21:26:00;Centro-Oeste;Site;Casa e Cozinha;Liquidificador 1200W;1;251.86;Pix;Baixo
T002208;2026-07-30 01:39:00;Sudeste;Site;Casa e Cozinha;Aspirador Vertical;1;560.36;Pix;Baixo
T002209;2026-06-08 02:09:00;Sudeste;Loja física;Games;Volante Racing;4;4473.29;Pix;Baixo
T002210;2026-04-06 20:19:00;Nordeste;Site;Casa e Cozinha;Kit Potes Herméticos;2;257.75;Crédito;Baixo
T002211;2026-07-08 22:07:00;Centro-Oeste;Site;Áudio e Vídeo;Smart TV 55 4K;2;5582.52;Crédito;Baixo
T002212;2026-07-09 02:25:00;Nordeste;Site;Informática;Teclado Mecânico;2;619.52;Pix;Baixo
T002213;2026-05-20 00:14:00;Sudeste;Aplicativo;Celulares;Smartphone Orion 128GB;2;3771.95;Crédito;Baixo
T002214;2026-06-13 15:29:00;Norte;Aplicativo;Escritório;Mesa Escritório 120cm;2;1372.42;Pix;Baixo
T002215;2026-04-10 19:35:00;Sudeste;Loja física;Informática;Mochila para Notebook;1;165.29;Débito;Baixo
T002216;2026-01-28 04:52:00;Sudeste;Site;Casa e Cozinha;Liquidificador 1200W;1;249.24;Pix;Baixo
T002217;2026-04-27 13:56:00;Nordeste;Loja física;Games;Jogo Corrida Pro;4;1226.34;Boleto;Baixo
T002218;2026-05-26 14:40:00;Sudeste;Loja física;Escritório;Mesa Escritório 120cm;1;629.02;Crédito;Baixo
T002219;2026-01-15 09:49:00;Nordeste;Site;Casa e Cozinha;Liquidificador 1200W;1;271.1;Crédito;Baixo
T002220;2026-01-02 21:22:00;Sudeste;Loja física;Escritório;Suporte para Notebook;1;113.24;Débito;Baixo
T002221;2026-06-22 11:00:00;Nordeste;Loja física;Informática;Mouse Sem Fio;5;635.01;Crédito;Baixo
T002222;2026-02-06 09:39:00;Sudeste;Aplicativo;Celulares;Smartphone Orion Pro 256GB;5;12922.56;Pix;Médio
T002223;2026-05-04 23:41:00;Sudeste;Site;Casa e Cozinha;Cafeteira Programável;1;319.73;Crédito;Baixo
T002224;2026-07-10 11:06:00;Sudeste;Loja física;Casa e Cozinha;Panela Elétrica 5L;1;386.98;Crédito;Baixo
T002225;2026-01-07 16:23:00;Sul;Site;Casa e Cozinha;Jogo de Panelas 5 peças;2;910.91;Crédito;Baixo
T002226;2026-02-17 06:05:00;Sudeste;Loja física;Escritório;Impressora Multifuncional;1;791.28;Pix;Baixo
T002227;2026-02-28 07:33:00;Sul;Aplicativo;Games;Controle Sem Fio;2;693.84;Crédito;Baixo
T002228;2026-03-11 09:05:00;Nordeste;Site;Informática;SSD NVMe 1TB;2;1081.94;Crédito;Baixo
T002229;2026-05-18 01:55:00;Nordeste;Site;Informática;Webcam Full HD;1;224.93;Débito;Baixo
T002230;2026-01-25 06:50:00;Nordeste;Site;Escritório;Papel A4 500 folhas;2;70.06;Pix;Baixo
T002231;2026-01-10 03:23:00;Nordeste;Marketplace;Games;Headset 7.1;6;2862.46;Crédito;Baixo
T002232;2026-02-14 12:33:00;Sudeste;Site;Áudio e Vídeo;Caixa Bluetooth;1;372.79;Pix;Baixo
T002233;2026-07-07 07:12:00;Nordeste;Loja física;Informática;Memória DDR4 16GB;4;1035.44;Crédito;Baixo
T002234;2026-01-21 11:01:00;Sudeste;Site;Games;Console PlaySphere 5;1;4328.79;Pix;Baixo
T002235;2026-06-04 20:09:00;Sudeste;Site;Escritório;Luminária LED;1;145.1;Crédito;Baixo
T002236;2026-05-09 11:10:00;Centro-Oeste;Marketplace;Escritório;Suporte para Notebook;3;313.73;Crédito;Baixo
T002237;2026-06-08 23:50:00;Sul;Marketplace;Games;Headset 7.1;2;925.37;Pix;Baixo
T002238;2026-01-19 04:34:00;Sudeste;Loja física;Áudio e Vídeo;Suporte TV Articulado;1;160.95;Crédito;Baixo
T002239;2026-04-02 03:14:00;Nordeste;Marketplace;Informática;Notebook 14 Air;5;15184.38;Pix;Alto
T002240;2026-05-02 10:32:00;Sudeste;Aplicativo;Games;Jogo Corrida Pro;1;287.01;Pix;Baixo
T002241;2026-08-14 10:22:00;Norte;Loja física;Casa e Cozinha;Jogo de Panelas 5 peças;3;1270.26;Pix;Baixo
T002242;2026-05-28 13:35:00;Sudeste;Site;Informática;Hub USB-C 8 em 1;2;481.53;Débito;Baixo
T002243;2026-03-04 10:23:00;Sudeste;Loja física;Celulares;Capa Antichoque;1;61.89;Boleto;Baixo
T002244;2026-08-03 16:05:00;Sudeste;Aplicativo;Celulares;Smartphone Vega 128GB;4;5203.66;Crédito;Baixo
T002245;2026-02-19 21:22:00;Nordeste;Site;Informática;Webcam Full HD;2;425.47;Crédito;Baixo
T002246;2026-03-28 10:40:00;Sudeste;Loja física;Celulares;Smartphone Vega Max 256GB;2;5006.13;Pix;Baixo
T002247;2026-02-05 02:47:00;Centro-Oeste;Aplicativo;Casa e Cozinha;Jogo de Panelas 5 peças;4;1725.16;Pix;Baixo
T002248;2026-03-11 10:13:00;Sudeste;Marketplace;Áudio e Vídeo;Microfone USB;1;330.14;Pix;Baixo
T002249;2026-06-11 03:55:00;Nordeste;Site;Games;Console NovaBox X;1;3820.87;Crédito;Baixo
T002250;2026-02-03 04:29:00;Sul;Site;Áudio e Vídeo;Headset Gamer;1;304.18;Pix;Baixo
T002251;2026-01-02 14:09:00;Sudeste;Site;Escritório;Luminária LED;1;135.1;Crédito;Baixo
T002252;2026-06-03 04:57:00;Sudeste;Loja física;Celulares;Película 3D;1;35.97;Pix;Baixo
T002253;2026-06-26 14:04:00;Centro-Oeste;Loja física;Celulares;Smartphone Vega 128GB;3;4648.96;Débito;Baixo
T002254;2026-05-30 11:42:00;Nordeste;Site;Informática;Monitor 24 IPS;3;2557.31;Crédito;Baixo
T002255;2026-02-28 10:52:00;Sudeste;Site;Games;Volante Racing;1;1310.87;Crédito;Baixo
T002256;2026-04-14 22:43:00;Sudeste;Loja física;Informática;Mouse Sem Fio;1;114.97;Crédito;Baixo
T002257;2026-04-28 00:54:00;Sudeste;Aplicativo;Áudio e Vídeo;Headset Gamer;1;277.2;Crédito;Baixo
T002258;2026-01-12 09:39:00;Norte;Aplicativo;Escritório;Luminária LED;1;121.56;Débito;Baixo
T002259;2026-07-02 14:42:00;Nordeste;Site;Games;Cadeira Gamer;4;4071.32;Crédito;Baixo
T002260;2026-04-13 22:03:00;Centro-Oeste;Site;Celulares;Carregador USB-C 30W;3;319.0;Crédito;Baixo
T002261;2026-03-20 10:11:00;Sul;Site;Informática;Mochila para Notebook;1;163.85;Pix;Baixo
T002262;2026-03-04 18:54:00;Norte;Aplicativo;Áudio e Vídeo;Headset Gamer;1;295.06;Boleto;Baixo
T002263;2026-05-16 19:28:00;Sudeste;Aplicativo;Casa e Cozinha;Jogo de Panelas 5 peças;4;1614.57;Crédito;Baixo
T002264;2026-05-31 09:47:00;Nordeste;Aplicativo;Celulares;Smartphone Orion Pro 256GB;1;2937.5;Crédito;Baixo
T002265;2026-06-26 06:42:00;Sudeste;Loja física;Informática;Monitor 24 IPS;1;768.3;Pix;Baixo
T002266;2026-02-15 01:48:00;Centro-Oeste;Aplicativo;Áudio e Vídeo;Projetor Full HD;2;3852.95;Pix;Baixo
T002267;2026-07-14 00:15:00;Nordeste;Site;Escritório;Cadeira Ergonômica;1;1049.44;Pix;Baixo
T002268;2026-01-19 15:08:00;Sudeste;Site;Games;Cadeira Gamer;6;6976.13;Crédito;Baixo
T002269;2026-01-25 03:21:00;Centro-Oeste;Loja física;Escritório;Luminária LED;1;140.24;Crédito;Baixo
T002270;2026-06-08 05:38:00;Nordeste;Loja física;Casa e Cozinha;Aspirador Vertical;1;569.37;Crédito;Baixo
T002271;2026-06-06 21:38:00;Nordeste;Aplicativo;Casa e Cozinha;Panela Elétrica 5L;4;1399.49;Crédito;Baixo
T002272;2026-04-02 16:45:00;Centro-Oeste;Loja física;Games;Headset 7.1;1;430.45;Pix;Baixo
T002273;2026-05-26 12:01:00;Centro-Oeste;Aplicativo;Áudio e Vídeo;Caixa Bluetooth;1;348.78;Pix;Baixo
T002274;2026-02-20 23:31:00;Nordeste;Site;Casa e Cozinha;Liquidificador 1200W;4;1163.2;Débito;Baixo
T002275;2026-02-16 16:01:00;Sudeste;Site;Games;Controle Sem Fio;4;1560.31;Crédito;Baixo
T002276;2026-06-19 17:28:00;Sudeste;Aplicativo;Informática;SSD SATA 480GB;3;845.38;Crédito;Baixo
T002277;2026-07-03 05:37:00;Sudeste;Aplicativo;Escritório;Organizador de Mesa;3;208.75;Pix;Baixo
T002278;2026-04-11 05:24:00;Norte;Site;Escritório;Luminária LED;4;515.72;Débito;Baixo
T002279;2026-04-13 06:16:00;Nordeste;Site;Informática;Notebook 15 Pro;1;4039.17;Crédito;Baixo
T002280;2026-02-16 02:15:00;Norte;Site;Escritório;Luminária LED;3;443.28;Pix;Baixo
T002281;2026-02-24 16:21:00;Sul;Aplicativo;Casa e Cozinha;Air Fryer 5L;1;508.8;Crédito;Baixo
T002282;2026-07-04 07:57:00;Nordeste;Aplicativo;Casa e Cozinha;Sanduicheira Grill;1;166.13;Crédito;Baixo
T002283;2026-05-19 06:11:00;Sul;Aplicativo;Escritório;Luminária LED;1;144.59;Crédito;Baixo
T002284;2026-05-24 18:21:00;Sul;Loja física;Games;Jogo Aventura Lendária;1;335.33;Pix;Baixo
T002285;2026-08-07 05:45:00;Sul;Aplicativo;Casa e Cozinha;Air Fryer 5L;3;1450.0;Crédito;Baixo
T002286;2026-07-18 16:11:00;Sudeste;Site;Escritório;Organizador de Mesa;2;144.86;Pix;Baixo
T002287;2026-05-17 22:37:00;Nordeste;Aplicativo;Games;Controle Sem Fio;1;352.45;Débito;Baixo
T002288;2026-02-05 04:01:00;Sul;Aplicativo;Games;Console NovaBox X;1;3453.13;Crédito;Baixo
T002289;2026-08-13 05:20:00;Sudeste;Marketplace;Casa e Cozinha;Balança Digital Cozinha;2;179.11;Pix;Baixo
T002290;2026-04-01 23:53:00;Sudeste;Site;Áudio e Vídeo;Caixa Bluetooth;2;702.36;Pix;Baixo
T002291;2026-05-21 03:50:00;Sudeste;Site;Casa e Cozinha;Aspirador Vertical;1;509.68;Crédito;Baixo
T002292;2026-07-11 11:24:00;Sudeste;Marketplace;Escritório;Suporte para Notebook;2;187.24;Pix;Baixo
T002293;2026-05-25 09:02:00;Centro-Oeste;Site;Games;Jogo Corrida Pro;2;605.66;Débito;Baixo
T002294;2026-06-20 10:36:00;Sudeste;Aplicativo;Escritório;Papel A4 500 folhas;1;34.24;Crédito;Baixo
T002295;2026-03-03 09:41:00;Sudeste;Aplicativo;Celulares;Capa Antichoque;2;136.2;Pix;Baixo
T002296;2026-03-17 18:46:00;Sul;Aplicativo;Escritório;Organizador de Mesa;1;60.04;Crédito;Baixo
T002297;2026-01-04 14:16:00;Nordeste;Marketplace;Games;Console NovaBox X;1;4058.79;Débito;Médio
T002298;2026-05-15 00:09:00;Sudeste;Site;Áudio e Vídeo;Smart TV 43 4K;5;10312.93;Pix;Médio
T002299;2026-06-03 22:21:00;Norte;Loja física;Games;Controle Sem Fio;3;1174.66;Pix;Baixo
T002300;2026-03-14 21:43:00;Sudeste;Aplicativo;Áudio e Vídeo;Headset Gamer;2;587.62;Crédito;Baixo
T002301;2026-05-16 18:24:00;Centro-Oeste;Aplicativo;Informática;SSD SATA 480GB;2;538.76;Crédito;Baixo
T002302;2026-07-31 11:07:00;Sul;Marketplace;Games;Headset 7.1;1;455.55;Boleto;Médio
T002303;2026-03-17 05:19:00;Nordeste;Loja física;Escritório;Fragmentadora 10 folhas;1;666.02;Pix;Baixo
T002304;2026-05-04 12:54:00;Centro-Oeste;Site;Games;Volante Racing;2;2375.94;Crédito;Baixo
T002305;2026-07-04 15:20:00;Centro-Oeste;Loja física;Informática;Teclado Mecânico;6;1872.85;Crédito;Baixo
T002306;2026-02-21 13:35:00;Sudeste;Loja física;Informática;Notebook 15 Pro;2;7865.05;Boleto;Alto
T002307;2026-02-27 18:50:00;Norte;Site;Games;Controle Sem Fio;1;341.53;Crédito;Baixo
T002308;2026-05-28 01:20:00;Nordeste;Site;Casa e Cozinha;Panela Elétrica 5L;4;1478.18;Pix;Baixo
T002309;2026-08-22 23:31:00;Sul;Aplicativo;Celulares;Carregador USB-C 30W;1;106.64;Crédito;Baixo
T002310;2026-04-22 06:50:00;Centro-Oeste;Site;Escritório;Luminária LED;1;141.75;Pix;Baixo
T002311;2026-04-21 19:08:00;Sul;Marketplace;Informática;Monitor 24 IPS;1;811.88;Crédito;Baixo
T002312;2026-08-10 05:38:00;Sudeste;Marketplace;Informática;Memória DDR4 16GB;2;542.75;Crédito;Baixo
T002313;2026-04-20 15:24:00;Sudeste;Marketplace;Casa e Cozinha;Panela Elétrica 5L;1;397.36;Crédito;Baixo
T002314;2026-05-01 10:46:00;Sudeste;Site;Áudio e Vídeo;Caixa Bluetooth;1;410.16;Pix;Baixo
T002315;2026-08-22 00:43:00;Sul;Site;Informática;Notebook 14 Air;1;3383.14;Débito;Baixo
T002316;2026-05-29 03:03:00;Nordeste;Aplicativo;Games;Controle Sem Fio;2;753.17;Pix;Baixo
T002317;2026-08-21 14:28:00;Nordeste;Site;Informática;SSD SATA 480GB;1;232.88;Crédito;Baixo
T002318;2026-08-06 20:51:00;Norte;Site;Informática;Hub USB-C 8 em 1;3;731.23;Crédito;Baixo
T002319;2026-03-28 08:45:00;Nordeste;Loja física;Escritório;Cadeira Ergonômica;1;1094.66;Pix;Baixo
T002320;2026-03-12 14:28:00;Sul;Site;Escritório;Papel A4 500 folhas;1;31.76;Pix;Baixo
T002321;2026-04-05 13:06:00;Norte;Site;Casa e Cozinha;Liquidificador 1200W;1;280.38;Crédito;Baixo
T002322;2026-01-26 09:30:00;Sul;Loja física;Celulares;Fone Bluetooth;2;480.91;Pix;Baixo
T002323;2026-03-18 11:37:00;Sudeste;Site;Informática;Notebook 14 Air;1;3137.77;Crédito;Baixo
T002324;2026-02-09 15:09:00;Sudeste;Aplicativo;Informática;SSD NVMe 1TB;2;1088.29;Crédito;Baixo
T002325;2026-08-26 18:33:00;Centro-Oeste;Aplicativo;Escritório;Suporte para Notebook;1;109.01;Pix;Baixo
T002326;2026-05-09 16:40:00;Sul;Aplicativo;Games;Headset 7.1;1;406.91;Crédito;Baixo
T002327;2026-08-03 00:21:00;Sudeste;Site;Celulares;Power Bank 20000mAh;3;667.23;Crédito;Baixo
T002328;2026-04-13 07:04:00;Sul;Marketplace;Casa e Cozinha;Balança Digital Cozinha;2;180.91;Pix;Baixo
T002329;2026-04-17 07:12:00;Sudeste;Loja física;Informática;Monitor 27 QHD;2;3076.9;Crédito;Baixo
T002330;2026-08-15 00:25:00;Sudeste;Site;Informática;Mouse Sem Fio;1;123.82;Crédito;Baixo
T002331;2026-03-07 00:48:00;Centro-Oeste;Aplicativo;Games;Console PlaySphere 5;1;4451.66;Débito;Baixo
T002332;2026-03-22 10:35:00;Sudeste;Site;Casa e Cozinha;Balança Digital Cozinha;3;247.13;Crédito;Baixo
T002333;2026-07-31 11:54:00;Nordeste;Aplicativo;Informática;Notebook 14 Air;1;3058.42;Débito;Baixo
T002334;2026-06-19 09:52:00;Sul;Aplicativo;Celulares;Carregador USB-C 30W;3;334.68;Pix;Baixo
T002335;2026-03-04 05:27:00;Nordeste;Site;Áudio e Vídeo;Headset Gamer;1;300.92;Crédito;Baixo
T002336;2026-01-01 22:57:00;Sudeste;Loja física;Casa e Cozinha;Sanduicheira Grill;1;171.4;Crédito;Baixo
T002337;2026-08-07 22:50:00;Sul;Site;Informática;Monitor 27 QHD;1;1633.56;Pix;Baixo
T002338;2026-03-05 11:21:00;Sul;Marketplace;Celulares;Smartphone Vega Max 256GB;1;2437.78;Pix;Baixo
T002339;2026-03-14 00:19:00;Sul;Site;Celulares;Carregador USB-C 30W;1;120.3;Crédito;Baixo
T002340;2026-06-05 23:02:00;Sul;Site;Escritório;Organizador de Mesa;2;124.42;Crédito;Baixo
T002341;2026-06-26 13:50:00;Nordeste;Loja física;Escritório;Cadeira Ergonômica;1;1256.35;Débito;Baixo
T002342;2026-08-11 09:04:00;Nordeste;Site;Escritório;Luminária LED;1;136.18;Crédito;Baixo
T002343;2026-02-05 00:08:00;Sul;Site;Áudio e Vídeo;Suporte TV Articulado;2;345.22;Pix;Baixo
T002344;2026-05-20 18:59:00;Sudeste;Loja física;Informática;Webcam Full HD;2;465.53;Pix;Baixo
T002345;2026-07-08 16:40:00;Sudeste;Loja física;Casa e Cozinha;Sanduicheira Grill;2;360.57;Crédito;Baixo
T002346;2026-08-08 14:16:00;Nordeste;Loja física;Informática;Monitor 24 IPS;3;2836.63;Crédito;Baixo
T002347;2026-07-12 14:09:00;Norte;Site;Informática;Hub USB-C 8 em 1;1;264.68;Crédito;Baixo
T002348;2026-05-17 14:29:00;Centro-Oeste;Marketplace;Escritório;Fragmentadora 10 folhas;1;672.05;Pix;Baixo
T002349;2026-03-17 04:49:00;Nordeste;Loja física;Informática;Monitor 24 IPS;1;794.1;Pix;Baixo
T002350;2026-01-13 22:39:00;Sul;Site;Games;Volante Racing;1;1263.98;Boleto;Baixo
T002351;2026-01-05 03:14:00;Sudeste;Site;Áudio e Vídeo;Microfone USB;2;751.36;Crédito;Baixo
T002352;2026-04-12 09:21:00;Nordeste;Aplicativo;Celulares;Power Bank 20000mAh;5;1014.49;Pix;Baixo
T002353;2026-04-17 00:24:00;Sul;Aplicativo;Informática;Memória DDR4 16GB;3;755.47;Pix;Baixo
T002354;2026-03-28 13:49:00;Sudeste;Marketplace;Games;Headset 7.1;1;392.03;Crédito;Baixo
T002355;2026-07-24 02:39:00;Centro-Oeste;Site;Escritório;Mesa Escritório 120cm;3;1701.16;Crédito;Baixo
T002356;2026-06-10 21:03:00;Centro-Oeste;Loja física;Informática;Notebook 15 Pro;1;3348.6;Boleto;Baixo
T002357;2026-06-13 03:10:00;Centro-Oeste;Site;Áudio e Vídeo;Smart TV 55 4K;3;10020.49;Boleto;Alto
T002358;2026-06-12 08:35:00;Sul;Loja física;Casa e Cozinha;Aspirador Vertical;2;957.94;Pix;Baixo
T002359;2026-03-11 23:03:00;Sudeste;Marketplace;Celulares;Smartphone Vega 128GB;1;1545.93;Débito;Baixo
T002360;2026-01-18 05:52:00;Sul;Site;Celulares;Capa Antichoque;1;68.33;Boleto;Baixo
T002361;2026-03-16 23:27:00;Sudeste;Aplicativo;Informática;Mouse Sem Fio;2;274.92;Boleto;Baixo
T002362;2026-06-23 05:36:00;Sudeste;Loja física;Áudio e Vídeo;Soundbar 2.1;1;737.62;Boleto;Baixo
T002363;2026-08-09 07:46:00;Sul;Aplicativo;Informática;Teclado Mecânico;2;646.93;Pix;Baixo
T002364;2026-03-24 16:08:00;Nordeste;Site;Games;Headset 7.1;3;1357.92;Pix;Baixo
T002365;2026-04-07 01:19:00;Sul;Site;Celulares;Power Bank 20000mAh;2;467.17;Pix;Baixo
T002366;2026-08-02 10:36:00;Norte;Marketplace;Escritório;Luminária LED;1;126.25;Crédito;Baixo
T002367;2026-08-29 00:10:00;Sudeste;Site;Games;Console PlaySphere 5;1;4150.69;Crédito;Baixo
T002368;2026-04-18 15:19:00;Sudeste;Marketplace;Informática;SSD SATA 480GB;1;281.32;Débito;Baixo
T002369;2026-08-08 23:00:00;Sul;Site;Áudio e Vídeo;Headset Gamer;2;561.21;Crédito;Baixo
T002370;2026-04-21 07:28:00;Sul;Aplicativo;Escritório;Mesa Escritório 120cm;1;687.49;Débito;Baixo
T002371;2026-07-13 20:02:00;Nordeste;Site;Celulares;Power Bank 20000mAh;1;215.18;Boleto;Baixo
T002372;2026-01-19 06:46:00;Sul;Aplicativo;Escritório;Luminária LED;1;147.25;Boleto;Baixo
T002373;2026-03-19 16:51:00;Centro-Oeste;Aplicativo;Celulares;Película 3D;2;73.46;Débito;Baixo
T002374;2026-01-23 08:37:00;Sudeste;Aplicativo;Casa e Cozinha;Air Fryer 5L;1;440.45;Débito;Baixo
T002375;2026-05-12 09:27:00;Sudeste;Aplicativo;Informática;Mochila para Notebook;2;380.97;Pix;Baixo
T002376;2026-07-26 05:04:00;Sul;Aplicativo;Games;Cadeira Gamer;1;973.1;Crédito;Baixo
T002377;2026-06-04 21:37:00;Nordeste;Aplicativo;Informática;Hub USB-C 8 em 1;6;1560.56;Pix;Baixo
T002378;2026-02-06 01:12:00;Sudeste;Marketplace;Casa e Cozinha;Jogo de Panelas 5 peças;2;856.44;Crédito;Baixo
T002379;2026-04-26 04:26:00;Nordeste;Loja física;Escritório;Luminária LED;5;686.36;Crédito;Baixo
T002380;2026-04-21 03:10:00;Sudeste;Site;Informática;Mochila para Notebook;1;195.11;Pix;Baixo
T002381;2026-06-30 13:10:00;Sul;Aplicativo;Celulares;Carregador USB-C 30W;2;253.07;Crédito;Baixo
T002382;2026-01-17 18:50:00;Centro-Oeste;Loja física;Games;Console NovaBox X;1;3503.65;Crédito;Baixo
T002383;2026-05-11 08:31:00;Centro-Oeste;Aplicativo;Áudio e Vídeo;Headset Gamer;1;278.21;Pix;Baixo
T002384;2026-04-07 03:03:00;Sul;Site;Escritório;Fragmentadora 10 folhas;1;727.78;Crédito;Baixo
T002385;2026-06-04 13:15:00;Sudeste;Aplicativo;Casa e Cozinha;Balança Digital Cozinha;1;89.45;Pix;Baixo
T002386;2026-04-22 08:50:00;Centro-Oeste;Aplicativo;Áudio e Vídeo;Headset Gamer;2;508.5;Crédito;Baixo
T002387;2026-05-27 15:28:00;Centro-Oeste;Loja física;Áudio e Vídeo;Headset Gamer;4;1020.52;Crédito;Baixo
T002388;2026-01-22 22:53:00;Sudeste;Site;Áudio e Vídeo;Caixa Bluetooth;3;1181.21;Crédito;Baixo
T002389;2026-05-03 07:09:00;Sudeste;Marketplace;Casa e Cozinha;Jogo de Panelas 5 peças;1;391.88;Débito;Baixo
T002390;2026-05-06 14:40:00;Sudeste;Marketplace;Escritório;Mesa Escritório 120cm;2;1217.34;Débito;Baixo
T002391;2026-08-16 01:41:00;Sudeste;Marketplace;Games;Console NovaBox X;1;4106.14;Crédito;Médio
T002392;2026-01-18 02:59:00;Sul;Loja física;Áudio e Vídeo;Headset Gamer;4;1046.21;Pix;Baixo
T002393;2026-05-18 04:24:00;Nordeste;Loja física;Informática;Mouse Sem Fio;1;113.2;Crédito;Baixo
T002394;2026-01-31 04:42:00;Sul;Site;Áudio e Vídeo;Soundbar 2.1;2;1489.83;Débito;Baixo
T002395;2026-06-11 17:48:00;Sul;Site;Casa e Cozinha;Liquidificador 1200W;2;587.28;Crédito;Baixo
T002396;2026-07-17 11:36:00;Sudeste;Loja física;Áudio e Vídeo;Smart TV 43 4K;4;7966.08;Crédito;Médio
T002397;2026-02-22 07:55:00;Sudeste;Site;Escritório;Luminária LED;1;137.86;Crédito;Baixo
T002398;2026-02-09 16:06:00;Norte;Site;Escritório;Luminária LED;1;144.46;Pix;Baixo
T002399;2026-05-15 12:48:00;Nordeste;Marketplace;Casa e Cozinha;Liquidificador 1200W;3;765.65;Crédito;Baixo
T002400;2026-05-16 18:14:00;Sul;Site;Casa e Cozinha;Jogo de Panelas 5 peças;1;409.58;Boleto;Baixo
T002401;2026-04-22 07:39:00;Sul;Site;Celulares;Smartphone Orion 128GB;1;1811.52;Crédito;Baixo
T002402;2026-02-18 18:22:00;Sudeste;Site;Áudio e Vídeo;Suporte TV Articulado;6;1054.09;Pix;Baixo
T002403;2026-03-11 08:06:00;Sudeste;Site;Áudio e Vídeo;Soundbar 2.1;2;1580.42;Crédito;Baixo
T002404;2026-04-17 05:46:00;Nordeste;Aplicativo;Escritório;Cadeira Ergonômica;1;1082.34;Crédito;Baixo
T002405;2026-07-02 14:29:00;Sul;Site;Casa e Cozinha;Balança Digital Cozinha;1;90.37;Pix;Baixo
T002406;2026-06-05 06:18:00;Nordeste;Site;Celulares;Película 3D;1;41.96;Crédito;Baixo
T002407;2026-02-04 02:47:00;Sul;Loja física;Escritório;Mesa Escritório 120cm;1;565.16;Débito;Baixo
T002408;2026-02-10 12:19:00;Nordeste;Aplicativo;Games;Console NovaBox X;1;3988.13;Débito;Baixo
T002409;2026-03-04 12:23:00;Centro-Oeste;Loja física;Games;Volante Racing;1;1171.32;Débito;Baixo
T002410;2026-07-15 09:22:00;Sul;Loja física;Áudio e Vídeo;Smart TV 55 4K;6;18251.62;Boleto;Alto
T002411;2026-07-02 02:50:00;Nordeste;Site;Informática;Teclado Mecânico;3;943.11;Débito;Baixo
T002412;2026-04-25 00:22:00;Centro-Oeste;Aplicativo;Celulares;Power Bank 20000mAh;1;240.29;Crédito;Baixo
T002413;2026-08-30 16:05:00;Sul;Site;Áudio e Vídeo;Smart TV 43 4K;4;8397.53;Crédito;Médio
T002414;2026-07-08 07:58:00;Sudeste;Aplicativo;Games;Cadeira Gamer;1;1096.92;Débito;Baixo
T002415;2026-05-16 01:06:00;Nordeste;Site;Casa e Cozinha;Cafeteira Programável;3;959.3;Pix;Baixo
T002416;2026-07-17 18:15:00;Sudeste;Aplicativo;Casa e Cozinha;Kit Potes Herméticos;4;502.9;Crédito;Baixo
T002417;2026-06-17 13:31:00;Nordeste;Loja física;Escritório;Impressora Multifuncional;1;887.27;Crédito;Baixo
T002418;2026-01-26 19:13:00;Nordeste;Site;Áudio e Vídeo;Microfone USB;1;348.23;Débito;Baixo
T002419;2026-06-26 11:00:00;Nordeste;Aplicativo;Celulares;Smartphone Orion Pro 256GB;2;5078.04;Boleto;Médio
T002420;2026-07-24 22:25:00;Sudeste;Loja física;Informática;SSD SATA 480GB;2;560.66;Débito;Baixo
T002421;2026-01-16 19:26:00;Sul;Site;Informática;Memória DDR4 16GB;2;519.87;Pix;Baixo
T002422;2026-07-29 13:10:00;Sudeste;Aplicativo;Informática;Notebook 15 Pro;3;11152.55;Crédito;Médio
T002423;2026-01-22 18:35:00;Centro-Oeste;Marketplace;Informática;SSD NVMe 1TB;2;949.82;Pix;Baixo
T002424;2026-03-27 11:37:00;Sudeste;Site;Informática;Notebook 15 Pro;1;3393.12;Crédito;Baixo
T002425;2026-06-14 16:35:00;Sudeste;Site;Celulares;Smartphone Vega 128GB;3;4530.79;Crédito;Baixo
T002426;2026-03-01 22:27:00;Centro-Oeste;Aplicativo;Áudio e Vídeo;Projetor Full HD;3;5733.75;Crédito;Baixo
T002427;2026-02-14 23:25:00;Sudeste;Site;Escritório;Mesa Escritório 120cm;2;1268.59;Débito;Baixo
T002428;2026-05-10 08:26:00;Sudeste;Site;Áudio e Vídeo;Microfone USB;1;363.39;Pix;Baixo
T002429;2026-08-26 16:56:00;Sudeste;Loja física;Games;Jogo Aventura Lendária;2;609.33;Crédito;Baixo
T002430;2026-05-24 20:17:00;Nordeste;Marketplace;Celulares;Capa Antichoque;6;407.6;Crédito;Baixo
T002431;2026-02-09 07:16:00;Nordeste;Loja física;Informática;Notebook 14 Air;1;3353.29;Débito;Baixo
T002432;2026-07-28 04:54:00;Centro-Oeste;Loja física;Informática;Monitor 27 QHD;1;1623.1;Crédito;Baixo
T002433;2026-02-17 17:17:00;Sudeste;Site;Escritório;Organizador de Mesa;1;62.71;Pix;Baixo
T002434;2026-04-01 06:03:00;Nordeste;Aplicativo;Games;Headset 7.1;1;473.28;Crédito;Baixo
T002435;2026-08-23 05:35:00;Sul;Loja física;Celulares;Carregador USB-C 30W;2;247.39;Crédito;Baixo
T002436;2026-03-09 11:37:00;Nordeste;Marketplace;Casa e Cozinha;Liquidificador 1200W;1;238.17;Crédito;Baixo
T002437;2026-06-03 08:20:00;Sul;Aplicativo;Celulares;Smartphone Orion 128GB;3;5584.64;Débito;Baixo
T002438;2026-03-17 21:16:00;Centro-Oeste;Site;Informática;Mouse Sem Fio;1;121.68;Débito;Baixo
T002439;2026-04-20 13:56:00;Nordeste;Marketplace;Games;Volante Racing;1;1376.58;Pix;Baixo
T002440;2026-04-25 03:49:00;Sudeste;Site;Casa e Cozinha;Liquidificador 1200W;1;260.39;Débito;Baixo
T002441;2026-08-20 22:17:00;Sudeste;Marketplace;Áudio e Vídeo;Soundbar 2.1;1;789.03;Pix;Baixo
T002442;2026-07-10 08:36:00;Sul;Marketplace;Casa e Cozinha;Jogo de Panelas 5 peças;2;855.62;Crédito;Baixo
T002443;2026-07-24 05:24:00;Norte;Aplicativo;Celulares;Smartphone Vega Max 256GB;1;2414.74;Pix;Baixo
T002444;2026-01-15 11:53:00;Sul;Loja física;Áudio e Vídeo;Soundbar 2.1;1;759.38;Débito;Baixo
T002445;2026-02-17 17:45:00;Nordeste;Site;Celulares;Smartphone Vega Max 256GB;5;10741.61;Crédito;Médio
T002446;2026-03-23 12:41:00;Nordeste;Site;Games;Volante Racing;1;1337.41;Pix;Baixo
T002447;2026-01-21 01:20:00;Sudeste;Aplicativo;Celulares;Smartphone Orion Pro 256GB;3;8559.62;Pix;Médio
T002448;2026-06-13 00:32:00;Sul;Marketplace;Games;Headset 7.1;3;1449.53;Débito;Baixo
T002449;2026-05-03 21:04:00;Sudeste;Loja física;Casa e Cozinha;Panela Elétrica 5L;6;2417.3;Crédito;Baixo
T002450;2026-01-12 16:08:00;Sudeste;Aplicativo;Escritório;Papel A4 500 folhas;4;129.41;Pix;Baixo
T002451;2026-01-01 22:20:00;Sudeste;Aplicativo;Casa e Cozinha;Sanduicheira Grill;1;184.71;Débito;Baixo
T002452;2026-02-26 12:58:00;Sudeste;Loja física;Casa e Cozinha;Air Fryer 5L;2;919.07;Débito;Baixo
T002453;2026-05-29 05:15:00;Sudeste;Site;Escritório;Luminária LED;2;254.67;Pix;Baixo
T002454;2026-05-07 09:45:00;Nordeste;Aplicativo;Informática;Teclado Mecânico;1;328.52;Pix;Baixo
T002455;2026-04-06 03:17:00;Norte;Site;Informática;Memória DDR4 16GB;2;507.84;Crédito;Baixo
T002456;2026-01-18 21:21:00;Sul;Aplicativo;Informática;Monitor 24 IPS;1;926.5;Crédito;Baixo
T002457;2026-07-18 08:16:00;Sudeste;Site;Casa e Cozinha;Liquidificador 1200W;1;255.14;Pix;Baixo
T002458;2026-06-19 07:56:00;Sudeste;Loja física;Celulares;Carregador USB-C 30W;2;220.04;Débito;Baixo
T002459;2026-05-30 07:15:00;Sudeste;Site;Informática;Mouse Sem Fio;1;114.46;Pix;Baixo
T002460;2026-02-19 02:09:00;Sul;Aplicativo;Informática;Teclado Mecânico;1;334.84;Crédito;Baixo
T002461;2026-05-25 18:56:00;Sul;Aplicativo;Casa e Cozinha;Kit Potes Herméticos;3;346.02;Crédito;Baixo
T002462;2026-03-24 14:48:00;Sul;Aplicativo;Informática;Monitor 24 IPS;2;1609.08;Crédito;Baixo
T002463;2026-08-17 18:17:00;Sul;Site;Games;Cadeira Gamer;2;2210.44;Pix;Baixo
T002464;2026-06-09 01:47:00;Sudeste;Aplicativo;Informática;Monitor 27 QHD;2;2825.64;Crédito;Baixo
T002465;2026-05-02 12:16:00;Sudeste;Site;Informática;Monitor 24 IPS;2;1844.7;Pix;Baixo
T002466;2026-03-12 21:06:00;Nordeste;Loja física;Casa e Cozinha;Sanduicheira Grill;1;182.35;Crédito;Baixo
T002467;2026-02-22 04:48:00;Centro-Oeste;Loja física;Celulares;Smartphone Orion Pro 256GB;1;2953.18;Boleto;Baixo
T002468;2026-08-23 11:52:00;Nordeste;Site;Escritório;Papel A4 500 folhas;4;140.06;Crédito;Baixo
T002469;2026-06-19 20:45:00;Sudeste;Site;Casa e Cozinha;Kit Potes Herméticos;1;133.81;Débito;Baixo
T002470;2026-06-10 22:15:00;Sudeste;Marketplace;Celulares;Power Bank 20000mAh;3;674.74;Pix;Baixo
T002471;2026-07-27 14:58:00;Nordeste;Aplicativo;Casa e Cozinha;Sanduicheira Grill;3;517.89;Débito;Baixo
T002472;2026-01-12 07:45:00;Sudeste;Site;Escritório;Fragmentadora 10 folhas;3;2003.99;Crédito;Baixo
T002473;2026-01-05 10:48:00;Centro-Oeste;Marketplace;Escritório;Mesa Escritório 120cm;2;1298.02;Débito;Baixo
T002474;2026-02-18 13:08:00;Sudeste;Aplicativo;Escritório;Suporte para Notebook;5;524.53;Boleto;Baixo
T002475;2026-04-04 17:41:00;Sudeste;Aplicativo;Games;Cadeira Gamer;1;1135.55;Pix;Baixo
T002476;2026-08-26 18:03:00;Centro-Oeste;Site;Informática;Monitor 27 QHD;3;4434.88;Débito;Baixo
T002477;2026-02-02 03:42:00;Sul;Loja física;Games;Headset 7.1;2;789.89;Débito;Baixo
T002478;2026-05-17 04:07:00;Norte;Site;Áudio e Vídeo;Projetor Full HD;3;6008.12;Débito;Baixo
T002479;2026-05-17 15:23:00;Centro-Oeste;Loja física;Games;Controle Sem Fio;2;745.99;Crédito;Baixo
T002480;2026-05-05 20:34:00;Sul;Loja física;Escritório;Luminária LED;1;125.96;Boleto;Baixo
T002481;2026-03-24 19:00:00;Nordeste;Site;Casa e Cozinha;Cafeteira Programável;2;599.69;Pix;Baixo
T002482;2026-07-02 20:28:00;Nordeste;Site;Games;Console NovaBox X;1;3831.84;Pix;Baixo
T002483;2026-08-14 03:45:00;Sudeste;Marketplace;Informática;Notebook 15 Pro;1;3790.18;Crédito;Médio
T002484;2026-04-03 09:08:00;Nordeste;Aplicativo;Celulares;Power Bank 20000mAh;4;859.7;Crédito;Baixo
T002485;2026-04-14 11:15:00;Sudeste;Marketplace;Casa e Cozinha;Kit Potes Herméticos;1;122.49;Crédito;Baixo
T002486;2026-02-26 05:03:00;Sudeste;Loja física;Casa e Cozinha;Sanduicheira Grill;1;155.07;Boleto;Baixo
T002487;2026-08-14 18:05:00;Sudeste;Marketplace;Áudio e Vídeo;Smart TV 43 4K;6;13680.85;Pix;Alto
T002488;2026-06-19 13:55:00;Sul;Loja física;Áudio e Vídeo;Smart TV 55 4K;1;2776.02;Crédito;Baixo
T002489;2026-05-23 02:50:00;Sul;Marketplace;Informática;Monitor 24 IPS;2;1559.9;Crédito;Baixo
T002490;2026-06-11 04:50:00;Sudeste;Site;Celulares;Smartphone Vega Max 256GB;2;4995.12;Débito;Baixo
T002491;2026-08-20 18:14:00;Sudeste;Aplicativo;Informática;Webcam Full HD;5;1035.88;Crédito;Baixo
T002492;2026-02-08 15:09:00;Sudeste;Loja física;Áudio e Vídeo;Smart TV 43 4K;1;2303.13;Pix;Baixo
T002493;2026-07-23 21:55:00;Sudeste;Site;Escritório;Organizador de Mesa;1;62.44;Crédito;Baixo
T002494;2026-06-01 04:21:00;Norte;Site;Games;Cadeira Gamer;2;2254.61;Débito;Baixo
T002495;2026-07-29 11:41:00;Sudeste;Loja física;Informática;Notebook 15 Pro;1;3447.92;Pix;Baixo
T002496;2026-03-17 09:09:00;Norte;Site;Casa e Cozinha;Cafeteira Programável;4;1147.44;Pix;Baixo
T002497;2026-08-03 16:09:00;Sudeste;Marketplace;Casa e Cozinha;Panela Elétrica 5L;2;719.46;Débito;Baixo
T002498;2026-07-01 10:46:00;Sudeste;Aplicativo;Casa e Cozinha;Aspirador Vertical;1;569.85;Boleto;Baixo
T002499;2026-02-24 19:27:00;Sul;Site;Celulares;Carregador USB-C 30W;2;239.75;Débito;Baixo
T002500;2026-08-01 08:37:00;Centro-Oeste;Marketplace;Casa e Cozinha;Liquidificador 1200W;1;247.06;Débito;Baixo
T002501;2026-01-14 21:45:00;Sudeste;Site;Games;Jogo Corrida Pro;1;300.12;Crédito;Baixo
T002502;2026-02-25 19:17:00;Sudeste;Loja física;Casa e Cozinha;Kit Potes Herméticos;1;118.31;Débito;Baixo
T002503;2026-06-25 12:41:00;Nordeste;Marketplace;Casa e Cozinha;Balança Digital Cozinha;1;94.44;Crédito;Baixo
T002504;2026-05-26 11:45:00;Sudeste;Site;Áudio e Vídeo;Projetor Full HD;1;1990.92;Pix;Baixo
T002505;2026-07-04 16:33:00;Sudeste;Marketplace;Escritório;Suporte para Notebook;1;113.38;Crédito;Baixo
T002506;2026-05-28 09:30:00;Sul;Marketplace;Escritório;Luminária LED;1;129.03;Crédito;Baixo
T002507;2026-02-22 05:34:00;Sul;Site;Áudio e Vídeo;Projetor Full HD;4;7249.61;Crédito;Médio
T002508;2026-07-17 23:18:00;Sudeste;Aplicativo;Escritório;Suporte para Notebook;1;106.69;Crédito;Baixo
T002509;2026-04-02 04:57:00;Sudeste;Marketplace;Informática;Teclado Mecânico;1;370.7;Boleto;Médio
T002510;2026-06-09 20:12:00;Sul;Marketplace;Informática;Mochila para Notebook;1;197.26;Crédito;Baixo
T002511;2026-07-09 23:28:00;Sudeste;Site;Casa e Cozinha;Air Fryer 5L;1;493.86;Pix;Baixo
T002512;2026-04-26 11:58:00;Sudeste;Loja física;Escritório;Suporte para Notebook;5;526.3;Pix;Baixo
T002513;2026-03-27 13:16:00;Centro-Oeste;Site;Informática;Monitor 24 IPS;1;855.3;Pix;Baixo
T002514;2026-05-13 00:02:00;Nordeste;Marketplace;Áudio e Vídeo;Projetor Full HD;1;1857.41;Boleto;Médio
T002515;2026-06-26 21:42:00;Sudeste;Marketplace;Áudio e Vídeo;Smart TV 55 4K;1;3122.53;Pix;Baixo
T002516;2026-01-11 16:55:00;Nordeste;Loja física;Games;Cadeira Gamer;1;1031.98;Débito;Baixo
T002517;2026-01-10 06:16:00;Sudeste;Loja física;Casa e Cozinha;Cafeteira Programável;1;332.57;Débito;Baixo
T002518;2026-03-30 01:56:00;Sul;Aplicativo;Informática;Webcam Full HD;3;645.1;Crédito;Baixo
T002519;2026-04-12 06:24:00;Nordeste;Aplicativo;Casa e Cozinha;Panela Elétrica 5L;1;353.25;Boleto;Baixo
T002520;2026-04-05 22:32:00;Sul;Site;Informática;Notebook 14 Air;1;2852.75;Débito;Baixo
T002521;2026-01-27 21:14:00;Centro-Oeste;Site;Casa e Cozinha;Air Fryer 5L;1;456.94;Crédito;Baixo
T002522;2026-01-29 04:58:00;Sudeste;Loja física;Celulares;Smartphone Vega 128GB;1;1352.87;Crédito;Baixo
T002523;2026-01-25 21:31:00;Sudeste;Aplicativo;Escritório;Mesa Escritório 120cm;2;1364.11;Débito;Baixo
T002524;2026-02-20 14:39:00;Sul;Site;Áudio e Vídeo;Projetor Full HD;1;1980.95;Crédito;Baixo
T002525;2026-07-03 11:53:00;Sul;Site;Informática;SSD NVMe 1TB;3;1396.73;Crédito;Baixo
T002526;2026-04-11 17:09:00;Sul;Loja física;Celulares;Smartphone Orion 128GB;1;1598.69;Crédito;Baixo
T002527;2026-03-20 06:05:00;Sul;Loja física;Casa e Cozinha;Aspirador Vertical;1;473.33;Pix;Baixo
T002528;2026-04-03 07:16:00;Sudeste;Site;Informática;SSD NVMe 1TB;2;1074.66;Crédito;Baixo
T002529;2026-06-28 12:10:00;Sul;Aplicativo;Casa e Cozinha;Cafeteira Programável;1;336.35;Pix;Baixo
T002530;2026-08-01 01:37:00;Sudeste;Aplicativo;Games;Jogo Corrida Pro;2;578.29;Débito;Baixo
T002531;2026-01-04 13:52:00;Nordeste;Site;Games;Controle Sem Fio;1;366.92;Crédito;Baixo
T002532;2026-02-17 06:16:00;Sudeste;Aplicativo;Celulares;Fone Bluetooth;2;435.99;Crédito;Baixo
T002533;2026-01-19 12:03:00;Sudeste;Loja física;Informática;Monitor 27 QHD;2;2735.1;Débito;Baixo
T002534;2026-08-01 15:36:00;Sudeste;Site;Informática;Notebook 15 Pro;1;3918.69;Pix;Baixo
T002535;2026-06-20 22:47:00;Nordeste;Site;Celulares;Smartphone Vega 128GB;1;1335.61;Pix;Baixo
T002536;2026-06-21 23:40:00;Sul;Site;Áudio e Vídeo;Projetor Full HD;1;1735.26;Crédito;Baixo
T002537;2026-03-10 12:32:00;Sudeste;Site;Escritório;Cadeira Ergonômica;2;2153.19;Pix;Baixo
T002538;2026-06-30 02:18:00;Sudeste;Site;Casa e Cozinha;Liquidificador 1200W;2;585.92;Crédito;Baixo
T002539;2026-08-29 08:22:00;Centro-Oeste;Site;Games;Cadeira Gamer;1;1038.93;Crédito;Baixo
T002540;2026-04-06 19:22:00;Sudeste;Site;Celulares;Fone Bluetooth;1;241.22;Crédito;Baixo
T002541;2026-04-08 07:18:00;Centro-Oeste;Loja física;Escritório;Organizador de Mesa;5;322.66;Pix;Baixo
T002542;2026-06-13 15:55:00;Norte;Site;Celulares;Smartphone Orion Pro 256GB;1;2642.99;Crédito;Baixo
T002543;2026-02-21 21:02:00;Sudeste;Site;Escritório;Suporte para Notebook;1;104.6;Pix;Baixo
T002544;2026-04-08 22:39:00;Sudeste;Loja física;Informática;Memória DDR4 16GB;2;554.53;Pix;Baixo
T002545;2026-06-25 18:06:00;Sul;Loja física;Casa e Cozinha;Cafeteira Programável;1;278.58;Débito;Baixo
T002546;2026-04-28 18:25:00;Centro-Oeste;Aplicativo;Casa e Cozinha;Jogo de Panelas 5 peças;4;1821.49;Débito;Baixo
T002547;2026-08-29 08:33:00;Sudeste;Loja física;Áudio e Vídeo;Smart TV 43 4K;1;2158.28;Crédito;Baixo
T002548;2026-01-19 03:06:00;Centro-Oeste;Aplicativo;Games;Jogo Corrida Pro;1;304.59;Pix;Baixo
T002549;2026-08-27 08:14:00;Centro-Oeste;Aplicativo;Áudio e Vídeo;Caixa Bluetooth;1;378.65;Débito;Baixo
T002550;2026-01-11 19:07:00;Sul;Aplicativo;Celulares;Smartphone Vega Max 256GB;2;4846.56;Pix;Baixo
T002551;2026-08-16 13:45:00;Centro-Oeste;Site;Games;Jogo Corrida Pro;2;606.02;Boleto;Baixo
T002552;2026-01-16 14:09:00;Sudeste;Site;Escritório;Impressora Multifuncional;2;1680.42;Crédito;Baixo
T002553;2026-05-04 09:24:00;Sudeste;Loja física;Áudio e Vídeo;Smart TV 43 4K;1;2116.03;Boleto;Baixo
T002554;2026-03-18 20:59:00;Sul;Loja física;Áudio e Vídeo;Smart TV 55 4K;1;3068.9;Boleto;Baixo
T002555;2026-04-09 18:54:00;Centro-Oeste;Aplicativo;Áudio e Vídeo;Headset Gamer;1;277.88;Crédito;Baixo
T002556;2026-08-06 16:18:00;Nordeste;Aplicativo;Casa e Cozinha;Air Fryer 5L;1;458.01;Pix;Baixo
T002557;2026-01-30 11:30:00;Centro-Oeste;Site;Áudio e Vídeo;Caixa Bluetooth;5;2104.88;Crédito;Baixo
T002558;2026-02-14 06:39:00;Nordeste;Aplicativo;Informática;Hub USB-C 8 em 1;5;1331.87;Crédito;Baixo
T002559;2026-06-18 02:21:00;Sudeste;Loja física;Escritório;Impressora Multifuncional;2;1533.76;Crédito;Baixo
T002560;2026-03-10 22:52:00;Sudeste;Loja física;Casa e Cozinha;Cafeteira Programável;1;308.63;Crédito;Baixo
T002561;2026-07-04 09:47:00;Nordeste;Site;Informática;Mochila para Notebook;2;342.62;Pix;Baixo
T002562;2026-04-11 19:23:00;Norte;Site;Áudio e Vídeo;Suporte TV Articulado;1;177.16;Boleto;Baixo
T002563;2026-01-24 01:46:00;Nordeste;Site;Casa e Cozinha;Balança Digital Cozinha;1;80.75;Pix;Baixo
T002564;2026-07-14 14:00:00;Centro-Oeste;Site;Celulares;Smartphone Vega Max 256GB;1;2369.69;Pix;Baixo
T002565;2026-03-16 12:59:00;Sudeste;Site;Casa e Cozinha;Balança Digital Cozinha;2;178.59;Pix;Baixo
T002566;2026-02-21 04:06:00;Sudeste;Loja física;Escritório;Organizador de Mesa;1;69.29;Débito;Baixo
T002567;2026-07-10 23:10:00;Sudeste;Marketplace;Informática;Notebook 14 Air;1;2897.99;Crédito;Baixo
T002568;2026-07-21 18:18:00;Sudeste;Site;Games;Cadeira Gamer;1;1083.69;Crédito;Baixo
T002569;2026-05-29 12:05:00;Centro-Oeste;Site;Escritório;Impressora Multifuncional;1;809.67;Crédito;Baixo
T002570;2026-06-23 05:53:00;Sudeste;Site;Informática;Webcam Full HD;2;425.43;Pix;Baixo
T002571;2026-03-26 09:42:00;Centro-Oeste;Site;Escritório;Papel A4 500 folhas;1;34.64;Crédito;Baixo
T002572;2026-06-16 02:04:00;Centro-Oeste;Loja física;Casa e Cozinha;Balança Digital Cozinha;1;81.23;Crédito;Baixo
T002573;2026-03-18 05:30:00;Centro-Oeste;Marketplace;Casa e Cozinha;Balança Digital Cozinha;1;83.78;Pix;Baixo
T002574;2026-07-03 12:20:00;Sul;Marketplace;Casa e Cozinha;Panela Elétrica 5L;2;747.89;Pix;Baixo
T002575;2026-02-02 14:13:00;Nordeste;Site;Games;Jogo Corrida Pro;2;586.01;Débito;Baixo
T002576;2026-02-28 17:49:00;Sudeste;Site;Casa e Cozinha;Sanduicheira Grill;1;172.42;Crédito;Baixo
T002577;2026-06-26 08:20:00;Sudeste;Aplicativo;Escritório;Papel A4 500 folhas;1;35.91;Débito;Baixo
T002578;2026-06-11 00:26:00;Nordeste;Loja física;Informática;Notebook 14 Air;3;10396.06;Crédito;Médio
T002579;2026-03-19 07:31:00;Nordeste;Site;Games;Jogo Corrida Pro;3;841.91;Crédito;Baixo
T002580;2026-05-01 07:37:00;Sudeste;Site;Informática;Monitor 27 QHD;2;3026.51;Crédito;Baixo
T002581;2026-08-24 09:41:00;Sudeste;Site;Games;Controle Sem Fio;1;361.78;Crédito;Baixo
T002582;2026-02-13 14:20:00;Nordeste;Loja física;Games;Jogo Aventura Lendária;1;307.11;Débito;Baixo
T002583;2026-02-03 05:23:00;Sul;Site;Escritório;Papel A4 500 folhas;1;31.0;Crédito;Baixo
T002584;2026-02-03 15:28:00;Sudeste;Site;Áudio e Vídeo;Headset Gamer;2;533.69;Boleto;Baixo
T002585;2026-05-27 04:57:00;Sudeste;Site;Informática;Monitor 24 IPS;1;935.22;Crédito;Baixo
T002586;2026-03-30 14:32:00;Norte;Aplicativo;Celulares;Power Bank 20000mAh;2;433.82;Crédito;Baixo
T002587;2026-08-21 00:06:00;Sudeste;Marketplace;Games;Console PlaySphere 5;1;3918.63;Pix;Médio
T002588;2026-03-24 22:48:00;Sudeste;Site;Games;Volante Racing;1;1375.66;Débito;Baixo
T002589;2026-08-12 09:47:00;Sudeste;Aplicativo;Celulares;Película 3D;1;41.13;Pix;Baixo
T002590;2026-03-05 06:21:00;Nordeste;Loja física;Informática;Teclado Mecânico;3;912.3;Débito;Baixo
T002591;2026-07-29 18:37:00;Sul;Site;Games;Console NovaBox X;1;3676.11;Pix;Baixo
T002592;2026-05-07 14:53:00;Sudeste;Site;Games;Controle Sem Fio;3;1262.67;Boleto;Baixo
T002593;2026-05-06 08:57:00;Sudeste;Loja física;Casa e Cozinha;Liquidificador 1200W;1;282.01;Pix;Baixo
T002594;2026-04-22 19:51:00;Sudeste;Site;Informática;Monitor 27 QHD;2;2985.57;Pix;Baixo
T002595;2026-02-16 22:10:00;Sudeste;Marketplace;Escritório;Suporte para Notebook;3;348.53;Crédito;Baixo
T002596;2026-01-03 04:53:00;Sudeste;Marketplace;Escritório;Cadeira Ergonômica;1;1055.93;Pix;Baixo
T002597;2026-07-11 11:15:00;Sul;Loja física;Escritório;Mesa Escritório 120cm;6;3779.28;Crédito;Baixo
T002598;2026-08-28 10:26:00;Sudeste;Aplicativo;Games;Controle Sem Fio;1;368.77;Crédito;Baixo
T002599;2026-08-14 21:16:00;Nordeste;Site;Áudio e Vídeo;Smart TV 43 4K;2;4447.76;Débito;Baixo
T002600;2026-06-28 13:45:00;Sudeste;Loja física;Áudio e Vídeo;Suporte TV Articulado;3;462.38;Crédito;Baixo
T002601;2026-07-15 21:33:00;Centro-Oeste;Aplicativo;Celulares;Película 3D;1;34.96;Pix;Baixo
T002602;2026-01-12 20:42:00;Sudeste;Site;Informática;Mouse Sem Fio;3;335.72;Crédito;Baixo
T002603;2026-07-01 22:24:00;Sudeste;Aplicativo;Casa e Cozinha;Air Fryer 5L;3;1302.19;Crédito;Baixo
T002604;2026-04-27 02:01:00;Sudeste;Aplicativo;Celulares;Smartphone Vega 128GB;1;1396.84;Crédito;Baixo
T002605;2026-04-02 03:22:00;Nordeste;Aplicativo;Casa e Cozinha;Cafeteira Programável;6;1777.28;Crédito;Baixo
T002606;2026-06-25 17:31:00;Sudeste;Aplicativo;Escritório;Suporte para Notebook;3;291.1;Crédito;Baixo
T002607;2026-08-27 11:06:00;Sudeste;Site;Informática;Mouse Sem Fio;1;116.6;Débito;Baixo
T002608;2026-04-26 13:27:00;Nordeste;Loja física;Games;Jogo Aventura Lendária;6;1888.6;Débito;Baixo
T002609;2026-07-08 12:50:00;Nordeste;Site;Áudio e Vídeo;Suporte TV Articulado;2;305.85;Crédito;Baixo
T002610;2026-08-24 20:04:00;Sudeste;Aplicativo;Celulares;Smartphone Vega Max 256GB;1;2405.82;Pix;Baixo
T002611;2026-08-04 05:39:00;Sudeste;Marketplace;Áudio e Vídeo;Soundbar 2.1;1;817.77;Pix;Baixo
T002612;2026-01-07 11:52:00;Centro-Oeste;Aplicativo;Celulares;Power Bank 20000mAh;3;587.2;Pix;Baixo
T002613;2026-02-27 01:17:00;Sudeste;Aplicativo;Escritório;Fragmentadora 10 folhas;1;736.85;Pix;Baixo
T002614;2026-06-21 06:51:00;Sudeste;Site;Informática;Memória DDR4 16GB;1;258.36;Pix;Baixo
T002615;2026-08-12 08:21:00;Sudeste;Loja física;Informática;Mouse Sem Fio;4;493.7;Débito;Baixo
T002616;2026-01-25 11:40:00;Nordeste;Loja física;Games;Jogo Corrida Pro;1;288.17;Pix;Baixo
T002617;2026-07-19 04:30:00;Nordeste;Site;Casa e Cozinha;Liquidificador 1200W;2;481.08;Débito;Baixo
T002618;2026-07-04 12:33:00;Sul;Loja física;Games;Cadeira Gamer;4;4617.77;Pix;Baixo
T002619;2026-08-13 22:02:00;Centro-Oeste;Aplicativo;Games;Headset 7.1;1;421.52;Débito;Baixo
T002620;2026-06-08 23:35:00;Sudeste;Loja física;Casa e Cozinha;Liquidificador 1200W;1;255.19;Débito;Baixo
T002621;2026-03-09 01:15:00;Centro-Oeste;Aplicativo;Informática;SSD SATA 480GB;5;1318.46;Débito;Baixo
T002622;2026-02-20 18:35:00;Sul;Aplicativo;Celulares;Smartphone Orion 128GB;2;3078.53;Pix;Baixo
T002623;2026-07-12 10:34:00;Sudeste;Loja física;Games;Console PlaySphere 5;1;3810.77;Crédito;Baixo
T002624;2026-06-24 22:41:00;Sul;Marketplace;Áudio e Vídeo;Suporte TV Articulado;3;449.85;Crédito;Baixo
T002625;2026-08-11 05:40:00;Norte;Site;Áudio e Vídeo;Caixa Bluetooth;1;388.28;Pix;Baixo
T002626;2026-08-08 03:45:00;Sul;Site;Casa e Cozinha;Cafeteira Programável;1;272.29;Débito;Baixo
T002627;2026-02-14 00:42:00;Sudeste;Site;Informática;Monitor 27 QHD;1;1640.89;Débito;Baixo
T002628;2026-05-25 18:32:00;Sudeste;Aplicativo;Escritório;Organizador de Mesa;2;142.48;Crédito;Baixo
T002629;2026-01-08 15:56:00;Sul;Aplicativo;Casa e Cozinha;Aspirador Vertical;1;478.22;Pix;Baixo
T002630;2026-03-25 03:00:00;Sudeste;Loja física;Celulares;Smartphone Vega 128GB;1;1547.93;Pix;Baixo
T002631;2026-08-28 20:32:00;Nordeste;Loja física;Áudio e Vídeo;Suporte TV Articulado;3;538.22;Crédito;Baixo
T002632;2026-02-28 15:49:00;Sudeste;Site;Informática;Hub USB-C 8 em 1;1;254.07;Pix;Baixo
T002633;2026-05-24 01:19:00;Sudeste;Marketplace;Celulares;Smartphone Orion Pro 256GB;1;3072.03;Pix;Baixo
T002634;2026-05-22 00:40:00;Centro-Oeste;Site;Áudio e Vídeo;Smart TV 55 4K;3;8179.07;Crédito;Médio
T002635;2026-08-01 02:22:00;Sudeste;Marketplace;Celulares;Smartphone Orion Pro 256GB;1;3053.97;Pix;Baixo
T002636;2026-05-13 16:00:00;Centro-Oeste;Marketplace;Informática;Mouse Sem Fio;1;115.06;Pix;Baixo
T002637;2026-03-17 19:50:00;Sudeste;Loja física;Celulares;Smartphone Vega Max 256GB;1;2410.7;Crédito;Baixo
T002638;2026-04-13 09:33:00;Sul;Marketplace;Casa e Cozinha;Liquidificador 1200W;3;763.56;Crédito;Baixo
T002639;2026-06-04 21:53:00;Sul;Marketplace;Celulares;Carregador USB-C 30W;1;125.91;Crédito;Baixo
T002640;2026-02-02 16:13:00;Sudeste;Aplicativo;Informática;Memória DDR4 16GB;1;279.73;Crédito;Baixo
T002641;2026-08-22 18:40:00;Nordeste;Loja física;Celulares;Carregador USB-C 30W;1;116.76;Débito;Baixo
T002642;2026-02-05 22:15:00;Centro-Oeste;Site;Escritório;Fragmentadora 10 folhas;1;629.09;Crédito;Baixo
T002643;2026-01-30 13:21:00;Sudeste;Loja física;Escritório;Luminária LED;1;138.28;Crédito;Baixo
T002644;2026-07-29 03:44:00;Centro-Oeste;Loja física;Áudio e Vídeo;Smart TV 55 4K;1;3082.14;Pix;Baixo
T002645;2026-05-11 19:16:00;Nordeste;Aplicativo;Áudio e Vídeo;Headset Gamer;2;545.54;Pix;Baixo
T002646;2026-04-21 06:21:00;Sudeste;Site;Informática;SSD NVMe 1TB;1;485.07;Crédito;Baixo
T002647;2026-07-02 10:59:00;Sul;Site;Escritório;Luminária LED;1;129.39;Crédito;Baixo
T002648;2026-02-04 08:22:00;Nordeste;Loja física;Games;Jogo Corrida Pro;2;581.97;Pix;Baixo
T002649;2026-03-09 14:57:00;Sul;Loja física;Informática;Mouse Sem Fio;1;130.99;Crédito;Baixo
T002650;2026-02-21 23:13:00;Nordeste;Marketplace;Casa e Cozinha;Aspirador Vertical;2;982.82;Débito;Baixo
T002651;2026-07-08 21:43:00;Sudeste;Site;Celulares;Smartphone Vega Max 256GB;2;4400.66;Pix;Baixo
T002652;2026-06-06 06:14:00;Nordeste;Site;Casa e Cozinha;Liquidificador 1200W;3;855.03;Débito;Baixo
T002653;2026-07-11 02:32:00;Sudeste;Site;Informática;SSD SATA 480GB;2;461.67;Crédito;Baixo
T002654;2026-07-19 19:34:00;Norte;Loja física;Escritório;Fragmentadora 10 folhas;1;695.5;Crédito;Baixo
T002655;2026-06-15 12:50:00;Sudeste;Aplicativo;Informática;SSD NVMe 1TB;1;533.54;Débito;Baixo
T002656;2026-04-13 17:22:00;Nordeste;Aplicativo;Celulares;Película 3D;3;114.57;Pix;Baixo
T002657;2026-08-07 11:01:00;Sudeste;Loja física;Informática;Memória DDR4 16GB;1;283.38;Crédito;Baixo
T002658;2026-04-21 00:11:00;Sudeste;Aplicativo;Games;Headset 7.1;1;443.92;Pix;Baixo
T002659;2026-02-09 08:26:00;Sudeste;Loja física;Casa e Cozinha;Balança Digital Cozinha;4;339.72;Débito;Baixo
T002660;2026-06-07 03:43:00;Sudeste;Loja física;Informática;Teclado Mecânico;1;327.93;Pix;Baixo
T002661;2026-02-22 04:55:00;Sudeste;Marketplace;Casa e Cozinha;Aspirador Vertical;1;471.34;Débito;Baixo
T002662;2026-05-30 15:42:00;Centro-Oeste;Aplicativo;Informática;Notebook 14 Air;6;20123.66;Crédito;Médio
T002663;2026-03-01 06:45:00;Nordeste;Aplicativo;Informática;Monitor 24 IPS;1;947.54;Crédito;Baixo
T002664;2026-02-04 23:19:00;Sul;Loja física;Escritório;Luminária LED;1;132.43;Crédito;Baixo
T002665;2026-07-05 16:54:00;Sudeste;Aplicativo;Informática;SSD SATA 480GB;6;1545.67;Pix;Baixo
T002666;2026-08-19 02:27:00;Sul;Loja física;Áudio e Vídeo;Soundbar 2.1;1;741.37;Crédito;Baixo
T002667;2026-03-23 13:39:00;Sul;Loja física;Informática;Webcam Full HD;1;233.88;Crédito;Baixo
T002668;2026-08-29 11:11:00;Nordeste;Loja física;Celulares;Smartphone Vega Max 256GB;1;2341.57;Crédito;Baixo
T002669;2026-06-04 23:31:00;Sudeste;Aplicativo;Informática;SSD NVMe 1TB;3;1430.0;Débito;Baixo
T002670;2026-05-05 05:29:00;Centro-Oeste;Site;Informática;Hub USB-C 8 em 1;3;723.95;Pix;Baixo
T002671;2026-03-14 04:02:00;Sudeste;Site;Informática;Notebook 14 Air;3;9725.87;Pix;Médio
T002672;2026-03-25 06:43:00;Norte;Aplicativo;Games;Console PlaySphere 5;1;4160.64;Débito;Baixo
T002673;2026-04-17 19:57:00;Centro-Oeste;Aplicativo;Celulares;Fone Bluetooth;1;235.47;Boleto;Baixo
T002674;2026-05-15 18:19:00;Sul;Site;Escritório;Suporte para Notebook;1;103.57;Crédito;Baixo
T002675;2026-04-03 07:46:00;Nordeste;Marketplace;Casa e Cozinha;Cafeteira Programável;4;1184.77;Crédito;Baixo
T002676;2026-01-11 02:49:00;Sul;Site;Informática;Monitor 27 QHD;1;1570.42;Boleto;Baixo
T002677;2026-02-13 15:42:00;Sudeste;Aplicativo;Áudio e Vídeo;Projetor Full HD;2;3280.57;Pix;Baixo
T002678;2026-02-02 06:17:00;Sudeste;Site;Casa e Cozinha;Kit Potes Herméticos;6;718.49;Boleto;Baixo
T002679;2026-03-22 08:48:00;Nordeste;Site;Escritório;Luminária LED;2;280.05;Crédito;Baixo
T002680;2026-01-09 16:30:00;Sudeste;Aplicativo;Áudio e Vídeo;Projetor Full HD;1;1819.06;Crédito;Baixo
T002681;2026-05-20 12:31:00;Centro-Oeste;Aplicativo;Informática;Monitor 24 IPS;2;1898.22;Crédito;Baixo
T002682;2026-03-12 11:06:00;Sudeste;Site;Casa e Cozinha;Panela Elétrica 5L;4;1490.54;Pix;Baixo
T002683;2026-07-22 16:38:00;Sudeste;Loja física;Escritório;Suporte para Notebook;4;421.75;Pix;Baixo
T002684;2026-08-20 00:44:00;Sul;Marketplace;Áudio e Vídeo;Smart TV 55 4K;1;3382.48;Crédito;Baixo
T002685;2026-03-14 08:15:00;Sudeste;Loja física;Áudio e Vídeo;Projetor Full HD;1;1833.68;Débito;Baixo
T002686;2026-05-17 19:37:00;Nordeste;Site;Games;Jogo Corrida Pro;3;934.78;Crédito;Baixo
T002687;2026-07-14 23:53:00;Centro-Oeste;Aplicativo;Celulares;Power Bank 20000mAh;1;227.57;Pix;Baixo
T002688;2026-08-01 20:53:00;Sudeste;Site;Celulares;Smartphone Vega Max 256GB;2;4141.98;Pix;Baixo
T002689;2026-03-18 06:36:00;Sudeste;Marketplace;Escritório;Papel A4 500 folhas;6;211.83;Débito;Baixo
T002690;2026-03-04 02:01:00;Norte;Marketplace;Celulares;Carregador USB-C 30W;1;120.35;Débito;Baixo
T002691;2026-03-26 00:29:00;Sudeste;Site;Casa e Cozinha;Kit Potes Herméticos;1;111.07;Crédito;Baixo
T002692;2026-06-25 20:51:00;Sul;Site;Áudio e Vídeo;Suporte TV Articulado;1;159.53;Crédito;Baixo
T002693;2026-07-25 00:59:00;Nordeste;Loja física;Casa e Cozinha;Cafeteira Programável;2;552.91;Débito;Baixo
T002694;2026-04-04 00:45:00;Sudeste;Site;Casa e Cozinha;Kit Potes Herméticos;1;123.36;Débito;Baixo
T002695;2026-05-24 04:03:00;Sudeste;Marketplace;Casa e Cozinha;Kit Potes Herméticos;2;253.44;Crédito;Baixo
T002696;2026-04-28 18:12:00;Sudeste;Aplicativo;Áudio e Vídeo;Suporte TV Articulado;1;155.14;Crédito;Baixo
T002697;2026-06-29 17:40:00;Sudeste;Aplicativo;Informática;Memória DDR4 16GB;1;288.27;Crédito;Baixo
T002698;2026-07-11 18:44:00;Sudeste;Marketplace;Áudio e Vídeo;Microfone USB;1;334.92;Pix;Baixo
T002699;2026-07-20 14:25:00;Sudeste;Aplicativo;Casa e Cozinha;Aspirador Vertical;1;522.22;Débito;Baixo
T002700;2026-05-08 09:00:00;Nordeste;Marketplace;Celulares;Capa Antichoque;4;265.35;Pix;Baixo
T002701;2026-01-03 15:54:00;Sul;Site;Escritório;Impressora Multifuncional;1;897.81;Crédito;Baixo
T002702;2026-08-06 06:02:00;Sul;Site;Celulares;Smartphone Orion Pro 256GB;4;11344.12;Crédito;Médio
T002703;2026-02-04 20:40:00;Sudeste;Loja física;Celulares;Smartphone Orion 128GB;1;1567.11;Crédito;Baixo
T002704;2026-03-02 23:46:00;Centro-Oeste;Aplicativo;Escritório;Mesa Escritório 120cm;2;1170.32;Pix;Baixo
T002705;2026-05-13 17:13:00;Nordeste;Site;Casa e Cozinha;Sanduicheira Grill;5;929.24;Débito;Baixo
T002706;2026-04-15 00:18:00;Sudeste;Site;Informática;Memória DDR4 16GB;3;740.82;Crédito;Baixo
T002707;2026-04-21 19:33:00;Norte;Site;Informática;Teclado Mecânico;2;641.23;Pix;Baixo
T002708;2026-06-23 22:17:00;Centro-Oeste;Loja física;Celulares;Smartphone Orion 128GB;1;1553.72;Crédito;Baixo
T002709;2026-06-12 17:40:00;Centro-Oeste;Site;Informática;Teclado Mecânico;2;686.39;Crédito;Baixo
T002710;2026-01-01 09:35:00;Norte;Site;Áudio e Vídeo;Caixa Bluetooth;2;774.7;Boleto;Baixo
T002711;2026-06-24 08:02:00;Sul;Site;Celulares;Smartphone Orion 128GB;1;1689.74;Pix;Baixo
T002712;2026-01-14 08:55:00;Centro-Oeste;Marketplace;Casa e Cozinha;Balança Digital Cozinha;2;181.85;Pix;Baixo
T002713;2026-01-22 07:48:00;Norte;Aplicativo;Informática;Notebook 14 Air;4;12748.34;Pix;Médio
T002714;2026-06-23 20:53:00;Centro-Oeste;Aplicativo;Casa e Cozinha;Balança Digital Cozinha;1;92.76;Pix;Baixo
T002715;2026-04-17 05:58:00;Sudeste;Aplicativo;Celulares;Película 3D;2;81.01;Crédito;Baixo
T002716;2026-07-12 08:58:00;Centro-Oeste;Aplicativo;Casa e Cozinha;Panela Elétrica 5L;3;1215.96;Crédito;Baixo
T002717;2026-01-22 07:10:00;Sul;Site;Informática;Teclado Mecânico;1;321.04;Crédito;Baixo
T002718;2026-06-24 00:32:00;Sudeste;Aplicativo;Escritório;Organizador de Mesa;2;121.4;Boleto;Baixo
T002719;2026-05-14 23:09:00;Sul;Loja física;Celulares;Carregador USB-C 30W;1;108.59;Crédito;Baixo
T002720;2026-03-22 11:14:00;Nordeste;Aplicativo;Celulares;Smartphone Vega Max 256GB;3;6351.22;Crédito;Baixo
T002721;2026-01-25 12:45:00;Centro-Oeste;Aplicativo;Áudio e Vídeo;Headset Gamer;4;1065.32;Pix;Baixo
T002722;2026-06-21 09:35:00;Sudeste;Aplicativo;Casa e Cozinha;Sanduicheira Grill;4;649.59;Débito;Baixo
T002723;2026-05-25 06:22:00;Sudeste;Site;Casa e Cozinha;Liquidificador 1200W;1;238.99;Débito;Baixo
T002724;2026-07-30 18:15:00;Sudeste;Site;Casa e Cozinha;Jogo de Panelas 5 peças;1;396.31;Débito;Baixo
T002725;2026-04-17 00:42:00;Sul;Aplicativo;Casa e Cozinha;Air Fryer 5L;5;2207.43;Crédito;Baixo
T002726;2026-08-29 14:50:00;Nordeste;Site;Games;Cadeira Gamer;4;4125.24;Crédito;Baixo
T002727;2026-06-03 04:55:00;Sudeste;Site;Casa e Cozinha;Aspirador Vertical;2;960.6;Pix;Baixo
T002728;2026-06-03 09:28:00;Centro-Oeste;Site;Casa e Cozinha;Aspirador Vertical;5;2441.79;Crédito;Baixo
T002729;2026-08-08 23:31:00;Sudeste;Aplicativo;Informática;Notebook 14 Air;1;3274.08;Débito;Baixo
T002730;2026-07-15 00:07:00;Centro-Oeste;Marketplace;Games;Jogo Corrida Pro;2;578.43;Pix;Baixo
T002731;2026-07-21 07:31:00;Sudeste;Loja física;Escritório;Luminária LED;3;407.8;Débito;Baixo
T002732;2026-02-25 16:54:00;Norte;Loja física;Games;Jogo Aventura Lendária;1;337.52;Débito;Baixo
T002733;2026-05-19 16:33:00;Centro-Oeste;Site;Celulares;Power Bank 20000mAh;3;640.35;Pix;Baixo
T002734;2026-06-09 08:33:00;Sudeste;Site;Games;Headset 7.1;1;467.72;Crédito;Baixo
T002735;2026-01-07 18:29:00;Sul;Loja física;Celulares;Smartphone Orion Pro 256GB;2;5925.94;Débito;Baixo
T002736;2026-06-08 06:42:00;Sul;Aplicativo;Informática;Monitor 27 QHD;1;1456.13;Crédito;Baixo
T002737;2026-06-12 14:36:00;Sudeste;Aplicativo;Informática;Mouse Sem Fio;1;129.41;Pix;Baixo
T002738;2026-03-13 18:12:00;Sudeste;Marketplace;Casa e Cozinha;Liquidificador 1200W;1;275.23;Crédito;Baixo
T002739;2026-03-01 06:33:00;Nordeste;Aplicativo;Áudio e Vídeo;Suporte TV Articulado;1;173.33;Crédito;Baixo
T002740;2026-07-26 18:57:00;Nordeste;Loja física;Informática;Memória DDR4 16GB;2;606.58;Débito;Baixo
T002741;2026-05-12 08:46:00;Sudeste;Aplicativo;Escritório;Impressora Multifuncional;1;792.71;Crédito;Baixo
T002742;2026-08-24 08:03:00;Centro-Oeste;Marketplace;Celulares;Smartphone Vega 128GB;2;2959.61;Crédito;Baixo
T002743;2026-08-11 08:28:00;Nordeste;Marketplace;Games;Controle Sem Fio;1;343.21;Crédito;Baixo
T002744;2026-04-14 13:51:00;Sudeste;Site;Áudio e Vídeo;Smart TV 55 4K;1;2722.65;Pix;Baixo
T002745;2026-07-19 05:43:00;Nordeste;Marketplace;Celulares;Smartphone Vega Max 256GB;1;2473.49;Pix;Baixo
T002746;2026-04-09 21:41:00;Sul;Site;Celulares;Smartphone Vega 128GB;2;2932.88;Pix;Baixo
T002747;2026-03-26 02:49:00;Sudeste;Site;Informática;Memória DDR4 16GB;1;251.12;Débito;Baixo
T002748;2026-03-03 05:26:00;Sudeste;Aplicativo;Escritório;Luminária LED;2;255.76;Crédito;Baixo
T002749;2026-01-12 15:40:00;Sul;Aplicativo;Casa e Cozinha;Air Fryer 5L;1;443.87;Débito;Baixo
T002750;2026-08-08 08:50:00;Sudeste;Site;Celulares;Smartphone Vega Max 256GB;1;2397.42;Crédito;Baixo
T002751;2026-04-23 17:17:00;Sudeste;Site;Celulares;Capa Antichoque;1;66.6;Crédito;Baixo
T002752;2026-04-05 08:19:00;Sudeste;Loja física;Celulares;Capa Antichoque;1;68.9;Crédito;Baixo
T002753;2026-01-24 12:59:00;Norte;Aplicativo;Áudio e Vídeo;Smart TV 55 4K;1;2857.81;Crédito;Baixo
T002754;2026-08-21 04:22:00;Sudeste;Site;Casa e Cozinha;Sanduicheira Grill;1;159.7;Crédito;Baixo
T002755;2026-04-21 09:12:00;Centro-Oeste;Loja física;Informática;Mouse Sem Fio;2;243.77;Débito;Baixo
T002756;2026-08-30 09:48:00;Sul;Aplicativo;Informática;Mochila para Notebook;5;921.81;Crédito;Baixo
T002757;2026-07-20 10:48:00;Nordeste;Loja física;Celulares;Película 3D;2;79.9;Pix;Baixo
T002758;2026-02-21 06:19:00;Sudeste;Aplicativo;Celulares;Smartphone Orion Pro 256GB;1;2693.45;Crédito;Baixo
T002759;2026-04-17 08:12:00;Sudeste;Site;Escritório;Organizador de Mesa;2;147.24;Crédito;Baixo
T002760;2026-08-15 05:44:00;Sudeste;Site;Informática;Webcam Full HD;2;456.55;Pix;Baixo
T002761;2026-04-12 18:42:00;Sul;Marketplace;Informática;Memória DDR4 16GB;1;274.79;Débito;Baixo
T002762;2026-03-24 20:10:00;Nordeste;Site;Áudio e Vídeo;Smart TV 43 4K;1;2179.18;Crédito;Baixo
T002763;2026-05-16 16:23:00;Sul;Aplicativo;Áudio e Vídeo;Caixa Bluetooth;1;411.12;Crédito;Baixo
T002764;2026-06-17 21:05:00;Centro-Oeste;Aplicativo;Áudio e Vídeo;Smart TV 55 4K;1;3140.06;Crédito;Baixo
T002765;2026-01-05 13:45:00;Centro-Oeste;Loja física;Informática;Monitor 27 QHD;1;1554.93;Pix;Baixo
T002766;2026-05-29 14:31:00;Sudeste;Loja física;Games;Cadeira Gamer;1;1002.06;Crédito;Baixo
T002767;2026-07-25 21:47:00;Nordeste;Aplicativo;Celulares;Smartphone Orion 128GB;1;1667.29;Crédito;Baixo
T002768;2026-04-22 20:39:00;Nordeste;Loja física;Celulares;Smartphone Orion 128GB;1;1895.94;Crédito;Baixo
T002769;2026-07-18 15:29:00;Nordeste;Site;Informática;Monitor 27 QHD;1;1446.36;Crédito;Baixo
T002770;2026-06-24 01:54:00;Sudeste;Site;Celulares;Película 3D;3;113.87;Crédito;Baixo
T002771;2026-05-11 12:02:00;Nordeste;Site;Áudio e Vídeo;Smart TV 43 4K;5;10760.49;Pix;Médio
T002772;2026-01-14 02:29:00;Nordeste;Aplicativo;Celulares;Smartphone Vega Max 256GB;1;2186.1;Débito;Baixo
T002773;2026-07-14 05:22:00;Sudeste;Aplicativo;Celulares;Carregador USB-C 30W;2;219.24;Pix;Baixo
T002774;2026-01-04 02:19:00;Nordeste;Site;Games;Headset 7.1;3;1261.64;Pix;Baixo
T002775;2026-03-13 18:43:00;Sudeste;Site;Games;Console NovaBox X;1;4207.31;Pix;Baixo
T002776;2026-05-13 15:13:00;Sul;Site;Celulares;Smartphone Orion Pro 256GB;1;3053.6;Crédito;Baixo
T002777;2026-05-28 19:37:00;Centro-Oeste;Aplicativo;Informática;Hub USB-C 8 em 1;1;260.93;Crédito;Baixo
T002778;2026-08-27 02:18:00;Sudeste;Site;Áudio e Vídeo;Headset Gamer;1;258.13;Débito;Baixo
T002779;2026-04-29 09:17:00;Sudeste;Site;Celulares;Smartphone Vega Max 256GB;1;2120.05;Crédito;Baixo
T002780;2026-03-31 19:14:00;Sudeste;Aplicativo;Games;Controle Sem Fio;2;776.31;Débito;Baixo
T002781;2026-01-10 07:37:00;Sul;Site;Áudio e Vídeo;Headset Gamer;4;1213.9;Pix;Baixo
T002782;2026-07-04 20:15:00;Sudeste;Loja física;Informática;SSD SATA 480GB;2;524.32;Pix;Baixo
T002783;2026-03-08 04:59:00;Sul;Loja física;Escritório;Impressora Multifuncional;1;942.54;Pix;Baixo
T002784;2026-06-05 01:58:00;Sul;Aplicativo;Casa e Cozinha;Sanduicheira Grill;4;652.35;Crédito;Baixo
T002785;2026-05-17 21:55:00;Norte;Loja física;Áudio e Vídeo;Suporte TV Articulado;1;164.71;Crédito;Baixo
T002786;2026-05-26 19:58:00;Nordeste;Site;Celulares;Capa Antichoque;1;73.26;Pix;Baixo
T002787;2026-04-02 13:13:00;Norte;Aplicativo;Celulares;Carregador USB-C 30W;2;204.55;Crédito;Baixo
T002788;2026-02-13 19:05:00;Nordeste;Site;Informática;Teclado Mecânico;1;313.35;Débito;Baixo
T002789;2026-03-26 15:07:00;Sudeste;Site;Games;Headset 7.1;2;833.8;Débito;Baixo
T002790;2026-08-19 22:06:00;Sul;Loja física;Informática;Webcam Full HD;2;463.14;Crédito;Baixo
T002791;2026-06-21 19:29:00;Centro-Oeste;Aplicativo;Celulares;Película 3D;4;144.56;Pix;Baixo
T002792;2026-04-22 16:12:00;Sul;Loja física;Escritório;Organizador de Mesa;1;71.57;Pix;Baixo
T002793;2026-04-20 18:57:00;Sudeste;Aplicativo;Escritório;Fragmentadora 10 folhas;4;2840.45;Pix;Baixo
T002794;2026-05-01 15:10:00;Sul;Site;Áudio e Vídeo;Smart TV 43 4K;2;4387.23;Crédito;Baixo
T002795;2026-06-11 20:36:00;Sudeste;Loja física;Games;Headset 7.1;4;1829.85;Pix;Baixo
T002796;2026-08-03 21:10:00;Sudeste;Aplicativo;Escritório;Cadeira Ergonômica;5;5431.69;Pix;Baixo
T002797;2026-01-02 17:47:00;Nordeste;Site;Informática;Teclado Mecânico;1;362.75;Crédito;Baixo
T002798;2026-04-25 13:51:00;Nordeste;Loja física;Áudio e Vídeo;Soundbar 2.1;1;762.91;Débito;Baixo
T002799;2026-07-21 03:34:00;Sudeste;Loja física;Áudio e Vídeo;Smart TV 55 4K;4;11673.78;Crédito;Médio
T002800;2026-02-22 00:45:00;Sudeste;Site;Celulares;Smartphone Vega Max 256GB;2;5033.9;Crédito;Baixo
T002801;2026-05-11 15:35:00;Sudeste;Site;Games;Headset 7.1;2;793.66;Pix;Baixo
T002802;2026-07-28 08:22:00;Sudeste;Site;Informática;Hub USB-C 8 em 1;3;846.26;Pix;Baixo
T002803;2026-05-03 09:54:00;Sudeste;Loja física;Celulares;Carregador USB-C 30W;1;116.53;Pix;Baixo
T002804;2026-02-26 11:28:00;Norte;Aplicativo;Áudio e Vídeo;Soundbar 2.1;1;759.87;Crédito;Baixo
T002805;2026-01-18 08:06:00;Nordeste;Aplicativo;Informática;Monitor 24 IPS;1;929.95;Débito;Baixo
T002806;2026-02-21 06:26:00;Sul;Aplicativo;Escritório;Organizador de Mesa;1;69.56;Pix;Baixo
T002807;2026-05-21 15:32:00;Sul;Site;Áudio e Vídeo;Soundbar 2.1;1;696.54;Boleto;Baixo
T002808;2026-06-15 23:09:00;Sul;Aplicativo;Casa e Cozinha;Panela Elétrica 5L;3;1107.35;Pix;Baixo
T002809;2026-03-22 19:35:00;Sudeste;Loja física;Informática;Mochila para Notebook;1;164.5;Crédito;Baixo
T002810;2026-01-09 23:03:00;Sudeste;Loja física;Games;Jogo Corrida Pro;1;292.46;Débito;Baixo
T002811;2026-04-21 02:26:00;Sudeste;Aplicativo;Games;Jogo Aventura Lendária;1;306.97;Crédito;Baixo
T002812;2026-02-13 16:49:00;Sul;Site;Games;Jogo Aventura Lendária;3;1054.35;Débito;Baixo
T002813;2026-01-20 03:09:00;Sudeste;Aplicativo;Informática;Notebook 14 Air;4;13022.15;Pix;Médio
T002814;2026-02-13 05:34:00;Sudeste;Site;Escritório;Organizador de Mesa;1;59.79;Crédito;Baixo
T002815;2026-02-09 00:37:00;Sudeste;Aplicativo;Informática;Monitor 24 IPS;1;842.05;Pix;Baixo
T002816;2026-05-18 10:00:00;Sudeste;Site;Games;Console NovaBox X;1;4207.14;Pix;Baixo
T002817;2026-03-19 13:11:00;Sudeste;Aplicativo;Celulares;Smartphone Vega Max 256GB;1;2136.04;Boleto;Baixo
T002818;2026-06-30 12:38:00;Centro-Oeste;Aplicativo;Games;Volante Racing;1;1121.03;Crédito;Baixo
T002819;2026-02-10 03:55:00;Centro-Oeste;Aplicativo;Áudio e Vídeo;Microfone USB;2;685.13;Crédito;Baixo
T002820;2026-02-14 17:06:00;Sul;Site;Casa e Cozinha;Liquidificador 1200W;1;275.71;Boleto;Baixo
T002821;2026-03-31 23:02:00;Sudeste;Loja física;Áudio e Vídeo;Smart TV 55 4K;1;2836.27;Crédito;Baixo
T002822;2026-03-30 02:02:00;Nordeste;Aplicativo;Games;Console PlaySphere 5;1;4247.06;Boleto;Médio
T002823;2026-08-27 10:16:00;Sudeste;Site;Games;Console NovaBox X;3;10964.77;Crédito;Médio
T002824;2026-04-06 05:10:00;Nordeste;Aplicativo;Celulares;Smartphone Orion Pro 256GB;1;2756.19;Boleto;Baixo
T002825;2026-05-02 11:11:00;Sudeste;Aplicativo;Informática;Notebook 14 Air;1;3375.34;Pix;Baixo
T002826;2026-03-25 18:03:00;Centro-Oeste;Aplicativo;Escritório;Luminária LED;2;277.68;Pix;Baixo
T002827;2026-08-26 23:23:00;Sudeste;Site;Celulares;Smartphone Orion 128GB;2;3244.19;Crédito;Baixo
T002828;2026-03-16 00:01:00;Norte;Marketplace;Informática;Teclado Mecânico;1;331.74;Pix;Baixo
T002829;2026-05-22 15:28:00;Sudeste;Aplicativo;Informática;Mouse Sem Fio;1;117.66;Crédito;Baixo
T002830;2026-07-02 17:29:00;Sul;Site;Escritório;Papel A4 500 folhas;1;32.61;Pix;Baixo
T002831;2026-01-01 08:41:00;Sudeste;Site;Celulares;Power Bank 20000mAh;1;207.53;Débito;Baixo
T002832;2026-04-13 03:09:00;Nordeste;Marketplace;Áudio e Vídeo;Microfone USB;1;346.1;Pix;Baixo
T002833;2026-06-12 10:48:00;Centro-Oeste;Site;Games;Jogo Aventura Lendária;1;298.19;Crédito;Baixo
T002834;2026-03-11 01:32:00;Centro-Oeste;Aplicativo;Casa e Cozinha;Panela Elétrica 5L;1;376.66;Pix;Baixo
T002835;2026-01-06 02:41:00;Centro-Oeste;Site;Informática;Notebook 14 Air;1;3208.47;Débito;Baixo
T002836;2026-03-30 04:04:00;Centro-Oeste;Aplicativo;Escritório;Suporte para Notebook;1;103.88;Crédito;Baixo
T002837;2026-05-09 08:22:00;Norte;Site;Informática;Mouse Sem Fio;2;227.43;Crédito;Baixo
T002838;2026-04-03 03:35:00;Nordeste;Site;Celulares;Smartphone Vega Max 256GB;1;2345.82;Crédito;Baixo
T002839;2026-06-30 04:17:00;Sudeste;Aplicativo;Celulares;Fone Bluetooth;1;251.37;Crédito;Baixo
T002840;2026-03-25 01:36:00;Sudeste;Site;Casa e Cozinha;Jogo de Panelas 5 peças;2;825.26;Crédito;Baixo
T002841;2026-08-28 20:58:00;Sudeste;Aplicativo;Games;Console PlaySphere 5;2;7997.73;Pix;Médio
T002842;2026-05-17 13:51:00;Sudeste;Aplicativo;Informática;Notebook 14 Air;2;6870.66;Débito;Baixo
T002843;2026-08-03 19:44:00;Sul;Aplicativo;Casa e Cozinha;Sanduicheira Grill;1;178.01;Crédito;Baixo
T002844;2026-01-23 15:41:00;Nordeste;Site;Celulares;Power Bank 20000mAh;3;621.71;Débito;Baixo
T002845;2026-03-13 02:20:00;Sudeste;Site;Informática;Webcam Full HD;5;1130.3;Pix;Baixo
T002846;2026-08-09 04:50:00;Norte;Loja física;Games;Console NovaBox X;2;8352.79;Boleto;Alto
T002847;2026-02-23 21:16:00;Norte;Aplicativo;Escritório;Organizador de Mesa;2;144.55;Pix;Baixo
T002848;2026-08-23 00:01:00;Norte;Aplicativo;Casa e Cozinha;Balança Digital Cozinha;1;85.31;Pix;Baixo
T002849;2026-02-08 21:29:00;Sul;Loja física;Casa e Cozinha;Jogo de Panelas 5 peças;1;436.32;Crédito;Baixo
T002850;2026-06-18 03:10:00;Nordeste;Site;Casa e Cozinha;Air Fryer 5L;1;491.54;Crédito;Baixo
T002851;2026-02-15 02:29:00;Sudeste;Site;Informática;Teclado Mecânico;4;1400.23;Crédito;Baixo
T002852;2026-06-03 12:10:00;Sul;Marketplace;Escritório;Mesa Escritório 120cm;3;1847.11;Crédito;Baixo
T002853;2026-05-29 08:05:00;Sul;Marketplace;Escritório;Papel A4 500 folhas;1;36.63;Crédito;Baixo
T002854;2026-02-11 13:36:00;Nordeste;Loja física;Áudio e Vídeo;Smart TV 43 4K;1;2227.06;Crédito;Baixo
T002855;2026-06-15 00:52:00;Centro-Oeste;Site;Games;Headset 7.1;1;447.65;Pix;Baixo
T002856;2026-03-02 14:41:00;Sudeste;Aplicativo;Escritório;Mesa Escritório 120cm;3;1780.1;Boleto;Baixo
T002857;2026-03-06 06:03:00;Sul;Site;Informática;Teclado Mecânico;2;625.74;Crédito;Baixo
T002858;2026-05-12 09:08:00;Sudeste;Aplicativo;Informática;Monitor 24 IPS;2;1737.18;Crédito;Baixo
T002859;2026-06-26 10:09:00;Sul;Site;Celulares;Capa Antichoque;1;62.69;Crédito;Baixo
T002860;2026-07-16 13:16:00;Sul;Site;Escritório;Fragmentadora 10 folhas;3;1874.42;Crédito;Baixo
T002861;2026-01-29 05:18:00;Sudeste;Aplicativo;Games;Controle Sem Fio;2;834.94;Pix;Baixo
T002862;2026-06-02 14:38:00;Sul;Site;Áudio e Vídeo;Soundbar 2.1;1;713.61;Débito;Baixo
T002863;2026-01-24 08:44:00;Sudeste;Site;Casa e Cozinha;Balança Digital Cozinha;1;85.81;Pix;Baixo
T002864;2026-08-28 23:10:00;Sudeste;Site;Áudio e Vídeo;Headset Gamer;2;553.66;Pix;Baixo
T002865;2026-08-05 03:03:00;Sul;Site;Informática;Monitor 24 IPS;1;912.43;Crédito;Baixo
T002866;2026-06-02 19:11:00;Sul;Aplicativo;Escritório;Luminária LED;1;145.47;Crédito;Baixo
T002867;2026-05-17 17:15:00;Nordeste;Aplicativo;Informática;Notebook 15 Pro;1;4038.51;Débito;Baixo
T002868;2026-05-14 16:23:00;Centro-Oeste;Site;Games;Controle Sem Fio;3;1044.69;Crédito;Baixo
T002869;2026-05-29 10:34:00;Nordeste;Loja física;Escritório;Mesa Escritório 120cm;1;628.28;Crédito;Baixo
T002870;2026-05-17 20:11:00;Centro-Oeste;Aplicativo;Celulares;Smartphone Vega 128GB;1;1519.52;Crédito;Baixo
T002871;2026-04-20 12:26:00;Sudeste;Marketplace;Casa e Cozinha;Liquidificador 1200W;1;255.16;Pix;Baixo
T002872;2026-06-07 12:12:00;Nordeste;Aplicativo;Áudio e Vídeo;Smart TV 55 4K;2;5807.41;Crédito;Baixo
T002873;2026-02-07 20:39:00;Sudeste;Aplicativo;Celulares;Smartphone Orion 128GB;3;4728.63;Pix;Baixo
T002874;2026-02-25 21:21:00;Sudeste;Site;Games;Jogo Aventura Lendária;2;717.21;Crédito;Baixo
T002875;2026-01-03 09:04:00;Norte;Loja física;Games;Console NovaBox X;5;17848.36;Débito;Médio
T002876;2026-05-31 19:52:00;Sudeste;Marketplace;Informática;Hub USB-C 8 em 1;1;259.86;Pix;Baixo
T002877;2026-07-20 12:23:00;Sul;Aplicativo;Casa e Cozinha;Liquidificador 1200W;1;269.98;Pix;Baixo
T002878;2026-03-08 19:05:00;Nordeste;Aplicativo;Escritório;Suporte para Notebook;3;315.97;Crédito;Baixo
T002879;2026-07-12 11:11:00;Centro-Oeste;Aplicativo;Informática;Mochila para Notebook;1;180.5;Crédito;Baixo
T002880;2026-07-22 01:42:00;Nordeste;Loja física;Games;Console NovaBox X;4;16356.71;Crédito;Médio
T002881;2026-01-02 11:40:00;Nordeste;Loja física;Celulares;Smartphone Orion Pro 256GB;3;7666.96;Crédito;Médio
T002882;2026-07-02 21:55:00;Sudeste;Site;Escritório;Mesa Escritório 120cm;4;2629.53;Pix;Baixo
T002883;2026-01-02 17:11:00;Sul;Marketplace;Escritório;Suporte para Notebook;1;109.86;Pix;Baixo
T002884;2026-06-18 07:40:00;Norte;Aplicativo;Áudio e Vídeo;Smart TV 55 4K;1;3010.1;Pix;Baixo
T002885;2026-05-08 08:42:00;Sul;Aplicativo;Celulares;Smartphone Orion Pro 256GB;1;2584.95;Pix;Baixo
T002886;2026-03-05 02:00:00;Sudeste;Loja física;Casa e Cozinha;Balança Digital Cozinha;5;407.59;Débito;Baixo
T002887;2026-04-03 22:26:00;Norte;Site;Informática;Mouse Sem Fio;4;548.65;Pix;Baixo
T002888;2026-01-25 22:29:00;Sudeste;Site;Informática;Memória DDR4 16GB;2;526.02;Pix;Baixo
T002889;2026-04-14 07:40:00;Sul;Site;Celulares;Smartphone Orion 128GB;3;5041.02;Pix;Baixo
T002890;2026-08-18 23:14:00;Centro-Oeste;Loja física;Áudio e Vídeo;Caixa Bluetooth;2;709.25;Débito;Baixo
T002891;2026-03-10 04:56:00;Sudeste;Aplicativo;Casa e Cozinha;Kit Potes Herméticos;1;135.47;Débito;Baixo
T002892;2026-03-07 20:21:00;Sudeste;Aplicativo;Áudio e Vídeo;Soundbar 2.1;4;3040.87;Débito;Baixo
T002893;2026-03-19 05:29:00;Nordeste;Site;Áudio e Vídeo;Microfone USB;1;365.36;Pix;Baixo
T002894;2026-06-30 05:16:00;Nordeste;Site;Informática;Memória DDR4 16GB;1;305.88;Crédito;Baixo
T002895;2026-01-04 18:55:00;Centro-Oeste;Marketplace;Celulares;Película 3D;4;163.26;Pix;Baixo
T002896;2026-06-03 17:56:00;Nordeste;Aplicativo;Casa e Cozinha;Cafeteira Programável;1;305.16;Crédito;Baixo
T002897;2026-04-25 12:47:00;Sudeste;Aplicativo;Celulares;Smartphone Orion Pro 256GB;4;11006.44;Boleto;Alto
T002898;2026-07-24 10:22:00;Centro-Oeste;Aplicativo;Informática;Webcam Full HD;2;457.31;Crédito;Baixo
T002899;2026-07-16 21:18:00;Sul;Loja física;Informática;SSD SATA 480GB;1;244.21;Débito;Baixo
T002900;2026-03-01 08:21:00;Sudeste;Site;Celulares;Smartphone Vega Max 256GB;1;2251.71;Boleto;Baixo
T002901;2026-08-29 10:04:00;Sudeste;Aplicativo;Escritório;Papel A4 500 folhas;1;36.98;Pix;Baixo
T002902;2026-02-11 05:18:00;Centro-Oeste;Site;Áudio e Vídeo;Suporte TV Articulado;2;338.62;Pix;Baixo
T002903;2026-08-27 17:53:00;Sul;Site;Informática;SSD NVMe 1TB;1;501.94;Débito;Baixo
T002904;2026-07-26 12:47:00;Nordeste;Site;Áudio e Vídeo;Smart TV 43 4K;1;2308.83;Débito;Baixo
T002905;2026-07-28 11:50:00;Sudeste;Site;Escritório;Papel A4 500 folhas;1;31.88;Crédito;Baixo
T002906;2026-05-21 09:54:00;Centro-Oeste;Site;Escritório;Impressora Multifuncional;4;3191.14;Boleto;Baixo
T002907;2026-07-23 00:35:00;Nordeste;Loja física;Celulares;Fone Bluetooth;1;263.66;Crédito;Baixo
T002908;2026-07-28 06:37:00;Sudeste;Loja física;Informática;Notebook 15 Pro;2;7528.19;Crédito;Médio
T002909;2026-01-26 08:26:00;Nordeste;Site;Games;Jogo Aventura Lendária;2;660.87;Pix;Baixo
T002910;2026-08-20 13:05:00;Sudeste;Site;Informática;Mouse Sem Fio;1;126.12;Crédito;Baixo
T002911;2026-04-02 06:48:00;Nordeste;Loja física;Casa e Cozinha;Cafeteira Programável;3;945.95;Débito;Baixo
T002912;2026-04-07 13:07:00;Nordeste;Site;Informática;Memória DDR4 16GB;2;554.2;Pix;Baixo
T002913;2026-03-09 12:50:00;Sudeste;Aplicativo;Games;Jogo Aventura Lendária;3;1039.9;Crédito;Baixo
T002914;2026-03-01 07:12:00;Sudeste;Loja física;Áudio e Vídeo;Projetor Full HD;3;5997.36;Crédito;Baixo
T002915;2026-03-19 04:37:00;Sul;Marketplace;Celulares;Smartphone Orion Pro 256GB;1;2636.13;Pix;Baixo
T002916;2026-03-25 13:09:00;Sul;Loja física;Celulares;Carregador USB-C 30W;1;112.42;Pix;Baixo
T002917;2026-06-07 11:33:00;Nordeste;Aplicativo;Celulares;Smartphone Orion Pro 256GB;2;6108.88;Débito;Baixo
T002918;2026-03-16 11:42:00;Centro-Oeste;Aplicativo;Informática;SSD SATA 480GB;1;267.68;Pix;Baixo
T002919;2026-03-31 23:06:00;Norte;Loja física;Informática;SSD NVMe 1TB;1;537.88;Crédito;Baixo
T002920;2026-02-09 09:20:00;Nordeste;Site;Áudio e Vídeo;Suporte TV Articulado;1;179.84;Pix;Baixo
T002921;2026-01-09 15:38:00;Centro-Oeste;Marketplace;Celulares;Smartphone Vega Max 256GB;3;7263.35;Crédito;Alto
T002922;2026-08-25 00:44:00;Sudeste;Site;Escritório;Organizador de Mesa;1;66.18;Crédito;Baixo
T002923;2026-06-10 19:57:00;Sudeste;Site;Casa e Cozinha;Jogo de Panelas 5 peças;2;888.24;Boleto;Baixo
T002924;2026-04-02 11:01:00;Sudeste;Loja física;Informática;SSD SATA 480GB;4;1130.91;Pix;Baixo
T002925;2026-02-09 21:48:00;Nordeste;Aplicativo;Informática;Monitor 27 QHD;3;4580.44;Pix;Baixo
T002926;2026-05-13 06:26:00;Sul;Aplicativo;Celulares;Capa Antichoque;3;186.65;Pix;Baixo
T002927;2026-08-25 08:14:00;Sudeste;Marketplace;Games;Volante Racing;2;2582.72;Crédito;Baixo
T002928;2026-01-31 17:45:00;Sudeste;Site;Casa e Cozinha;Kit Potes Herméticos;1;135.48;Débito;Baixo
T002929;2026-02-22 15:36:00;Sudeste;Loja física;Áudio e Vídeo;Soundbar 2.1;2;1604.5;Pix;Baixo
T002930;2026-01-08 17:48:00;Sudeste;Marketplace;Escritório;Impressora Multifuncional;1;770.31;Crédito;Baixo
T002931;2026-08-19 11:46:00;Sul;Marketplace;Informática;SSD SATA 480GB;1;278.51;Crédito;Baixo
T002932;2026-08-04 21:32:00;Norte;Site;Casa e Cozinha;Cafeteira Programável;6;1998.28;Pix;Baixo
T002933;2026-01-15 04:05:00;Sudeste;Marketplace;Informática;Mochila para Notebook;1;175.76;Pix;Baixo
T002934;2026-01-21 10:22:00;Nordeste;Loja física;Áudio e Vídeo;Microfone USB;1;353.67;Boleto;Baixo
T002935;2026-05-07 07:20:00;Sul;Aplicativo;Informática;SSD NVMe 1TB;2;989.0;Débito;Baixo
T002936;2026-06-05 13:11:00;Sul;Site;Casa e Cozinha;Cafeteira Programável;2;624.1;Débito;Baixo
T002937;2026-01-02 14:14:00;Sudeste;Aplicativo;Games;Jogo Corrida Pro;1;293.27;Boleto;Baixo
T002938;2026-07-20 21:45:00;Nordeste;Site;Games;Jogo Corrida Pro;2;623.04;Crédito;Baixo
T002939;2026-06-02 18:11:00;Centro-Oeste;Aplicativo;Informática;Memória DDR4 16GB;2;607.64;Crédito;Baixo
T002940;2026-08-10 06:30:00;Sudeste;Site;Informática;Mouse Sem Fio;3;390.02;Crédito;Baixo
T002941;2026-02-01 06:23:00;Sudeste;Loja física;Informática;SSD SATA 480GB;1;249.07;Crédito;Baixo
T002942;2026-06-23 07:31:00;Sudeste;Aplicativo;Celulares;Carregador USB-C 30W;1;124.69;Pix;Baixo
T002943;2026-07-25 02:36:00;Sul;Site;Celulares;Power Bank 20000mAh;5;1156.97;Crédito;Baixo
T002944;2026-01-08 21:08:00;Sul;Loja física;Informática;Webcam Full HD;3;748.55;Crédito;Baixo
T002945;2026-05-26 01:33:00;Nordeste;Site;Casa e Cozinha;Panela Elétrica 5L;1;342.64;Boleto;Baixo
T002946;2026-03-01 09:20:00;Centro-Oeste;Site;Celulares;Fone Bluetooth;4;880.17;Crédito;Baixo
T002947;2026-05-29 12:43:00;Nordeste;Site;Casa e Cozinha;Cafeteira Programável;1;280.25;Crédito;Baixo
T002948;2026-02-16 16:35:00;Centro-Oeste;Aplicativo;Celulares;Carregador USB-C 30W;1;114.19;Débito;Baixo
T002949;2026-08-16 15:28:00;Nordeste;Site;Informática;Monitor 24 IPS;1;803.47;Débito;Baixo
T002950;2026-04-04 18:19:00;Nordeste;Site;Celulares;Fone Bluetooth;1;250.25;Crédito;Baixo
T002951;2026-06-24 10:03:00;Nordeste;Loja física;Celulares;Carregador USB-C 30W;1;108.45;Crédito;Baixo
T002952;2026-07-27 17:56:00;Centro-Oeste;Loja física;Informática;Mouse Sem Fio;1;120.46;Crédito;Baixo
T002953;2026-08-07 07:37:00;Sudeste;Marketplace;Games;Controle Sem Fio;1;346.4;Débito;Baixo
T002954;2026-02-17 08:04:00;Sudeste;Site;Informática;Notebook 14 Air;1;2905.69;Crédito;Baixo
T002955;2026-02-21 15:35:00;Sul;Aplicativo;Casa e Cozinha;Kit Potes Herméticos;1;129.48;Débito;Baixo
T002956;2026-01-01 19:05:00;Sudeste;Marketplace;Informática;Notebook 14 Air;2;6024.14;Crédito;Médio
T002957;2026-06-03 19:18:00;Sul;Marketplace;Casa e Cozinha;Air Fryer 5L;1;463.69;Crédito;Baixo
T002958;2026-03-03 12:32:00;Centro-Oeste;Site;Celulares;Capa Antichoque;1;68.06;Pix;Baixo
T002959;2026-08-04 05:18:00;Sul;Site;Celulares;Capa Antichoque;2;134.13;Débito;Baixo
T002960;2026-08-10 13:33:00;Sudeste;Aplicativo;Áudio e Vídeo;Projetor Full HD;1;1909.02;Crédito;Baixo
T002961;2026-02-01 01:50:00;Sudeste;Site;Casa e Cozinha;Balança Digital Cozinha;2;162.44;Crédito;Baixo
T002962;2026-04-27 11:57:00;Sul;Site;Áudio e Vídeo;Caixa Bluetooth;1;398.39;Crédito;Baixo
T002963;2026-01-05 17:42:00;Nordeste;Site;Casa e Cozinha;Sanduicheira Grill;2;357.01;Pix;Baixo
T002964;2026-03-26 08:20:00;Sudeste;Loja física;Informática;Teclado Mecânico;1;333.63;Pix;Baixo
T002965;2026-01-26 16:30:00;Nordeste;Loja física;Escritório;Luminária LED;1;130.32;Crédito;Baixo
T002966;2026-07-28 17:09:00;Sul;Marketplace;Casa e Cozinha;Jogo de Panelas 5 peças;1;437.89;Crédito;Baixo
T002967;2026-07-14 07:35:00;Sul;Marketplace;Casa e Cozinha;Air Fryer 5L;2;881.89;Crédito;Baixo
T002968;2026-04-02 21:17:00;Nordeste;Site;Casa e Cozinha;Kit Potes Herméticos;1;119.84;Boleto;Baixo
T002969;2026-07-14 23:37:00;Sudeste;Aplicativo;Informática;Monitor 24 IPS;1;947.72;Pix;Baixo
T002970;2026-06-25 08:12:00;Centro-Oeste;Site;Escritório;Impressora Multifuncional;2;1823.64;Crédito;Baixo
T002971;2026-04-14 21:42:00;Sudeste;Marketplace;Celulares;Capa Antichoque;1;64.45;Pix;Baixo
T002972;2026-05-26 03:41:00;Sudeste;Marketplace;Áudio e Vídeo;Smart TV 55 4K;2;5968.88;Pix;Médio
T002973;2026-08-20 16:41:00;Sudeste;Marketplace;Games;Console PlaySphere 5;2;7600.21;Boleto;Alto
T002974;2026-08-22 02:13:00;Sudeste;Site;Celulares;Capa Antichoque;1;65.71;Crédito;Baixo
T002975;2026-03-22 00:44:00;Sudeste;Aplicativo;Escritório;Mesa Escritório 120cm;2;1156.85;Pix;Baixo
T002976;2026-03-13 17:45:00;Sul;Site;Escritório;Luminária LED;1;145.71;Pix;Baixo
T002977;2026-07-19 08:00:00;Norte;Site;Games;Controle Sem Fio;1;414.12;Pix;Baixo
T002978;2026-05-19 12:35:00;Sudeste;Site;Games;Controle Sem Fio;3;1040.37;Crédito;Baixo
T002979;2026-03-01 12:43:00;Nordeste;Site;Games;Controle Sem Fio;1;423.12;Boleto;Baixo
T002980;2026-01-30 05:03:00;Sudeste;Site;Celulares;Smartphone Vega 128GB;5;6864.42;Crédito;Baixo
T002981;2026-04-10 13:11:00;Sudeste;Loja física;Escritório;Luminária LED;1;141.91;Boleto;Baixo
T002982;2026-05-14 20:34:00;Sudeste;Marketplace;Celulares;Fone Bluetooth;1;222.54;Crédito;Baixo
T002983;2026-07-27 22:52:00;Nordeste;Aplicativo;Escritório;Papel A4 500 folhas;1;35.01;Crédito;Baixo
T002984;2026-04-06 16:15:00;Sul;Loja física;Informática;Webcam Full HD;1;235.53;Pix;Baixo
T002985;2026-05-17 20:09:00;Sul;Marketplace;Informática;Mouse Sem Fio;1;131.98;Débito;Baixo
T002986;2026-06-11 18:33:00;Centro-Oeste;Aplicativo;Games;Headset 7.1;1;459.65;Crédito;Baixo
T002987;2026-07-09 18:45:00;Sudeste;Aplicativo;Casa e Cozinha;Kit Potes Herméticos;1;117.25;Crédito;Baixo
T002988;2026-04-07 17:58:00;Nordeste;Site;Escritório;Luminária LED;2;268.23;Crédito;Baixo
T002989;2026-06-30 17:58:00;Sudeste;Aplicativo;Informática;Webcam Full HD;1;237.23;Crédito;Baixo
T002990;2026-06-05 16:23:00;Nordeste;Aplicativo;Casa e Cozinha;Panela Elétrica 5L;1;365.48;Pix;Baixo
T002991;2026-07-29 23:49:00;Nordeste;Aplicativo;Celulares;Capa Antichoque;1;70.77;Crédito;Baixo
T002992;2026-03-21 22:24:00;Nordeste;Loja física;Celulares;Smartphone Orion 128GB;2;3124.39;Crédito;Baixo
T002993;2026-02-27 20:46:00;Sudeste;Aplicativo;Casa e Cozinha;Jogo de Panelas 5 peças;1;444.61;Crédito;Baixo
T002994;2026-07-02 11:24:00;Sudeste;Site;Games;Console NovaBox X;1;3616.08;Crédito;Baixo
T002995;2026-02-12 07:04:00;Nordeste;Aplicativo;Informática;Hub USB-C 8 em 1;1;270.75;Débito;Baixo
T002996;2026-01-26 17:27:00;Sudeste;Aplicativo;Games;Cadeira Gamer;1;1006.21;Crédito;Baixo
T002997;2026-06-30 11:35:00;Sudeste;Aplicativo;Escritório;Organizador de Mesa;1;72.1;Pix;Baixo
T002998;2026-02-06 00:50:00;Nordeste;Aplicativo;Games;Console NovaBox X;2;7530.12;Crédito;Médio
T002999;2026-08-05 12:04:00;Norte;Aplicativo;Informática;Webcam Full HD;1;214.6;Crédito;Baixo
T003000;2026-07-17 19:48:00;Sul;Aplicativo;Games;Jogo Aventura Lendária;1;326.34;Pix;Baixo
T003001;2026-02-01 17:57:00;Sudeste;Site;Informática;Hub USB-C 8 em 1;4;978.03;Crédito;Baixo
T003002;2026-06-13 04:33:00;Norte;Aplicativo;Games;Console PlaySphere 5;1;4521.46;Crédito;Baixo
T003003;2026-06-30 14:18:00;Sudeste;Site;Celulares;Power Bank 20000mAh;1;216.42;Crédito;Baixo
T003004;2026-05-10 12:25:00;Sudeste;Site;Celulares;Película 3D;1;40.06;Crédito;Baixo
T003005;2026-01-09 06:19:00;Sudeste;Marketplace;Casa e Cozinha;Kit Potes Herméticos;1;135.78;Crédito;Baixo
T003006;2026-01-05 08:16:00;Sudeste;Site;Casa e Cozinha;Aspirador Vertical;2;1001.98;Pix;Baixo
T003007;2026-02-11 07:23:00;Sudeste;Loja física;Escritório;Organizador de Mesa;1;71.7;Crédito;Baixo
T003008;2026-04-24 23:20:00;Nordeste;Marketplace;Games;Console NovaBox X;1;3434.01;Crédito;Baixo
T003009;2026-08-15 01:10:00;Sul;Marketplace;Informática;Mochila para Notebook;1;167.8;Crédito;Baixo
T003010;2026-03-08 04:59:00;Sudeste;Aplicativo;Casa e Cozinha;Panela Elétrica 5L;2;803.3;Crédito;Baixo
T003011;2026-03-04 03:39:00;Sudeste;Marketplace;Celulares;Carregador USB-C 30W;3;313.28;Crédito;Baixo
T003012;2026-05-07 15:14:00;Norte;Marketplace;Escritório;Impressora Multifuncional;3;2417.46;Pix;Baixo
T003013;2026-05-22 12:01:00;Sudeste;Aplicativo;Escritório;Fragmentadora 10 folhas;1;736.45;Débito;Baixo
T003014;2026-08-02 03:20:00;Norte;Site;Informática;Webcam Full HD;1;251.97;Crédito;Baixo
T003015;2026-04-25 17:31:00;Sudeste;Marketplace;Informática;Webcam Full HD;3;684.61;Crédito;Baixo
T003016;2026-02-24 06:52:00;Sudeste;Loja física;Games;Jogo Aventura Lendária;1;297.43;Pix;Baixo
T003017;2026-05-04 02:38:00;Sul;Loja física;Celulares;Smartphone Vega Max 256GB;1;2060.32;Boleto;Baixo
T003018;2026-07-13 13:35:00;Sul;Loja física;Escritório;Cadeira Ergonômica;1;1158.06;Pix;Baixo
T003019;2026-06-10 15:02:00;Centro-Oeste;Aplicativo;Informática;Notebook 14 Air;4;11441.73;Pix;Médio
T003020;2026-01-20 00:44:00;Sul;Site;Casa e Cozinha;Panela Elétrica 5L;1;365.92;Pix;Baixo
T003021;2026-05-30 08:29:00;Sul;Aplicativo;Games;Volante Racing;2;2211.76;Pix;Baixo
T003022;2026-04-24 04:44:00;Sudeste;Aplicativo;Áudio e Vídeo;Microfone USB;1;318.37;Pix;Baixo
T003023;2026-05-28 03:21:00;Sudeste;Site;Celulares;Fone Bluetooth;1;214.16;Pix;Baixo
T003024;2026-02-14 20:55:00;Nordeste;Site;Celulares;Smartphone Vega Max 256GB;1;2161.27;Pix;Baixo
T003025;2026-01-09 01:57:00;Norte;Aplicativo;Informática;Monitor 24 IPS;2;1550.08;Débito;Baixo
T003026;2026-06-02 08:11:00;Sudeste;Marketplace;Games;Cadeira Gamer;1;987.85;Crédito;Baixo
T003027;2026-06-09 17:43:00;Centro-Oeste;Aplicativo;Casa e Cozinha;Jogo de Panelas 5 peças;1;404.13;Crédito;Baixo
T003028;2026-04-04 02:43:00;Sudeste;Aplicativo;Escritório;Organizador de Mesa;1;72.96;Débito;Baixo
T003029;2026-04-19 23:17:00;Sudeste;Site;Informática;Monitor 27 QHD;4;6400.76;Crédito;Baixo
T003030;2026-07-14 21:38:00;Norte;Aplicativo;Escritório;Impressora Multifuncional;1;816.59;Pix;Baixo
T003031;2026-05-14 16:14:00;Sudeste;Loja física;Games;Volante Racing;1;1204.88;Pix;Baixo
T003032;2026-01-19 16:36:00;Sul;Site;Casa e Cozinha;Aspirador Vertical;1;508.45;Pix;Baixo
T003033;2026-04-05 09:55:00;Sudeste;Site;Informática;Notebook 15 Pro;1;3527.47;Pix;Baixo
T003034;2026-08-18 10:07:00;Nordeste;Site;Casa e Cozinha;Kit Potes Herméticos;2;248.26;Débito;Baixo
T003035;2026-02-05 17:59:00;Centro-Oeste;Aplicativo;Informática;Monitor 24 IPS;2;1603.74;Crédito;Baixo
T003036;2026-07-11 21:31:00;Sudeste;Marketplace;Casa e Cozinha;Cafeteira Programável;1;332.28;Débito;Baixo
T003037;2026-01-18 04:13:00;Nordeste;Site;Informática;Teclado Mecânico;1;339.05;Pix;Baixo
T003038;2026-03-22 00:41:00;Sul;Loja física;Casa e Cozinha;Kit Potes Herméticos;1;136.98;Crédito;Baixo
T003039;2026-02-05 18:52:00;Norte;Site;Games;Headset 7.1;1;398.63;Pix;Baixo
T003040;2026-04-04 13:26:00;Sudeste;Marketplace;Casa e Cozinha;Air Fryer 5L;1;436.25;Crédito;Baixo
T003041;2026-01-15 18:57:00;Nordeste;Marketplace;Informática;Monitor 27 QHD;4;6531.8;Crédito;Médio
T003042;2026-01-19 17:13:00;Sudeste;Aplicativo;Escritório;Suporte para Notebook;1;105.04;Débito;Baixo
T003043;2026-02-25 05:28:00;Sudeste;Site;Áudio e Vídeo;Suporte TV Articulado;1;175.29;Crédito;Baixo
T003044;2026-01-30 15:27:00;Sudeste;Marketplace;Escritório;Fragmentadora 10 folhas;1;741.6;Crédito;Baixo
T003045;2026-08-12 21:35:00;Sudeste;Site;Escritório;Organizador de Mesa;1;67.14;Crédito;Baixo
T003046;2026-04-23 10:01:00;Sudeste;Loja física;Escritório;Suporte para Notebook;1;105.09;Pix;Baixo
T003047;2026-03-17 09:19:00;Norte;Loja física;Informática;Notebook 15 Pro;1;3639.56;Pix;Baixo
T003048;2026-06-12 23:39:00;Sudeste;Aplicativo;Games;Headset 7.1;2;909.96;Débito;Baixo
T003049;2026-01-02 08:10:00;Sul;Site;Casa e Cozinha;Air Fryer 5L;1;502.95;Débito;Baixo
T003050;2026-02-02 23:39:00;Sul;Site;Informática;Memória DDR4 16GB;1;295.0;Crédito;Baixo
T003051;2026-05-26 16:41:00;Sudeste;Loja física;Áudio e Vídeo;Smart TV 55 4K;4;13292.13;Pix;Médio
T003052;2026-08-06 16:15:00;Nordeste;Loja física;Escritório;Papel A4 500 folhas;2;67.5;Pix;Baixo
T003053;2026-05-28 14:00:00;Sudeste;Aplicativo;Celulares;Capa Antichoque;1;67.45;Crédito;Baixo
T003054;2026-01-08 09:54:00;Sudeste;Site;Escritório;Suporte para Notebook;3;309.51;Crédito;Baixo
T003055;2026-06-15 09:15:00;Sul;Loja física;Escritório;Organizador de Mesa;2;128.82;Crédito;Baixo
T003056;2026-02-21 16:10:00;Sul;Site;Áudio e Vídeo;Smart TV 55 4K;4;11828.7;Pix;Médio
T003057;2026-02-06 16:04:00;Sudeste;Loja física;Casa e Cozinha;Air Fryer 5L;1;496.39;Débito;Baixo
T003058;2026-07-14 08:20:00;Centro-Oeste;Site;Informática;SSD SATA 480GB;1;233.64;Crédito;Baixo
T003059;2026-03-16 12:25:00;Nordeste;Aplicativo;Casa e Cozinha;Jogo de Panelas 5 peças;1;441.26;Pix;Baixo
T003060;2026-04-17 11:58:00;Centro-Oeste;Site;Áudio e Vídeo;Suporte TV Articulado;2;318.59;Crédito;Baixo
T003061;2026-05-09 08:13:00;Sudeste;Aplicativo;Áudio e Vídeo;Projetor Full HD;2;3403.66;Pix;Baixo
T003062;2026-08-19 02:25:00;Nordeste;Site;Celulares;Smartphone Orion Pro 256GB;1;2770.66;Crédito;Baixo
T003063;2026-06-02 23:13:00;Sul;Aplicativo;Informática;Memória DDR4 16GB;1;288.73;Crédito;Baixo
T003064;2026-05-28 10:13:00;Sudeste;Aplicativo;Casa e Cozinha;Cafeteira Programável;1;288.85;Pix;Baixo
T003065;2026-04-17 01:00:00;Nordeste;Loja física;Games;Console PlaySphere 5;1;3686.65;Débito;Baixo
T003066;2026-01-17 01:41:00;Nordeste;Site;Informática;Memória DDR4 16GB;1;266.8;Pix;Baixo
T003067;2026-06-22 03:24:00;Nordeste;Site;Casa e Cozinha;Jogo de Panelas 5 peças;4;1803.3;Pix;Baixo
T003068;2026-04-26 13:59:00;Nordeste;Aplicativo;Áudio e Vídeo;Soundbar 2.1;4;2860.38;Crédito;Baixo
T003069;2026-01-11 04:20:00;Sul;Site;Games;Headset 7.1;4;1794.68;Pix;Baixo
T003070;2026-06-24 17:33:00;Sudeste;Aplicativo;Games;Jogo Aventura Lendária;1;339.99;Pix;Baixo
T003071;2026-05-05 11:48:00;Sudeste;Site;Informática;SSD NVMe 1TB;1;469.77;Crédito;Baixo
T003072;2026-06-22 23:10:00;Sudeste;Site;Áudio e Vídeo;Caixa Bluetooth;1;350.29;Pix;Baixo
T003073;2026-02-28 19:59:00;Nordeste;Aplicativo;Casa e Cozinha;Cafeteira Programável;5;1689.56;Crédito;Baixo
T003074;2026-01-16 23:38:00;Sul;Site;Áudio e Vídeo;Projetor Full HD;2;3699.58;Pix;Baixo
T003075;2026-01-25 05:21:00;Sudeste;Loja física;Áudio e Vídeo;Projetor Full HD;1;1972.23;Pix;Baixo
T003076;2026-06-30 20:06:00;Nordeste;Site;Escritório;Cadeira Ergonômica;1;1205.97;Pix;Baixo
T003077;2026-08-14 18:55:00;Norte;Site;Áudio e Vídeo;Caixa Bluetooth;1;360.26;Crédito;Baixo
T003078;2026-02-18 17:53:00;Sudeste;Aplicativo;Áudio e Vídeo;Soundbar 2.1;2;1452.2;Pix;Baixo
T003079;2026-04-13 05:35:00;Sudeste;Site;Informática;Hub USB-C 8 em 1;3;858.94;Pix;Baixo
T003080;2026-01-11 23:23:00;Sudeste;Aplicativo;Casa e Cozinha;Kit Potes Herméticos;1;126.54;Débito;Baixo
T003081;2026-05-24 15:39:00;Sudeste;Loja física;Casa e Cozinha;Cafeteira Programável;2;546.64;Débito;Baixo
T003082;2026-06-11 12:43:00;Sul;Marketplace;Celulares;Carregador USB-C 30W;1;124.82;Crédito;Baixo
T003083;2026-08-26 02:44:00;Nordeste;Marketplace;Áudio e Vídeo;Headset Gamer;1;305.37;Pix;Baixo
T003084;2026-04-13 22:29:00;Sudeste;Loja física;Games;Cadeira Gamer;2;2060.35;Pix;Baixo
T003085;2026-06-20 01:09:00;Sudeste;Loja física;Escritório;Impressora Multifuncional;5;4192.28;Crédito;Baixo
T003086;2026-03-21 09:49:00;Sul;Site;Informática;SSD NVMe 1TB;1;457.59;Débito;Baixo
T003087;2026-04-17 04:18:00;Sudeste;Loja física;Áudio e Vídeo;Suporte TV Articulado;1;152.46;Crédito;Baixo
T003088;2026-08-24 03:17:00;Norte;Site;Casa e Cozinha;Aspirador Vertical;1;540.96;Pix;Baixo
T003089;2026-06-16 06:12:00;Nordeste;Marketplace;Casa e Cozinha;Balança Digital Cozinha;1;91.43;Crédito;Baixo
T003090;2026-07-20 06:33:00;Sudeste;Site;Informática;Mochila para Notebook;1;176.51;Crédito;Baixo
T003091;2026-06-01 17:46:00;Nordeste;Aplicativo;Casa e Cozinha;Air Fryer 5L;3;1367.4;Crédito;Baixo
T003092;2026-03-26 21:50:00;Nordeste;Aplicativo;Celulares;Smartphone Vega Max 256GB;1;2327.72;Crédito;Baixo
T003093;2026-02-06 20:48:00;Centro-Oeste;Aplicativo;Games;Console PlaySphere 5;1;3860.41;Boleto;Médio
T003094;2026-02-07 12:16:00;Sul;Loja física;Áudio e Vídeo;Soundbar 2.1;1;708.28;Débito;Baixo
T003095;2026-02-11 04:57:00;Sudeste;Marketplace;Casa e Cozinha;Jogo de Panelas 5 peças;1;428.03;Pix;Baixo
T003096;2026-07-02 03:14:00;Sudeste;Site;Escritório;Papel A4 500 folhas;3;101.36;Pix;Baixo
T003097;2026-07-25 17:29:00;Nordeste;Site;Casa e Cozinha;Cafeteira Programável;1;328.74;Crédito;Baixo
T003098;2026-08-18 14:23:00;Nordeste;Loja física;Escritório;Mesa Escritório 120cm;2;1197.11;Crédito;Baixo
T003099;2026-04-27 04:55:00;Sul;Site;Games;Console NovaBox X;3;11239.84;Crédito;Médio
T003100;2026-08-17 08:57:00;Sul;Marketplace;Celulares;Smartphone Vega 128GB;1;1540.48;Boleto;Médio
T003101;2026-08-29 16:49:00;Norte;Loja física;Informática;Notebook 15 Pro;1;3811.86;Crédito;Baixo
T003102;2026-03-15 12:45:00;Sul;Site;Áudio e Vídeo;Smart TV 43 4K;1;1933.05;Boleto;Baixo
T003103;2026-03-10 19:49:00;Sul;Aplicativo;Celulares;Smartphone Vega Max 256GB;3;7335.0;Boleto;Alto
T003104;2026-01-18 18:34:00;Nordeste;Aplicativo;Casa e Cozinha;Liquidificador 1200W;1;280.23;Pix;Baixo
T003105;2026-05-16 20:07:00;Sudeste;Aplicativo;Informática;SSD SATA 480GB;1;258.82;Débito;Baixo
T003106;2026-05-16 13:36:00;Nordeste;Loja física;Informática;Notebook 14 Air;2;5900.24;Crédito;Baixo
T003107;2026-07-25 17:22:00;Nordeste;Site;Celulares;Smartphone Orion 128GB;1;1762.25;Boleto;Baixo
T003108;2026-07-26 07:53:00;Sul;Marketplace;Escritório;Cadeira Ergonômica;5;6206.76;Pix;Médio
T003109;2026-05-04 17:03:00;Sudeste;Site;Games;Jogo Aventura Lendária;1;308.63;Pix;Baixo
T003110;2026-02-04 21:01:00;Sudeste;Loja física;Casa e Cozinha;Cafeteira Programável;2;667.88;Pix;Baixo
T003111;2026-05-19 11:20:00;Sudeste;Site;Áudio e Vídeo;Projetor Full HD;2;3757.61;Pix;Baixo
T003112;2026-03-07 11:42:00;Norte;Loja física;Celulares;Película 3D;1;42.16;Crédito;Baixo
T003113;2026-03-22 03:24:00;Sudeste;Loja física;Informática;Monitor 27 QHD;1;1683.61;Pix;Baixo
T003114;2026-04-07 13:10:00;Nordeste;Loja física;Áudio e Vídeo;Smart TV 43 4K;3;5924.47;Pix;Baixo
T003115;2026-06-20 08:19:00;Sul;Site;Games;Console PlaySphere 5;2;8514.57;Pix;Médio
T003116;2026-03-23 07:03:00;Sudeste;Site;Casa e Cozinha;Jogo de Panelas 5 peças;1;428.44;Pix;Baixo
T003117;2026-08-20 23:02:00;Nordeste;Aplicativo;Áudio e Vídeo;Headset Gamer;5;1472.47;Crédito;Baixo
T003118;2026-07-16 16:56:00;Nordeste;Site;Informática;Mouse Sem Fio;1;115.3;Pix;Baixo
T003119;2026-08-15 16:32:00;Norte;Site;Informática;Hub USB-C 8 em 1;1;267.7;Débito;Baixo
T003120;2026-01-24 07:47:00;Sudeste;Site;Escritório;Fragmentadora 10 folhas;1;639.76;Débito;Baixo
T003121;2026-04-11 04:32:00;Sudeste;Site;Casa e Cozinha;Cafeteira Programável;2;591.51;Crédito;Baixo
T003122;2026-03-23 00:17:00;Sul;Aplicativo;Casa e Cozinha;Balança Digital Cozinha;1;86.84;Pix;Baixo
T003123;2026-06-10 03:40:00;Sudeste;Aplicativo;Games;Console PlaySphere 5;1;3675.8;Crédito;Baixo
T003124;2026-03-13 00:46:00;Sudeste;Site;Celulares;Smartphone Vega Max 256GB;1;2045.37;Pix;Baixo
T003125;2026-06-17 01:18:00;Centro-Oeste;Loja física;Celulares;Smartphone Vega 128GB;3;3862.05;Crédito;Baixo
T003126;2026-07-28 08:42:00;Sudeste;Aplicativo;Áudio e Vídeo;Suporte TV Articulado;1;161.44;Débito;Baixo
T003127;2026-07-24 06:07:00;Sudeste;Marketplace;Informática;Webcam Full HD;2;412.95;Débito;Baixo
T003128;2026-02-09 21:43:00;Nordeste;Site;Casa e Cozinha;Aspirador Vertical;2;1029.76;Crédito;Baixo
T003129;2026-04-08 13:31:00;Nordeste;Aplicativo;Áudio e Vídeo;Caixa Bluetooth;1;369.42;Boleto;Baixo
T003130;2026-06-14 17:27:00;Nordeste;Loja física;Celulares;Power Bank 20000mAh;1;210.39;Boleto;Baixo
T003131;2026-03-05 13:25:00;Sul;Marketplace;Celulares;Smartphone Orion Pro 256GB;5;13074.99;Crédito;Alto
T003132;2026-05-23 12:08:00;Nordeste;Site;Casa e Cozinha;Sanduicheira Grill;2;326.52;Crédito;Baixo
T003133;2026-07-16 23:43:00;Sul;Marketplace;Informática;SSD SATA 480GB;1;237.18;Débito;Baixo
T003134;2026-02-02 01:25:00;Nordeste;Loja física;Escritório;Mesa Escritório 120cm;1;574.39;Crédito;Baixo
T003135;2026-03-30 19:41:00;Norte;Aplicativo;Escritório;Fragmentadora 10 folhas;1;665.44;Débito;Baixo
T003136;2026-07-31 02:52:00;Sudeste;Site;Casa e Cozinha;Balança Digital Cozinha;1;91.71;Crédito;Baixo
T003137;2026-06-07 12:07:00;Sudeste;Aplicativo;Games;Cadeira Gamer;1;1152.7;Crédito;Baixo
T003138;2026-06-27 02:49:00;Norte;Loja física;Escritório;Luminária LED;1;137.16;Pix;Baixo
T003139;2026-02-23 01:42:00;Sudeste;Aplicativo;Casa e Cozinha;Kit Potes Herméticos;2;272.22;Crédito;Baixo
T003140;2026-03-03 06:32:00;Sudeste;Site;Casa e Cozinha;Air Fryer 5L;1;506.8;Débito;Baixo
T003141;2026-03-24 04:37:00;Sudeste;Marketplace;Casa e Cozinha;Cafeteira Programável;1;304.84;Crédito;Baixo
T003142;2026-02-25 11:45:00;Nordeste;Site;Games;Console PlaySphere 5;1;3673.28;Pix;Baixo
T003143;2026-01-05 07:55:00;Sudeste;Loja física;Áudio e Vídeo;Microfone USB;2;614.71;Boleto;Baixo
T003144;2026-06-17 16:17:00;Sudeste;Loja física;Casa e Cozinha;Air Fryer 5L;1;430.79;Crédito;Baixo
T003145;2026-06-25 23:59:00;Norte;Loja física;Casa e Cozinha;Balança Digital Cozinha;4;332.81;Crédito;Baixo
T003146;2026-03-08 03:31:00;Sudeste;Site;Casa e Cozinha;Balança Digital Cozinha;1;88.82;Débito;Baixo
T003147;2026-07-01 00:03:00;Nordeste;Aplicativo;Áudio e Vídeo;Headset Gamer;3;745.88;Débito;Baixo
T003148;2026-07-16 11:06:00;Nordeste;Site;Informática;Mouse Sem Fio;1;117.48;Débito;Baixo
T003149;2026-05-20 01:30:00;Centro-Oeste;Aplicativo;Celulares;Capa Antichoque;2;131.72;Crédito;Baixo
T003150;2026-04-18 19:06:00;Sul;Marketplace;Áudio e Vídeo;Caixa Bluetooth;2;707.18;Débito;Baixo
T003151;2026-07-14 01:20:00;Sul;Aplicativo;Áudio e Vídeo;Suporte TV Articulado;2;348.86;Crédito;Baixo
T003152;2026-03-17 05:02:00;Sul;Site;Celulares;Smartphone Orion 128GB;4;7279.47;Crédito;Médio
T003153;2026-08-04 11:18:00;Nordeste;Site;Casa e Cozinha;Air Fryer 5L;4;2101.49;Crédito;Baixo
T003154;2026-08-23 18:31:00;Sudeste;Marketplace;Escritório;Luminária LED;1;144.18;Crédito;Baixo
T003155;2026-04-27 20:22:00;Centro-Oeste;Marketplace;Celulares;Smartphone Orion 128GB;1;1844.76;Crédito;Baixo
T003156;2026-06-28 07:14:00;Sudeste;Loja física;Escritório;Suporte para Notebook;1;93.43;Crédito;Baixo
T003157;2026-06-15 10:22:00;Nordeste;Site;Áudio e Vídeo;Headset Gamer;1;282.4;Crédito;Baixo
T003158;2026-05-15 05:06:00;Sul;Aplicativo;Games;Console NovaBox X;2;7770.66;Pix;Médio
T003159;2026-01-19 08:06:00;Sul;Loja física;Áudio e Vídeo;Soundbar 2.1;1;704.25;Crédito;Baixo
T003160;2026-04-03 23:52:00;Sudeste;Site;Casa e Cozinha;Cafeteira Programável;4;1222.73;Crédito;Baixo
T003161;2026-04-04 02:45:00;Centro-Oeste;Aplicativo;Escritório;Luminária LED;1;129.6;Crédito;Baixo
T003162;2026-06-29 06:45:00;Sudeste;Aplicativo;Casa e Cozinha;Sanduicheira Grill;4;662.69;Crédito;Baixo
T003163;2026-07-25 18:25:00;Nordeste;Loja física;Celulares;Smartphone Orion Pro 256GB;1;2973.21;Pix;Baixo
T003164;2026-03-12 16:39:00;Sul;Site;Informática;Hub USB-C 8 em 1;1;278.69;Pix;Baixo
T003165;2026-05-20 02:35:00;Sudeste;Marketplace;Celulares;Smartphone Orion 128GB;1;1748.74;Débito;Baixo
T003166;2026-03-10 01:19:00;Sudeste;Aplicativo;Games;Jogo Corrida Pro;2;528.47;Pix;Baixo
T003167;2026-05-31 10:19:00;Sudeste;Site;Celulares;Fone Bluetooth;1;245.99;Crédito;Baixo
T003168;2026-04-09 05:10:00;Nordeste;Marketplace;Casa e Cozinha;Sanduicheira Grill;3;527.18;Pix;Baixo
T003169;2026-07-05 19:15:00;Sudeste;Aplicativo;Casa e Cozinha;Air Fryer 5L;1;487.57;Pix;Baixo
T003170;2026-01-09 07:48:00;Norte;Loja física;Casa e Cozinha;Jogo de Panelas 5 peças;1;436.43;Pix;Baixo
T003171;2026-04-18 18:28:00;Centro-Oeste;Loja física;Informática;Mochila para Notebook;2;358.91;Pix;Baixo
T003172;2026-03-27 15:01:00;Sudeste;Site;Informática;Webcam Full HD;1;235.32;Boleto;Baixo
T003173;2026-08-08 20:20:00;Nordeste;Loja física;Games;Volante Racing;4;5059.51;Débito;Baixo
T003174;2026-05-18 20:38:00;Sudeste;Aplicativo;Games;Controle Sem Fio;2;754.57;Crédito;Baixo
T003175;2026-03-09 04:55:00;Norte;Loja física;Games;Volante Racing;1;1292.36;Pix;Baixo
T003176;2026-03-02 07:58:00;Norte;Site;Casa e Cozinha;Balança Digital Cozinha;2;177.77;Crédito;Baixo
T003177;2026-07-14 15:08:00;Sudeste;Site;Games;Console NovaBox X;2;7716.36;Crédito;Médio
T003178;2026-07-12 03:33:00;Sul;Marketplace;Games;Cadeira Gamer;1;994.83;Débito;Baixo
T003179;2026-08-11 22:43:00;Sul;Aplicativo;Áudio e Vídeo;Caixa Bluetooth;2;795.54;Crédito;Baixo
T003180;2026-02-17 21:32:00;Sudeste;Loja física;Celulares;Fone Bluetooth;1;251.51;Pix;Baixo
T003181;2026-03-17 02:32:00;Nordeste;Aplicativo;Casa e Cozinha;Jogo de Panelas 5 peças;3;1195.26;Crédito;Baixo
T003182;2026-05-15 10:23:00;Sudeste;Site;Escritório;Luminária LED;1;127.42;Pix;Baixo
T003183;2026-06-28 19:15:00;Sudeste;Site;Áudio e Vídeo;Microfone USB;5;1775.26;Débito;Baixo
T003184;2026-08-08 02:58:00;Centro-Oeste;Aplicativo;Informática;Monitor 24 IPS;1;898.68;Pix;Baixo
T003185;2026-08-24 20:29:00;Centro-Oeste;Site;Casa e Cozinha;Aspirador Vertical;1;535.81;Crédito;Baixo
T003186;2026-07-03 03:24:00;Nordeste;Site;Celulares;Smartphone Orion 128GB;2;3177.27;Crédito;Baixo
T003187;2026-04-10 19:30:00;Sudeste;Site;Casa e Cozinha;Kit Potes Herméticos;1;135.45;Crédito;Baixo
T003188;2026-01-27 06:38:00;Sudeste;Marketplace;Escritório;Fragmentadora 10 folhas;1;665.73;Crédito;Baixo
T003189;2026-05-25 14:12:00;Sudeste;Site;Games;Jogo Aventura Lendária;1;326.54;Crédito;Baixo
T003190;2026-04-13 06:18:00;Sul;Loja física;Escritório;Organizador de Mesa;1;73.2;Pix;Baixo
T003191;2026-08-05 16:39:00;Sudeste;Site;Games;Cadeira Gamer;1;1002.3;Pix;Baixo
T003192;2026-08-13 19:56:00;Sudeste;Site;Games;Headset 7.1;1;482.34;Crédito;Baixo
T003193;2026-03-23 23:36:00;Sudeste;Marketplace;Informática;Memória DDR4 16GB;2;505.75;Crédito;Baixo
T003194;2026-03-17 04:23:00;Centro-Oeste;Marketplace;Informática;Webcam Full HD;1;213.86;Crédito;Baixo
T003195;2026-04-14 15:42:00;Centro-Oeste;Loja física;Celulares;Fone Bluetooth;3;747.22;Crédito;Baixo
T003196;2026-03-23 08:33:00;Sudeste;Site;Informática;Mochila para Notebook;2;348.66;Pix;Baixo
T003197;2026-08-11 00:47:00;Sul;Site;Áudio e Vídeo;Caixa Bluetooth;3;1232.62;Pix;Baixo
T003198;2026-01-06 19:29:00;Centro-Oeste;Aplicativo;Celulares;Capa Antichoque;1;70.49;Crédito;Baixo
T003199;2026-02-21 22:46:00;Sudeste;Site;Celulares;Smartphone Vega Max 256GB;3;6960.49;Crédito;Baixo
T003200;2026-04-30 21:03:00;Sudeste;Marketplace;Games;Jogo Corrida Pro;1;281.97;Crédito;Baixo
T003201;2026-08-09 05:33:00;Sudeste;Site;Áudio e Vídeo;Smart TV 43 4K;3;6650.27;Pix;Baixo
T003202;2026-07-02 18:44:00;Norte;Site;Escritório;Impressora Multifuncional;3;2447.84;Débito;Baixo
T003203;2026-06-04 12:05:00;Sul;Aplicativo;Áudio e Vídeo;Suporte TV Articulado;1;144.44;Débito;Baixo
T003204;2026-05-31 05:18:00;Sul;Site;Casa e Cozinha;Kit Potes Herméticos;1;120.61;Pix;Baixo
T003205;2026-03-09 04:26:00;Nordeste;Site;Escritório;Cadeira Ergonômica;2;2178.58;Débito;Baixo
T003206;2026-01-24 21:27:00;Sudeste;Loja física;Escritório;Impressora Multifuncional;2;1838.57;Crédito;Baixo
T003207;2026-04-14 15:15:00;Sul;Site;Casa e Cozinha;Aspirador Vertical;1;519.04;Crédito;Baixo
T003208;2026-07-17 13:50:00;Nordeste;Aplicativo;Informática;Mouse Sem Fio;2;254.51;Pix;Baixo
T003209;2026-07-06 16:44:00;Sul;Aplicativo;Celulares;Película 3D;2;71.14;Pix;Baixo
T003210;2026-04-13 17:29:00;Sul;Aplicativo;Casa e Cozinha;Aspirador Vertical;5;2771.99;Crédito;Baixo
T003211;2026-04-09 13:23:00;Sul;Site;Informática;Memória DDR4 16GB;1;304.25;Crédito;Baixo
T003212;2026-03-24 21:53:00;Sul;Marketplace;Informática;Mouse Sem Fio;3;351.34;Pix;Baixo
T003213;2026-05-05 05:33:00;Sudeste;Loja física;Celulares;Smartphone Vega Max 256GB;1;2422.76;Crédito;Baixo
T003214;2026-06-09 14:32:00;Nordeste;Site;Informática;Hub USB-C 8 em 1;3;822.31;Crédito;Baixo
T003215;2026-06-25 08:16:00;Centro-Oeste;Aplicativo;Informática;SSD NVMe 1TB;3;1507.41;Pix;Baixo
T003216;2026-04-06 23:27:00;Nordeste;Loja física;Games;Volante Racing;1;1192.9;Pix;Baixo
T003217;2026-03-03 03:46:00;Sul;Loja física;Games;Controle Sem Fio;2;814.06;Débito;Baixo
T003218;2026-06-09 16:25:00;Sul;Site;Áudio e Vídeo;Suporte TV Articulado;4;622.59;Crédito;Baixo
T003219;2026-03-16 14:39:00;Sudeste;Site;Escritório;Impressora Multifuncional;1;827.32;Crédito;Baixo
T003220;2026-04-07 02:27:00;Centro-Oeste;Site;Informática;Mouse Sem Fio;2;257.94;Boleto;Baixo
T003221;2026-06-15 05:58:00;Sudeste;Loja física;Informática;Hub USB-C 8 em 1;3;800.1;Crédito;Baixo
T003222;2026-02-05 15:55:00;Sul;Aplicativo;Áudio e Vídeo;Soundbar 2.1;1;700.3;Débito;Baixo
T003223;2026-02-23 09:08:00;Sudeste;Marketplace;Informática;Monitor 27 QHD;2;3250.95;Pix;Baixo
T003224;2026-08-14 23:36:00;Nordeste;Site;Informática;Monitor 24 IPS;2;1602.25;Crédito;Baixo
T003225;2026-04-04 21:35:00;Nordeste;Aplicativo;Games;Volante Racing;3;3581.27;Pix;Baixo
T003226;2026-07-01 01:54:00;Sudeste;Aplicativo;Games;Jogo Aventura Lendária;3;926.51;Débito;Baixo
T003227;2026-04-22 20:56:00;Sul;Aplicativo;Escritório;Impressora Multifuncional;2;1802.1;Crédito;Baixo
T003228;2026-03-14 06:44:00;Norte;Site;Informática;Teclado Mecânico;1;324.55;Pix;Baixo
T003229;2026-05-07 16:42:00;Sul;Loja física;Casa e Cozinha;Cafeteira Programável;1;272.46;Crédito;Baixo
T003230;2026-08-08 23:21:00;Sudeste;Loja física;Games;Console NovaBox X;1;3934.0;Pix;Baixo
T003231;2026-08-05 01:31:00;Sudeste;Loja física;Escritório;Mesa Escritório 120cm;2;1281.3;Crédito;Baixo
T003232;2026-06-18 00:22:00;Nordeste;Site;Escritório;Mesa Escritório 120cm;2;1353.23;Pix;Baixo
T003233;2026-05-20 00:26:00;Sul;Aplicativo;Informática;SSD SATA 480GB;2;524.01;Pix;Baixo
T003234;2026-05-09 22:27:00;Centro-Oeste;Loja física;Celulares;Fone Bluetooth;1;222.85;Débito;Baixo
T003235;2026-06-04 20:04:00;Sul;Site;Informática;Notebook 14 Air;1;2981.74;Crédito;Baixo
T003236;2026-08-22 02:09:00;Sudeste;Loja física;Informática;Monitor 24 IPS;1;924.52;Pix;Baixo
T003237;2026-01-21 20:45:00;Norte;Site;Casa e Cozinha;Cafeteira Programável;1;280.51;Crédito;Baixo
T003238;2026-02-11 04:17:00;Nordeste;Loja física;Celulares;Capa Antichoque;1;60.21;Débito;Baixo
T003239;2026-06-26 06:47:00;Sudeste;Marketplace;Escritório;Papel A4 500 folhas;1;31.75;Crédito;Baixo
T003240;2026-03-01 10:42:00;Nordeste;Site;Casa e Cozinha;Air Fryer 5L;1;492.07;Débito;Baixo
T003241;2026-08-26 22:43:00;Centro-Oeste;Site;Casa e Cozinha;Cafeteira Programável;3;887.72;Crédito;Baixo
T003242;2026-03-10 15:56:00;Sudeste;Aplicativo;Informática;Notebook 15 Pro;1;3434.28;Crédito;Baixo
T003243;2026-05-24 15:18:00;Sudeste;Aplicativo;Informática;Monitor 27 QHD;1;1633.16;Pix;Baixo
T003244;2026-02-17 11:12:00;Sudeste;Site;Áudio e Vídeo;Suporte TV Articulado;1;174.12;Débito;Baixo
T003245;2026-05-03 10:18:00;Centro-Oeste;Aplicativo;Áudio e Vídeo;Projetor Full HD;2;3682.05;Pix;Baixo
T003246;2026-07-14 00:59:00;Centro-Oeste;Loja física;Áudio e Vídeo;Soundbar 2.1;1;757.42;Crédito;Baixo
T003247;2026-06-25 07:14:00;Sudeste;Marketplace;Escritório;Cadeira Ergonômica;1;1122.04;Crédito;Baixo
T003248;2026-05-28 03:41:00;Sul;Loja física;Informática;SSD SATA 480GB;2;560.57;Pix;Baixo
T003249;2026-03-31 23:51:00;Sudeste;Aplicativo;Informática;Webcam Full HD;2;428.4;Crédito;Baixo
T003250;2026-07-26 11:20:00;Sudeste;Loja física;Casa e Cozinha;Panela Elétrica 5L;2;825.07;Crédito;Baixo
T003251;2026-07-16 20:48:00;Nordeste;Loja física;Casa e Cozinha;Balança Digital Cozinha;1;81.31;Boleto;Baixo
T003252;2026-03-24 09:41:00;Sudeste;Loja física;Informática;Mochila para Notebook;2;376.75;Crédito;Baixo
T003253;2026-05-23 10:50:00;Sudeste;Loja física;Informática;Monitor 27 QHD;1;1431.62;Crédito;Baixo
T003254;2026-06-06 04:45:00;Nordeste;Site;Informática;Memória DDR4 16GB;1;276.84;Crédito;Baixo
T003255;2026-01-09 19:16:00;Nordeste;Loja física;Áudio e Vídeo;Suporte TV Articulado;2;316.95;Débito;Baixo
T003256;2026-02-18 11:43:00;Sudeste;Site;Informática;Mochila para Notebook;5;850.4;Crédito;Baixo
T003257;2026-01-13 08:20:00;Norte;Aplicativo;Casa e Cozinha;Liquidificador 1200W;1;257.68;Crédito;Baixo
T003258;2026-04-04 19:01:00;Sudeste;Site;Áudio e Vídeo;Microfone USB;2;690.69;Crédito;Baixo
T003259;2026-07-07 23:54:00;Nordeste;Loja física;Áudio e Vídeo;Smart TV 43 4K;1;2283.29;Crédito;Baixo
T003260;2026-07-20 02:14:00;Sudeste;Marketplace;Casa e Cozinha;Jogo de Panelas 5 peças;1;375.31;Crédito;Baixo
T003261;2026-02-08 10:38:00;Norte;Aplicativo;Games;Controle Sem Fio;6;2172.62;Crédito;Baixo
T003262;2026-05-16 08:11:00;Sul;Loja física;Áudio e Vídeo;Caixa Bluetooth;3;1091.8;Pix;Baixo
T003263;2026-03-11 23:16:00;Sudeste;Loja física;Escritório;Papel A4 500 folhas;1;30.75;Crédito;Baixo
T003264;2026-01-26 07:56:00;Nordeste;Aplicativo;Escritório;Suporte para Notebook;1;99.79;Crédito;Baixo
T003265;2026-05-21 12:58:00;Sul;Marketplace;Áudio e Vídeo;Soundbar 2.1;1;805.82;Pix;Baixo
T003266;2026-02-23 03:15:00;Sudeste;Marketplace;Escritório;Fragmentadora 10 folhas;1;712.44;Crédito;Baixo
T003267;2026-04-27 04:06:00;Sudeste;Site;Casa e Cozinha;Liquidificador 1200W;6;1747.93;Pix;Baixo
T003268;2026-07-11 18:07:00;Sudeste;Loja física;Games;Jogo Corrida Pro;1;267.15;Débito;Baixo
T003269;2026-04-11 00:22:00;Centro-Oeste;Marketplace;Casa e Cozinha;Liquidificador 1200W;2;522.71;Débito;Baixo
T003270;2026-08-27 00:04:00;Sudeste;Site;Celulares;Fone Bluetooth;1;228.96;Pix;Baixo
T003271;2026-06-01 08:21:00;Sudeste;Aplicativo;Escritório;Suporte para Notebook;1;103.12;Boleto;Baixo
T003272;2026-07-10 05:01:00;Sudeste;Site;Escritório;Organizador de Mesa;1;66.42;Crédito;Baixo
T003273;2026-02-02 12:49:00;Sudeste;Aplicativo;Casa e Cozinha;Kit Potes Herméticos;2;254.44;Crédito;Baixo
T003274;2026-06-04 21:27:00;Sul;Loja física;Celulares;Power Bank 20000mAh;1;235.89;Débito;Baixo
T003275;2026-06-11 00:42:00;Nordeste;Site;Games;Console PlaySphere 5;4;16098.14;Débito;Médio
T003276;2026-01-09 07:58:00;Sudeste;Aplicativo;Casa e Cozinha;Jogo de Panelas 5 peças;1;422.2;Pix;Baixo
T003277;2026-07-30 16:06:00;Sudeste;Aplicativo;Celulares;Carregador USB-C 30W;1;113.52;Crédito;Baixo
T003278;2026-08-05 05:02:00;Sul;Site;Celulares;Smartphone Orion 128GB;1;1901.9;Pix;Baixo
T003279;2026-06-13 21:19:00;Sudeste;Marketplace;Games;Cadeira Gamer;5;5819.31;Pix;Médio
T003280;2026-04-08 09:07:00;Sudeste;Site;Games;Console NovaBox X;2;7887.64;Pix;Médio
T003281;2026-07-13 12:35:00;Sul;Site;Informática;Memória DDR4 16GB;1;288.28;Crédito;Baixo
T003282;2026-05-24 22:24:00;Sudeste;Site;Games;Volante Racing;1;1138.93;Pix;Baixo
T003283;2026-06-21 01:35:00;Sudeste;Marketplace;Informática;Teclado Mecânico;1;367.33;Boleto;Médio
T003284;2026-06-06 17:38:00;Sudeste;Marketplace;Áudio e Vídeo;Suporte TV Articulado;3;492.89;Pix;Baixo
T003285;2026-08-22 10:03:00;Nordeste;Site;Casa e Cozinha;Balança Digital Cozinha;1;77.49;Pix;Baixo
T003286;2026-02-08 22:39:00;Sudeste;Aplicativo;Informática;Monitor 24 IPS;5;3994.6;Débito;Baixo
T003287;2026-06-10 01:08:00;Centro-Oeste;Marketplace;Games;Controle Sem Fio;1;407.58;Pix;Baixo
T003288;2026-07-22 16:04:00;Norte;Marketplace;Celulares;Smartphone Vega Max 256GB;1;2059.91;Pix;Baixo
T003289;2026-07-11 00:01:00;Nordeste;Site;Informática;Monitor 24 IPS;2;1855.48;Crédito;Baixo
T003290;2026-05-01 22:55:00;Sudeste;Marketplace;Casa e Cozinha;Sanduicheira Grill;1;182.65;Pix;Baixo
T003291;2026-08-31 03:53:00;Nordeste;Marketplace;Celulares;Power Bank 20000mAh;2;400.51;Crédito;Baixo
T003292;2026-08-31 02:02:00;Sul;Loja física;Casa e Cozinha;Cafeteira Programável;2;669.01;Pix;Baixo
T003293;2026-01-31 04:48:00;Sudeste;Site;Informática;Notebook 15 Pro;2;6649.03;Débito;Baixo
T003294;2026-07-18 17:42:00;Sul;Site;Casa e Cozinha;Panela Elétrica 5L;1;377.64;Débito;Baixo
T003295;2026-04-08 11:25:00;Nordeste;Site;Casa e Cozinha;Liquidificador 1200W;1;250.93;Pix;Baixo
T003296;2026-07-14 21:35:00;Sul;Aplicativo;Celulares;Carregador USB-C 30W;2;236.6;Pix;Baixo
T003297;2026-02-18 11:45:00;Centro-Oeste;Loja física;Games;Jogo Corrida Pro;2;555.85;Débito;Baixo
T003298;2026-06-23 08:07:00;Sudeste;Site;Celulares;Smartphone Vega Max 256GB;1;2529.23;Boleto;Baixo
T003299;2026-01-19 15:50:00;Sul;Marketplace;Casa e Cozinha;Panela Elétrica 5L;2;735.72;Pix;Baixo
T003300;2026-01-05 09:44:00;Sudeste;Marketplace;Casa e Cozinha;Kit Potes Herméticos;2;255.33;Crédito;Baixo
T003301;2026-05-18 06:48:00;Centro-Oeste;Loja física;Áudio e Vídeo;Soundbar 2.1;1;769.54;Débito;Baixo
T003302;2026-05-03 04:03:00;Centro-Oeste;Marketplace;Informática;Teclado Mecânico;1;369.91;Crédito;Baixo
T003303;2026-05-24 03:56:00;Sudeste;Loja física;Informática;Monitor 24 IPS;1;838.3;Débito;Baixo
T003304;2026-05-29 01:35:00;Centro-Oeste;Marketplace;Games;Controle Sem Fio;4;1436.37;Crédito;Baixo
T003305;2026-01-07 23:19:00;Sudeste;Aplicativo;Escritório;Impressora Multifuncional;4;3479.77;Débito;Baixo
T003306;2026-07-06 18:32:00;Nordeste;Site;Games;Headset 7.1;1;457.87;Pix;Baixo
T003307;2026-05-22 04:28:00;Nordeste;Site;Escritório;Fragmentadora 10 folhas;1;713.18;Crédito;Baixo
T003308;2026-08-18 10:39:00;Nordeste;Aplicativo;Escritório;Impressora Multifuncional;1;894.77;Crédito;Baixo
T003309;2026-06-14 23:15:00;Sudeste;Site;Áudio e Vídeo;Soundbar 2.1;1;757.23;Pix;Baixo
T003310;2026-05-27 22:34:00;Sudeste;Loja física;Celulares;Fone Bluetooth;2;446.53;Crédito;Baixo
T003311;2026-05-28 07:16:00;Nordeste;Loja física;Celulares;Capa Antichoque;2;127.43;Crédito;Baixo
T003312;2026-02-25 07:05:00;Nordeste;Site;Games;Console NovaBox X;4;16608.79;Débito;Médio
T003313;2026-05-21 19:03:00;Sudeste;Site;Informática;Hub USB-C 8 em 1;1;241.18;Pix;Baixo
T003314;2026-02-13 06:50:00;Sudeste;Site;Games;Jogo Aventura Lendária;1;357.96;Pix;Baixo
T003315;2026-04-18 09:39:00;Sul;Aplicativo;Celulares;Smartphone Vega 128GB;1;1536.71;Crédito;Baixo
T003316;2026-02-05 09:59:00;Sudeste;Marketplace;Áudio e Vídeo;Headset Gamer;1;294.96;Pix;Baixo
T003317;2026-03-02 03:51:00;Nordeste;Aplicativo;Escritório;Fragmentadora 10 folhas;1;734.42;Débito;Baixo
T003318;2026-03-07 16:16:00;Sul;Aplicativo;Informática;Mochila para Notebook;3;549.55;Crédito;Baixo
T003319;2026-03-25 15:10:00;Sudeste;Marketplace;Informática;Mouse Sem Fio;1;122.78;Pix;Baixo
T003320;2026-08-03 23:31:00;Sudeste;Loja física;Games;Console NovaBox X;1;3982.54;Pix;Baixo
T003321;2026-07-31 07:26:00;Sudeste;Aplicativo;Casa e Cozinha;Balança Digital Cozinha;1;93.88;Pix;Baixo
T003322;2026-05-24 18:48:00;Sul;Loja física;Informática;Notebook 15 Pro;1;3886.51;Débito;Baixo
T003323;2026-03-04 10:40:00;Centro-Oeste;Site;Áudio e Vídeo;Projetor Full HD;2;3904.06;Crédito;Baixo
T003324;2026-07-12 15:46:00;Norte;Marketplace;Áudio e Vídeo;Caixa Bluetooth;1;419.26;Crédito;Baixo
T003325;2026-05-31 01:54:00;Sudeste;Loja física;Áudio e Vídeo;Projetor Full HD;1;1799.0;Crédito;Baixo
T003326;2026-01-08 09:55:00;Sul;Loja física;Áudio e Vídeo;Suporte TV Articulado;4;635.52;Boleto;Baixo
T003327;2026-08-21 09:27:00;Sudeste;Loja física;Áudio e Vídeo;Soundbar 2.1;1;727.44;Pix;Baixo
T003328;2026-01-11 18:12:00;Sul;Site;Escritório;Organizador de Mesa;1;64.12;Pix;Baixo
T003329;2026-07-08 00:56:00;Nordeste;Aplicativo;Áudio e Vídeo;Headset Gamer;1;302.92;Pix;Baixo
T003330;2026-05-12 16:31:00;Sudeste;Site;Informática;Monitor 24 IPS;4;3366.49;Crédito;Baixo
T003331;2026-04-08 20:35:00;Centro-Oeste;Loja física;Áudio e Vídeo;Projetor Full HD;2;3678.76;Débito;Baixo
T003332;2026-03-26 15:25:00;Sudeste;Site;Casa e Cozinha;Liquidificador 1200W;2;491.27;Crédito;Baixo
T003333;2026-07-22 01:14:00;Sul;Aplicativo;Casa e Cozinha;Sanduicheira Grill;1;179.54;Pix;Baixo
T003334;2026-01-20 08:33:00;Nordeste;Site;Áudio e Vídeo;Suporte TV Articulado;3;516.71;Crédito;Baixo
T003335;2026-05-14 10:47:00;Sudeste;Site;Informática;Mochila para Notebook;1;162.52;Pix;Baixo
T003336;2026-05-14 09:34:00;Sul;Site;Informática;SSD NVMe 1TB;1;533.98;Débito;Baixo
T003337;2026-01-02 23:27:00;Sudeste;Loja física;Casa e Cozinha;Balança Digital Cozinha;1;80.77;Crédito;Baixo
T003338;2026-06-29 23:32:00;Nordeste;Aplicativo;Casa e Cozinha;Panela Elétrica 5L;1;345.25;Crédito;Baixo
T003339;2026-02-14 21:51:00;Sul;Aplicativo;Áudio e Vídeo;Projetor Full HD;2;3483.51;Crédito;Baixo
T003340;2026-01-14 14:34:00;Sudeste;Aplicativo;Áudio e Vídeo;Caixa Bluetooth;4;1405.16;Crédito;Baixo
T003341;2026-08-18 15:37:00;Sul;Aplicativo;Informática;Webcam Full HD;1;230.66;Pix;Baixo
T003342;2026-01-18 22:34:00;Norte;Loja física;Casa e Cozinha;Jogo de Panelas 5 peças;4;1466.62;Crédito;Baixo
T003343;2026-03-14 07:40:00;Sul;Loja física;Áudio e Vídeo;Projetor Full HD;1;1784.9;Pix;Baixo
T003344;2026-02-01 16:42:00;Nordeste;Aplicativo;Celulares;Carregador USB-C 30W;2;246.17;Pix;Baixo
T003345;2026-04-27 15:02:00;Sudeste;Site;Escritório;Impressora Multifuncional;1;861.93;Débito;Baixo
T003346;2026-03-07 04:52:00;Nordeste;Marketplace;Games;Controle Sem Fio;1;407.39;Crédito;Baixo
T003347;2026-05-30 08:09:00;Sudeste;Loja física;Games;Headset 7.1;5;2150.01;Crédito;Baixo
T003348;2026-02-27 20:33:00;Sudeste;Site;Escritório;Luminária LED;2;247.06;Crédito;Baixo
T003349;2026-06-11 01:53:00;Nordeste;Aplicativo;Escritório;Fragmentadora 10 folhas;1;616.65;Pix;Baixo
T003350;2026-02-15 03:03:00;Sudeste;Aplicativo;Informática;Memória DDR4 16GB;3;904.4;Boleto;Baixo
T003351;2026-05-19 07:59:00;Nordeste;Loja física;Celulares;Smartphone Vega Max 256GB;4;8281.37;Crédito;Médio
T003352;2026-01-21 00:34:00;Norte;Aplicativo;Casa e Cozinha;Kit Potes Herméticos;1;124.66;Pix;Baixo
T003353;2026-07-05 17:54:00;Sudeste;Marketplace;Escritório;Cadeira Ergonômica;5;5185.83;Crédito;Médio
T003354;2026-04-18 17:17:00;Nordeste;Aplicativo;Informática;Mouse Sem Fio;1;118.36;Crédito;Baixo
T003355;2026-04-21 20:15:00;Sudeste;Marketplace;Celulares;Fone Bluetooth;1;253.85;Crédito;Baixo
T003356;2026-08-04 16:31:00;Centro-Oeste;Loja física;Áudio e Vídeo;Suporte TV Articulado;3;440.09;Débito;Baixo
T003357;2026-03-17 00:41:00;Nordeste;Marketplace;Informática;Memória DDR4 16GB;1;289.42;Débito;Baixo
T003358;2026-05-07 21:30:00;Sul;Site;Casa e Cozinha;Panela Elétrica 5L;1;397.84;Boleto;Baixo
T003359;2026-05-21 06:10:00;Sul;Aplicativo;Informática;Memória DDR4 16GB;1;303.19;Crédito;Baixo
T003360;2026-05-21 10:12:00;Sul;Site;Escritório;Fragmentadora 10 folhas;1;689.1;Crédito;Baixo
T003361;2026-08-24 21:58:00;Sudeste;Marketplace;Áudio e Vídeo;Smart TV 43 4K;1;2269.44;Crédito;Baixo
T003362;2026-05-31 21:44:00;Sudeste;Site;Games;Cadeira Gamer;3;3079.19;Pix;Baixo
T003363;2026-02-05 07:24:00;Sudeste;Aplicativo;Casa e Cozinha;Sanduicheira Grill;1;186.69;Débito;Baixo
T003364;2026-04-06 06:50:00;Sudeste;Aplicativo;Casa e Cozinha;Panela Elétrica 5L;5;1989.21;Crédito;Baixo
T003365;2026-06-14 05:04:00;Nordeste;Loja física;Casa e Cozinha;Air Fryer 5L;2;998.33;Crédito;Baixo
T003366;2026-08-14 00:37:00;Sudeste;Aplicativo;Celulares;Carregador USB-C 30W;2;215.33;Crédito;Baixo
T003367;2026-01-11 21:12:00;Sul;Aplicativo;Casa e Cozinha;Sanduicheira Grill;1;184.43;Crédito;Baixo
T003368;2026-03-01 06:42:00;Nordeste;Marketplace;Celulares;Carregador USB-C 30W;4;438.31;Crédito;Baixo
T003369;2026-05-26 10:24:00;Sudeste;Site;Informática;Webcam Full HD;2;506.47;Crédito;Baixo
T003370;2026-03-04 15:37:00;Sudeste;Loja física;Áudio e Vídeo;Projetor Full HD;3;5036.13;Crédito;Baixo
T003371;2026-08-26 14:55:00;Sudeste;Loja física;Games;Jogo Corrida Pro;1;297.57;Débito;Baixo
T003372;2026-06-13 12:08:00;Nordeste;Loja física;Celulares;Carregador USB-C 30W;1;117.3;Boleto;Baixo
T003373;2026-06-07 11:26:00;Sul;Aplicativo;Games;Volante Racing;1;1265.45;Pix;Baixo
T003374;2026-06-10 02:14:00;Sudeste;Aplicativo;Áudio e Vídeo;Smart TV 55 4K;1;2939.18;Pix;Baixo
T003375;2026-01-26 09:24:00;Centro-Oeste;Marketplace;Celulares;Smartphone Orion Pro 256GB;1;2641.18;Crédito;Baixo
T003376;2026-01-06 21:42:00;Norte;Aplicativo;Casa e Cozinha;Panela Elétrica 5L;2;783.57;Pix;Baixo
T003377;2026-01-04 22:21:00;Nordeste;Marketplace;Celulares;Smartphone Vega Max 256GB;1;2100.32;Crédito;Baixo
T003378;2026-05-22 08:49:00;Sul;Site;Casa e Cozinha;Liquidificador 1200W;1;247.49;Débito;Baixo
T003379;2026-02-06 02:01:00;Sudeste;Site;Informática;Notebook 15 Pro;2;7498.95;Pix;Médio
T003380;2026-07-04 15:40:00;Sul;Marketplace;Escritório;Organizador de Mesa;1;64.47;Crédito;Baixo
T003381;2026-05-24 13:07:00;Nordeste;Site;Áudio e Vídeo;Smart TV 43 4K;3;5936.47;Pix;Baixo
T003382;2026-06-20 11:29:00;Nordeste;Aplicativo;Casa e Cozinha;Sanduicheira Grill;1;188.88;Crédito;Baixo
T003383;2026-01-19 08:50:00;Sul;Aplicativo;Celulares;Smartphone Vega Max 256GB;2;5015.63;Pix;Baixo
T003384;2026-01-11 08:48:00;Sudeste;Loja física;Informática;Notebook 14 Air;1;3042.57;Débito;Baixo
T003385;2026-04-25 10:24:00;Sul;Site;Informática;SSD SATA 480GB;1;284.55;Crédito;Baixo
T003386;2026-06-07 22:17:00;Sul;Marketplace;Celulares;Carregador USB-C 30W;1;119.97;Pix;Baixo
T003387;2026-03-21 09:28:00;Sudeste;Site;Informática;Notebook 15 Pro;3;11896.93;Crédito;Médio
T003388;2026-08-31 00:42:00;Sudeste;Aplicativo;Escritório;Organizador de Mesa;3;202.31;Débito;Baixo
T003389;2026-07-20 00:50:00;Sudeste;Aplicativo;Áudio e Vídeo;Smart TV 43 4K;3;6633.05;Crédito;Baixo
T003390;2026-05-17 10:27:00;Sudeste;Loja física;Celulares;Smartphone Vega Max 256GB;2;4100.65;Crédito;Baixo
T003391;2026-02-05 23:37:00;Sudeste;Marketplace;Casa e Cozinha;Aspirador Vertical;1;509.43;Crédito;Baixo
T003392;2026-06-14 17:06:00;Sudeste;Aplicativo;Informática;Mouse Sem Fio;3;382.72;Débito;Baixo
T003393;2026-07-17 11:34:00;Sudeste;Loja física;Escritório;Fragmentadora 10 folhas;1;675.11;Débito;Baixo
T003394;2026-08-04 19:35:00;Sul;Loja física;Celulares;Fone Bluetooth;1;235.26;Débito;Baixo
T003395;2026-05-12 11:05:00;Centro-Oeste;Site;Celulares;Smartphone Orion Pro 256GB;2;5693.92;Crédito;Baixo
T003396;2026-05-27 19:32:00;Sudeste;Site;Celulares;Fone Bluetooth;1;242.43;Débito;Baixo
T003397;2026-05-28 21:26:00;Sul;Loja física;Informática;Memória DDR4 16GB;2;501.16;Crédito;Baixo
T003398;2026-04-09 12:34:00;Sudeste;Site;Áudio e Vídeo;Smart TV 55 4K;1;2730.86;Crédito;Baixo
T003399;2026-03-07 04:53:00;Sudeste;Site;Escritório;Papel A4 500 folhas;1;36.58;Crédito;Baixo
T003400;2026-03-07 18:05:00;Sudeste;Loja física;Informática;SSD SATA 480GB;1;233.18;Pix;Baixo
T003401;2026-03-31 23:42:00;Centro-Oeste;Marketplace;Games;Console PlaySphere 5;3;11133.6;Boleto;Alto
T003402;2026-07-28 23:33:00;Sudeste;Loja física;Áudio e Vídeo;Projetor Full HD;5;8491.09;Pix;Médio
T003403;2026-02-11 09:23:00;Sudeste;Marketplace;Informática;Memória DDR4 16GB;2;596.64;Crédito;Baixo
T003404;2026-06-21 18:29:00;Sudeste;Loja física;Celulares;Smartphone Vega Max 256GB;1;2325.84;Crédito;Baixo
T003405;2026-01-09 18:42:00;Nordeste;Marketplace;Informática;Monitor 24 IPS;4;3715.66;Pix;Médio
T003406;2026-01-24 15:25:00;Sul;Loja física;Áudio e Vídeo;Headset Gamer;1;253.62;Crédito;Baixo
T003407;2026-02-13 19:07:00;Nordeste;Marketplace;Casa e Cozinha;Liquidificador 1200W;1;254.14;Pix;Baixo
T003408;2026-04-12 17:56:00;Sudeste;Site;Informática;Mochila para Notebook;1;191.33;Boleto;Baixo
T003409;2026-03-27 12:23:00;Centro-Oeste;Site;Celulares;Smartphone Orion 128GB;1;1603.9;Crédito;Baixo
T003410;2026-06-04 12:18:00;Centro-Oeste;Loja física;Casa e Cozinha;Jogo de Panelas 5 peças;4;1738.02;Débito;Baixo
T003411;2026-01-21 18:32:00;Sudeste;Marketplace;Informática;SSD NVMe 1TB;1;508.95;Pix;Baixo
T003412;2026-07-17 05:24:00;Sudeste;Site;Áudio e Vídeo;Projetor Full HD;2;3588.16;Boleto;Médio
T003413;2026-03-15 05:09:00;Centro-Oeste;Aplicativo;Celulares;Película 3D;3;108.0;Débito;Baixo
T003414;2026-04-05 21:50:00;Sul;Site;Informática;SSD SATA 480GB;1;256.76;Crédito;Baixo
T003415;2026-05-25 14:32:00;Sudeste;Loja física;Áudio e Vídeo;Suporte TV Articulado;3;454.8;Débito;Baixo
T003416;2026-08-22 16:16:00;Sudeste;Site;Games;Jogo Corrida Pro;2;615.75;Crédito;Baixo
T003417;2026-01-09 18:31:00;Sudeste;Site;Celulares;Smartphone Vega Max 256GB;1;2131.48;Crédito;Baixo
T003418;2026-06-12 10:47:00;Sudeste;Marketplace;Escritório;Impressora Multifuncional;2;1881.08;Boleto;Médio
T003419;2026-05-11 00:04:00;Centro-Oeste;Loja física;Áudio e Vídeo;Soundbar 2.1;1;779.62;Crédito;Baixo
T003420;2026-02-16 19:26:00;Nordeste;Site;Escritório;Papel A4 500 folhas;2;71.46;Débito;Baixo
T003421;2026-07-30 19:01:00;Sul;Site;Celulares;Fone Bluetooth;1;256.41;Crédito;Baixo
T003422;2026-06-23 15:59:00;Nordeste;Loja física;Celulares;Película 3D;5;206.53;Débito;Baixo
T003423;2026-06-12 06:34:00;Sul;Aplicativo;Áudio e Vídeo;Suporte TV Articulado;2;338.72;Crédito;Baixo
T003424;2026-02-04 23:27:00;Sudeste;Loja física;Informática;Hub USB-C 8 em 1;2;502.22;Débito;Baixo
T003425;2026-05-06 18:21:00;Norte;Loja física;Games;Jogo Corrida Pro;1;283.2;Pix;Baixo
T003426;2026-02-06 12:29:00;Sudeste;Marketplace;Áudio e Vídeo;Smart TV 55 4K;1;2951.1;Pix;Baixo
T003427;2026-01-07 03:43:00;Sudeste;Loja física;Games;Jogo Aventura Lendária;4;1353.79;Débito;Baixo
T003428;2026-01-12 19:05:00;Sudeste;Site;Informática;Monitor 27 QHD;5;8365.36;Crédito;Médio
T003429;2026-06-24 00:59:00;Sul;Marketplace;Celulares;Smartphone Vega Max 256GB;2;4115.64;Pix;Médio
T003430;2026-07-22 09:43:00;Centro-Oeste;Site;Games;Console PlaySphere 5;3;12902.16;Pix;Médio
T003431;2026-05-24 13:08:00;Nordeste;Aplicativo;Áudio e Vídeo;Smart TV 55 4K;1;2961.84;Crédito;Baixo
T003432;2026-01-09 14:37:00;Nordeste;Aplicativo;Informática;Hub USB-C 8 em 1;2;541.67;Crédito;Baixo
T003433;2026-07-29 19:38:00;Norte;Loja física;Casa e Cozinha;Cafeteira Programável;1;313.52;Crédito;Baixo
T003434;2026-05-24 13:22:00;Sudeste;Aplicativo;Áudio e Vídeo;Projetor Full HD;2;3553.41;Crédito;Baixo
T003435;2026-01-23 03:01:00;Norte;Marketplace;Casa e Cozinha;Kit Potes Herméticos;2;253.35;Boleto;Médio
T003436;2026-02-24 19:20:00;Sudeste;Loja física;Escritório;Cadeira Ergonômica;1;1020.04;Crédito;Baixo
T003437;2026-08-16 04:46:00;Nordeste;Aplicativo;Escritório;Papel A4 500 folhas;1;34.94;Débito;Baixo
T003438;2026-08-08 19:37:00;Sul;Loja física;Informática;Notebook 15 Pro;5;19567.25;Crédito;Médio
T003439;2026-03-22 19:45:00;Sudeste;Aplicativo;Celulares;Smartphone Vega 128GB;1;1291.71;Crédito;Baixo
T003440;2026-06-08 09:59:00;Sul;Loja física;Celulares;Smartphone Orion Pro 256GB;1;2675.2;Pix;Baixo
T003441;2026-06-30 05:54:00;Nordeste;Site;Áudio e Vídeo;Projetor Full HD;1;1663.33;Pix;Baixo
T003442;2026-08-19 23:30:00;Sul;Aplicativo;Celulares;Power Bank 20000mAh;3;603.9;Crédito;Baixo
T003443;2026-01-18 21:34:00;Sul;Aplicativo;Celulares;Smartphone Orion 128GB;1;1543.57;Crédito;Baixo
T003444;2026-04-16 23:09:00;Sul;Site;Casa e Cozinha;Jogo de Panelas 5 peças;2;773.17;Crédito;Baixo
T003445;2026-02-27 01:04:00;Nordeste;Aplicativo;Informática;Notebook 15 Pro;1;3562.19;Pix;Baixo
T003446;2026-04-29 15:36:00;Centro-Oeste;Aplicativo;Celulares;Fone Bluetooth;1;227.93;Crédito;Baixo
T003447;2026-03-13 13:35:00;Sul;Marketplace;Informática;Webcam Full HD;2;423.98;Boleto;Médio
T003448;2026-05-15 17:01:00;Nordeste;Aplicativo;Informática;SSD NVMe 1TB;3;1596.93;Pix;Baixo
T003449;2026-08-18 20:45:00;Sudeste;Aplicativo;Informática;Hub USB-C 8 em 1;2;544.03;Crédito;Baixo
T003450;2026-04-09 03:54:00;Nordeste;Loja física;Áudio e Vídeo;Suporte TV Articulado;3;480.65;Crédito;Baixo
T003451;2026-01-28 15:08:00;Sudeste;Site;Informática;Notebook 14 Air;1;3437.34;Crédito;Baixo
T003452;2026-03-19 06:12:00;Nordeste;Site;Casa e Cozinha;Aspirador Vertical;1;482.1;Pix;Baixo
T003453;2026-08-07 18:13:00;Sudeste;Site;Escritório;Cadeira Ergonômica;1;1079.78;Crédito;Baixo
T003454;2026-01-25 09:54:00;Norte;Aplicativo;Informática;Teclado Mecânico;3;1057.96;Pix;Baixo
T003455;2026-08-13 23:09:00;Sudeste;Site;Casa e Cozinha;Kit Potes Herméticos;1;134.85;Crédito;Baixo
T003456;2026-03-25 23:23:00;Norte;Site;Escritório;Suporte para Notebook;2;227.59;Crédito;Baixo
T003457;2026-02-17 18:33:00;Sul;Aplicativo;Informática;Notebook 15 Pro;2;8251.44;Crédito;Médio
T003458;2026-05-02 20:17:00;Sudeste;Aplicativo;Informática;SSD NVMe 1TB;4;2103.11;Débito;Baixo
T003459;2026-01-23 05:29:00;Sudeste;Marketplace;Informática;Notebook 15 Pro;2;6741.07;Crédito;Médio
T003460;2026-03-26 17:21:00;Sudeste;Marketplace;Informática;Monitor 24 IPS;1;942.97;Crédito;Baixo
T003461;2026-04-16 08:01:00;Sudeste;Site;Celulares;Capa Antichoque;1;65.09;Crédito;Baixo
T003462;2026-07-20 23:37:00;Sul;Site;Informática;Monitor 27 QHD;1;1367.54;Crédito;Baixo
T003463;2026-06-18 08:16:00;Sudeste;Marketplace;Casa e Cozinha;Liquidificador 1200W;5;1277.3;Crédito;Baixo
T003464;2026-03-27 21:20:00;Sul;Marketplace;Escritório;Fragmentadora 10 folhas;1;659.88;Crédito;Baixo
T003465;2026-06-03 07:54:00;Centro-Oeste;Site;Escritório;Organizador de Mesa;1;64.47;Pix;Baixo
T003466;2026-04-22 19:14:00;Sudeste;Site;Casa e Cozinha;Cafeteira Programável;2;660.86;Crédito;Baixo
T003467;2026-06-05 11:08:00;Nordeste;Site;Escritório;Fragmentadora 10 folhas;1;633.26;Boleto;Baixo
T003468;2026-04-30 03:23:00;Sudeste;Aplicativo;Games;Volante Racing;1;1252.52;Pix;Baixo
T003469;2026-04-12 08:33:00;Sudeste;Aplicativo;Casa e Cozinha;Liquidificador 1200W;2;480.07;Crédito;Baixo
T003470;2026-03-10 02:00:00;Norte;Marketplace;Casa e Cozinha;Cafeteira Programável;1;278.9;Crédito;Baixo
T003471;2026-04-21 20:33:00;Norte;Loja física;Áudio e Vídeo;Headset Gamer;2;595.15;Débito;Baixo
T003472;2026-04-24 10:07:00;Nordeste;Marketplace;Informática;SSD NVMe 1TB;1;526.04;Débito;Baixo
T003473;2026-06-23 13:01:00;Nordeste;Site;Celulares;Power Bank 20000mAh;1;241.01;Pix;Baixo
T003474;2026-08-19 12:24:00;Sul;Marketplace;Celulares;Smartphone Vega Max 256GB;2;4506.95;Pix;Médio
T003475;2026-03-12 19:27:00;Nordeste;Aplicativo;Games;Controle Sem Fio;1;366.18;Pix;Baixo
T003476;2026-04-02 14:05:00;Nordeste;Site;Games;Console NovaBox X;1;3842.21;Pix;Baixo
T003477;2026-03-29 08:31:00;Sudeste;Marketplace;Games;Console PlaySphere 5;1;3871.05;Pix;Médio
T003478;2026-08-25 09:34:00;Sudeste;Site;Informática;Mouse Sem Fio;4;488.97;Débito;Baixo
T003479;2026-04-12 21:54:00;Sul;Aplicativo;Celulares;Power Bank 20000mAh;2;452.87;Débito;Baixo
T003480;2026-08-30 01:34:00;Sul;Aplicativo;Informática;Mouse Sem Fio;2;272.67;Crédito;Baixo
T003481;2026-03-17 22:19:00;Sudeste;Aplicativo;Casa e Cozinha;Balança Digital Cozinha;2;183.67;Pix;Baixo
T003482;2026-03-15 07:36:00;Nordeste;Site;Informática;Notebook 14 Air;1;2900.24;Pix;Baixo
T003483;2026-03-30 12:28:00;Nordeste;Site;Escritório;Papel A4 500 folhas;3;104.47;Boleto;Baixo
T003484;2026-07-04 12:40:00;Centro-Oeste;Site;Áudio e Vídeo;Microfone USB;2;643.38;Crédito;Baixo
T003485;2026-08-19 09:15:00;Sul;Aplicativo;Escritório;Fragmentadora 10 folhas;3;1809.01;Crédito;Baixo
T003486;2026-07-08 15:18:00;Nordeste;Site;Games;Controle Sem Fio;1;410.55;Crédito;Baixo
T003487;2026-03-07 14:44:00;Nordeste;Site;Áudio e Vídeo;Microfone USB;1;313.27;Crédito;Baixo
T003488;2026-02-09 20:11:00;Sul;Site;Casa e Cozinha;Aspirador Vertical;2;1097.85;Crédito;Baixo
T003489;2026-04-24 02:55:00;Centro-Oeste;Aplicativo;Games;Console PlaySphere 5;1;4387.54;Débito;Baixo
T003490;2026-01-05 22:27:00;Nordeste;Loja física;Áudio e Vídeo;Headset Gamer;1;256.75;Boleto;Baixo
T003491;2026-03-06 18:30:00;Sul;Loja física;Casa e Cozinha;Sanduicheira Grill;3;485.29;Pix;Baixo
T003492;2026-07-18 05:28:00;Sudeste;Loja física;Games;Volante Racing;1;1241.53;Débito;Baixo
T003493;2026-02-20 06:01:00;Centro-Oeste;Aplicativo;Casa e Cozinha;Balança Digital Cozinha;2;172.14;Crédito;Baixo
T003494;2026-08-21 21:31:00;Sul;Loja física;Escritório;Fragmentadora 10 folhas;1;727.27;Pix;Baixo
T003495;2026-05-07 16:21:00;Sul;Site;Celulares;Carregador USB-C 30W;1;124.58;Pix;Baixo
T003496;2026-03-18 05:34:00;Sudeste;Site;Informática;Monitor 24 IPS;1;884.95;Boleto;Baixo
T003497;2026-03-16 19:51:00;Nordeste;Loja física;Áudio e Vídeo;Headset Gamer;1;272.24;Crédito;Baixo
T003498;2026-05-27 04:47:00;Norte;Loja física;Celulares;Smartphone Vega Max 256GB;1;2315.5;Pix;Baixo
T003499;2026-01-28 08:13:00;Sudeste;Site;Informática;Hub USB-C 8 em 1;5;1429.05;Débito;Baixo
T003500;2026-07-22 19:26:00;Sul;Site;Casa e Cozinha;Cafeteira Programável;4;1201.02;Crédito;Baixo
T003501;2026-05-07 19:15:00;Sudeste;Marketplace;Celulares;Smartphone Vega Max 256GB;1;2337.53;Pix;Baixo
T003502;2026-06-01 03:24:00;Norte;Loja física;Games;Jogo Aventura Lendária;3;899.83;Crédito;Baixo
T003503;2026-07-10 17:18:00;Sudeste;Site;Games;Console NovaBox X;1;3570.17;Débito;Baixo
T003504;2026-07-03 23:08:00;Sul;Aplicativo;Informática;Mochila para Notebook;5;940.54;Pix;Baixo
T003505;2026-01-09 08:46:00;Centro-Oeste;Loja física;Escritório;Fragmentadora 10 folhas;6;3595.28;Débito;Baixo
T003506;2026-03-30 12:53:00;Sul;Site;Games;Controle Sem Fio;6;2374.64;Pix;Baixo
T003507;2026-06-27 01:33:00;Nordeste;Marketplace;Informática;SSD SATA 480GB;1;252.01;Crédito;Baixo
T003508;2026-06-13 02:01:00;Nordeste;Site;Celulares;Smartphone Orion 128GB;1;1614.21;Crédito;Baixo
T003509;2026-04-05 14:38:00;Nordeste;Marketplace;Áudio e Vídeo;Soundbar 2.1;4;3254.53;Débito;Baixo
T003510;2026-06-16 16:13:00;Nordeste;Site;Casa e Cozinha;Panela Elétrica 5L;6;2355.84;Pix;Baixo
T003511;2026-04-10 19:28:00;Nordeste;Aplicativo;Informática;Notebook 14 Air;1;3054.07;Crédito;Baixo
T003512;2026-02-21 04:47:00;Centro-Oeste;Aplicativo;Informática;Monitor 24 IPS;1;888.42;Pix;Baixo
T003513;2026-08-21 20:05:00;Centro-Oeste;Aplicativo;Casa e Cozinha;Cafeteira Programável;1;323.53;Crédito;Baixo
T003514;2026-05-29 18:05:00;Sudeste;Site;Informática;Memória DDR4 16GB;3;834.7;Crédito;Baixo
T003515;2026-07-05 06:58:00;Sudeste;Aplicativo;Escritório;Mesa Escritório 120cm;1;618.62;Crédito;Baixo
T003516;2026-05-26 01:42:00;Centro-Oeste;Aplicativo;Áudio e Vídeo;Projetor Full HD;4;7935.17;Pix;Médio
T003517;2026-05-19 07:03:00;Sul;Loja física;Casa e Cozinha;Cafeteira Programável;1;284.56;Crédito;Baixo
T003518;2026-01-12 17:28:00;Nordeste;Loja física;Escritório;Cadeira Ergonômica;1;1074.97;Pix;Baixo
T003519;2026-06-13 09:11:00;Centro-Oeste;Aplicativo;Informática;Notebook 15 Pro;1;3323.11;Pix;Baixo
T003520;2026-08-02 03:04:00;Norte;Loja física;Games;Console NovaBox X;1;4132.32;Débito;Baixo
T003521;2026-03-27 00:34:00;Sul;Loja física;Áudio e Vídeo;Smart TV 43 4K;1;1920.64;Pix;Baixo
T003522;2026-04-27 08:49:00;Centro-Oeste;Site;Escritório;Cadeira Ergonômica;3;3530.96;Crédito;Baixo
T003523;2026-06-30 12:19:00;Centro-Oeste;Loja física;Games;Headset 7.1;1;419.82;Crédito;Baixo
T003524;2026-06-02 07:04:00;Nordeste;Site;Escritório;Impressora Multifuncional;1;863.43;Crédito;Baixo
T003525;2026-01-04 00:14:00;Nordeste;Loja física;Celulares;Smartphone Vega Max 256GB;1;2404.81;Crédito;Baixo
T003526;2026-08-27 10:47:00;Sul;Aplicativo;Games;Headset 7.1;4;1861.41;Pix;Baixo
T003527;2026-06-13 08:25:00;Sudeste;Marketplace;Games;Headset 7.1;2;881.59;Débito;Baixo
T003528;2026-06-21 14:28:00;Norte;Site;Games;Cadeira Gamer;1;1154.92;Crédito;Baixo
T003529;2026-05-12 16:24:00;Sudeste;Site;Informática;Mouse Sem Fio;5;595.95;Crédito;Baixo
T003530;2026-07-29 00:44:00;Centro-Oeste;Aplicativo;Informática;Notebook 15 Pro;2;7475.21;Débito;Médio
T003531;2026-03-26 03:09:00;Nordeste;Site;Games;Cadeira Gamer;1;1149.11;Pix;Baixo
T003532;2026-05-29 09:48:00;Sul;Site;Escritório;Organizador de Mesa;1;60.81;Boleto;Baixo
T003533;2026-05-28 23:04:00;Sudeste;Aplicativo;Casa e Cozinha;Sanduicheira Grill;3;504.14;Débito;Baixo
T003534;2026-03-18 18:50:00;Nordeste;Aplicativo;Informática;SSD SATA 480GB;1;244.59;Débito;Baixo
T003535;2026-08-29 02:22:00;Centro-Oeste;Aplicativo;Celulares;Capa Antichoque;2;130.24;Pix;Baixo
T003536;2026-06-21 07:23:00;Nordeste;Site;Casa e Cozinha;Cafeteira Programável;1;297.61;Pix;Baixo
T003537;2026-01-21 07:34:00;Nordeste;Loja física;Casa e Cozinha;Cafeteira Programável;2;611.51;Crédito;Baixo
T003538;2026-04-17 16:05:00;Nordeste;Aplicativo;Escritório;Papel A4 500 folhas;4;138.1;Pix;Baixo
T003539;2026-08-23 03:42:00;Sul;Site;Informática;Mochila para Notebook;2;388.04;Crédito;Baixo
T003540;2026-02-26 07:43:00;Sul;Marketplace;Games;Cadeira Gamer;1;1149.14;Crédito;Baixo
T003541;2026-03-29 12:34:00;Nordeste;Aplicativo;Informática;Webcam Full HD;3;705.66;Pix;Baixo
T003542;2026-02-07 15:12:00;Sudeste;Loja física;Casa e Cozinha;Cafeteira Programável;1;328.12;Pix;Baixo
T003543;2026-05-10 14:07:00;Nordeste;Aplicativo;Casa e Cozinha;Cafeteira Programável;2;625.98;Pix;Baixo
T003544;2026-02-10 08:45:00;Centro-Oeste;Site;Escritório;Impressora Multifuncional;4;3798.13;Débito;Baixo
T003545;2026-04-12 01:09:00;Sul;Aplicativo;Escritório;Suporte para Notebook;1;103.23;Débito;Baixo
T003546;2026-02-08 06:15:00;Sul;Aplicativo;Informática;Memória DDR4 16GB;3;874.57;Débito;Baixo
T003547;2026-03-05 08:36:00;Nordeste;Aplicativo;Informática;Memória DDR4 16GB;2;549.25;Débito;Baixo
T003548;2026-06-04 22:02:00;Sudeste;Loja física;Celulares;Capa Antichoque;1;73.59;Boleto;Baixo
T003549;2026-06-26 01:35:00;Nordeste;Site;Casa e Cozinha;Sanduicheira Grill;1;173.05;Crédito;Baixo
T003550;2026-04-20 10:36:00;Sul;Aplicativo;Escritório;Papel A4 500 folhas;2;70.38;Crédito;Baixo
T003551;2026-07-10 04:52:00;Sudeste;Aplicativo;Games;Jogo Aventura Lendária;1;304.41;Pix;Baixo
T003552;2026-08-30 15:47:00;Sul;Aplicativo;Escritório;Fragmentadora 10 folhas;1;666.6;Pix;Baixo
T003553;2026-07-22 23:54:00;Sudeste;Marketplace;Celulares;Carregador USB-C 30W;1;119.99;Pix;Baixo
T003554;2026-04-08 00:00:00;Sudeste;Site;Casa e Cozinha;Panela Elétrica 5L;1;380.12;Crédito;Baixo
T003555;2026-03-22 13:19:00;Centro-Oeste;Site;Games;Headset 7.1;1;397.17;Pix;Baixo
T003556;2026-04-29 09:29:00;Sudeste;Site;Casa e Cozinha;Kit Potes Herméticos;5;663.48;Crédito;Baixo
T003557;2026-03-28 05:06:00;Nordeste;Aplicativo;Informática;Notebook 15 Pro;1;3694.68;Crédito;Baixo
T003558;2026-02-03 07:57:00;Sudeste;Loja física;Casa e Cozinha;Kit Potes Herméticos;2;251.93;Crédito;Baixo
T003559;2026-05-31 00:26:00;Sudeste;Loja física;Games;Controle Sem Fio;2;712.65;Crédito;Baixo
T003560;2026-06-18 20:21:00;Sul;Marketplace;Informática;Mouse Sem Fio;1;120.09;Crédito;Baixo
T003561;2026-02-08 23:55:00;Sudeste;Loja física;Escritório;Luminária LED;1;119.38;Pix;Baixo
T003562;2026-07-31 06:09:00;Sudeste;Aplicativo;Casa e Cozinha;Balança Digital Cozinha;2;162.29;Pix;Baixo
T003563;2026-02-07 00:51:00;Sudeste;Site;Informática;SSD NVMe 1TB;1;490.12;Crédito;Baixo
T003564;2026-07-26 20:09:00;Sudeste;Aplicativo;Áudio e Vídeo;Suporte TV Articulado;1;154.51;Crédito;Baixo
T003565;2026-05-12 06:10:00;Nordeste;Site;Celulares;Película 3D;1;36.01;Crédito;Baixo
T003566;2026-03-29 08:52:00;Centro-Oeste;Site;Games;Headset 7.1;2;881.34;Crédito;Baixo
T003567;2026-07-25 06:31:00;Sul;Loja física;Informática;SSD SATA 480GB;4;1131.88;Pix;Baixo
T003568;2026-08-19 19:28:00;Sudeste;Site;Informática;Notebook 15 Pro;1;4062.2;Crédito;Baixo
T003569;2026-07-14 12:44:00;Sudeste;Aplicativo;Casa e Cozinha;Air Fryer 5L;1;442.97;Pix;Baixo
T003570;2026-08-04 16:05:00;Sul;Site;Celulares;Smartphone Vega 128GB;2;2580.6;Débito;Baixo
T003571;2026-04-25 09:43:00;Sudeste;Site;Informática;Notebook 14 Air;6;16906.33;Crédito;Médio
T003572;2026-06-26 17:28:00;Nordeste;Site;Celulares;Power Bank 20000mAh;3;612.02;Crédito;Baixo
T003573;2026-06-23 23:44:00;Sudeste;Site;Informática;Monitor 27 QHD;1;1477.12;Débito;Baixo
T003574;2026-05-26 09:03:00;Sudeste;Loja física;Celulares;Smartphone Orion 128GB;1;1658.0;Crédito;Baixo
T003575;2026-03-05 10:03:00;Nordeste;Aplicativo;Casa e Cozinha;Air Fryer 5L;1;473.49;Crédito;Baixo
T003576;2026-06-03 09:35:00;Sudeste;Marketplace;Escritório;Cadeira Ergonômica;1;1217.11;Crédito;Baixo
T003577;2026-06-26 08:01:00;Centro-Oeste;Loja física;Áudio e Vídeo;Headset Gamer;4;1104.27;Crédito;Baixo
T003578;2026-02-14 12:53:00;Sul;Aplicativo;Celulares;Smartphone Vega 128GB;2;2983.8;Pix;Baixo
T003579;2026-04-28 16:56:00;Nordeste;Loja física;Áudio e Vídeo;Smart TV 55 4K;1;3269.06;Pix;Baixo
T003580;2026-07-25 00:25:00;Sudeste;Loja física;Games;Controle Sem Fio;1;383.77;Pix;Baixo
T003581;2026-01-11 16:54:00;Sul;Site;Informática;Webcam Full HD;1;213.54;Crédito;Baixo
T003582;2026-01-03 14:37:00;Centro-Oeste;Aplicativo;Escritório;Cadeira Ergonômica;1;1072.97;Crédito;Baixo
T003583;2026-03-03 06:14:00;Sudeste;Site;Casa e Cozinha;Sanduicheira Grill;1;171.23;Crédito;Baixo
T003584;2026-08-10 21:47:00;Nordeste;Loja física;Celulares;Power Bank 20000mAh;4;907.67;Pix;Baixo
T003585;2026-04-15 12:33:00;Nordeste;Aplicativo;Casa e Cozinha;Kit Potes Herméticos;1;126.95;Pix;Baixo
T003586;2026-08-18 10:48:00;Sudeste;Marketplace;Áudio e Vídeo;Soundbar 2.1;3;2194.05;Pix;Baixo
T003587;2026-01-19 09:35:00;Sul;Loja física;Áudio e Vídeo;Soundbar 2.1;2;1558.21;Pix;Baixo
T003588;2026-05-14 05:33:00;Sudeste;Site;Informática;Notebook 14 Air;1;2868.12;Crédito;Baixo
T003589;2026-03-01 02:47:00;Norte;Aplicativo;Escritório;Luminária LED;1;121.78;Crédito;Baixo
T003590;2026-02-15 17:53:00;Nordeste;Site;Escritório;Cadeira Ergonômica;2;2132.89;Débito;Baixo
T003591;2026-06-10 21:10:00;Sudeste;Aplicativo;Casa e Cozinha;Balança Digital Cozinha;1;84.06;Pix;Baixo
T003592;2026-03-25 11:56:00;Norte;Loja física;Celulares;Power Bank 20000mAh;3;720.21;Pix;Baixo
T003593;2026-03-05 07:33:00;Nordeste;Loja física;Escritório;Luminária LED;1;136.86;Pix;Baixo
T003594;2026-01-20 05:21:00;Norte;Site;Áudio e Vídeo;Microfone USB;5;1602.1;Débito;Baixo
T003595;2026-08-02 19:23:00;Centro-Oeste;Aplicativo;Celulares;Power Bank 20000mAh;4;837.85;Pix;Baixo
T003596;2026-06-25 09:00:00;Nordeste;Site;Informática;SSD SATA 480GB;3;829.77;Débito;Baixo
T003597;2026-01-19 03:03:00;Sul;Aplicativo;Informática;Webcam Full HD;1;208.03;Crédito;Baixo
T003598;2026-03-14 13:41:00;Nordeste;Aplicativo;Escritório;Cadeira Ergonômica;3;3061.74;Crédito;Baixo
T003599;2026-03-18 10:30:00;Sul;Aplicativo;Informática;Monitor 24 IPS;2;1611.2;Pix;Baixo
T003600;2026-08-10 20:38:00;Sudeste;Site;Games;Headset 7.1;2;797.47;Crédito;Baixo
T003601;2026-08-04 07:57:00;Sul;Marketplace;Casa e Cozinha;Cafeteira Programável;2;576.91;Crédito;Baixo
T003602;2026-04-21 20:55:00;Sudeste;Site;Escritório;Papel A4 500 folhas;1;34.75;Pix;Baixo
T003603;2026-04-25 06:13:00;Sudeste;Loja física;Áudio e Vídeo;Soundbar 2.1;4;2803.8;Crédito;Baixo
T003604;2026-04-10 05:46:00;Norte;Aplicativo;Celulares;Smartphone Orion 128GB;4;7315.62;Crédito;Médio
T003605;2026-02-11 20:37:00;Sul;Site;Celulares;Smartphone Orion 128GB;4;6980.52;Pix;Baixo
T003606;2026-07-17 14:29:00;Nordeste;Aplicativo;Informática;Hub USB-C 8 em 1;1;289.79;Crédito;Baixo
T003607;2026-02-26 03:51:00;Centro-Oeste;Aplicativo;Casa e Cozinha;Jogo de Panelas 5 peças;6;2339.06;Crédito;Baixo
T003608;2026-07-17 03:33:00;Sudeste;Aplicativo;Casa e Cozinha;Kit Potes Herméticos;3;358.73;Crédito;Baixo
T003609;2026-01-31 03:38:00;Nordeste;Marketplace;Celulares;Smartphone Orion Pro 256GB;1;2839.8;Crédito;Baixo
T003610;2026-04-18 05:08:00;Sudeste;Site;Escritório;Mesa Escritório 120cm;2;1310.24;Pix;Baixo
T003611;2026-01-26 08:55:00;Sudeste;Loja física;Celulares;Smartphone Orion 128GB;1;1656.32;Pix;Baixo
T003612;2026-02-08 18:11:00;Sudeste;Loja física;Informática;Mouse Sem Fio;1;118.79;Débito;Baixo
T003613;2026-05-27 07:44:00;Centro-Oeste;Site;Áudio e Vídeo;Projetor Full HD;2;3446.26;Pix;Baixo
T003614;2026-01-13 07:01:00;Sudeste;Loja física;Informática;SSD SATA 480GB;2;487.27;Pix;Baixo
T003615;2026-03-01 08:08:00;Sudeste;Loja física;Casa e Cozinha;Jogo de Panelas 5 peças;2;781.02;Crédito;Baixo
T003616;2026-05-25 13:09:00;Sudeste;Marketplace;Celulares;Smartphone Orion Pro 256GB;2;5264.76;Pix;Médio
T003617;2026-01-22 06:52:00;Norte;Aplicativo;Celulares;Fone Bluetooth;1;218.72;Débito;Baixo
T003618;2026-07-08 03:32:00;Nordeste;Aplicativo;Celulares;Smartphone Vega 128GB;2;2875.36;Débito;Baixo
T003619;2026-01-12 05:01:00;Sudeste;Site;Celulares;Capa Antichoque;1;67.4;Crédito;Baixo
T003620;2026-05-04 21:37:00;Sudeste;Aplicativo;Escritório;Suporte para Notebook;1;113.82;Crédito;Baixo
T003621;2026-04-19 15:47:00;Centro-Oeste;Loja física;Celulares;Película 3D;3;106.29;Pix;Baixo
T003622;2026-06-04 03:06:00;Norte;Site;Casa e Cozinha;Aspirador Vertical;2;948.62;Boleto;Baixo
T003623;2026-05-03 14:45:00;Nordeste;Aplicativo;Casa e Cozinha;Kit Potes Herméticos;2;242.99;Pix;Baixo
T003624;2026-02-22 15:34:00;Sudeste;Aplicativo;Celulares;Smartphone Orion 128GB;6;9822.68;Crédito;Médio
T003625;2026-06-25 09:32:00;Centro-Oeste;Aplicativo;Games;Console PlaySphere 5;1;4090.99;Crédito;Baixo
T003626;2026-04-14 07:07:00;Norte;Site;Games;Headset 7.1;1;479.2;Pix;Baixo
T003627;2026-03-18 16:47:00;Sudeste;Aplicativo;Escritório;Cadeira Ergonômica;1;1269.52;Crédito;Baixo
T003628;2026-07-30 09:18:00;Nordeste;Site;Casa e Cozinha;Cafeteira Programável;1;303.06;Pix;Baixo
T003629;2026-07-01 00:27:00;Nordeste;Site;Áudio e Vídeo;Caixa Bluetooth;3;1224.42;Pix;Baixo
T003630;2026-05-13 23:54:00;Sudeste;Aplicativo;Casa e Cozinha;Aspirador Vertical;2;1046.2;Pix;Baixo
T003631;2026-07-29 15:11:00;Sul;Aplicativo;Informática;Teclado Mecânico;2;740.28;Boleto;Baixo
T003632;2026-06-19 11:24:00;Norte;Aplicativo;Escritório;Organizador de Mesa;2;123.75;Débito;Baixo
T003633;2026-04-01 19:22:00;Norte;Site;Games;Controle Sem Fio;2;717.08;Crédito;Baixo
T003634;2026-01-23 06:53:00;Sudeste;Loja física;Casa e Cozinha;Balança Digital Cozinha;2;156.57;Crédito;Baixo
T003635;2026-08-09 08:38:00;Sul;Marketplace;Celulares;Smartphone Orion Pro 256GB;5;14532.84;Boleto;Alto
T003636;2026-03-28 03:27:00;Nordeste;Site;Escritório;Cadeira Ergonômica;1;1184.23;Pix;Baixo
T003637;2026-05-17 16:08:00;Sul;Aplicativo;Informática;Monitor 24 IPS;1;943.32;Crédito;Baixo
T003638;2026-02-25 02:23:00;Sul;Loja física;Escritório;Impressora Multifuncional;3;2344.21;Pix;Baixo
T003639;2026-03-24 19:25:00;Sudeste;Loja física;Áudio e Vídeo;Projetor Full HD;3;5011.89;Débito;Baixo
T003640;2026-06-30 01:22:00;Sul;Aplicativo;Casa e Cozinha;Sanduicheira Grill;2;338.36;Débito;Baixo
T003641;2026-08-02 03:25:00;Centro-Oeste;Aplicativo;Casa e Cozinha;Jogo de Panelas 5 peças;1;396.82;Crédito;Baixo
T003642;2026-02-09 07:56:00;Sul;Site;Áudio e Vídeo;Caixa Bluetooth;1;386.46;Boleto;Baixo
T003643;2026-06-12 09:25:00;Norte;Marketplace;Escritório;Cadeira Ergonômica;1;1070.44;Crédito;Baixo
T003644;2026-03-22 18:55:00;Nordeste;Site;Informática;Notebook 14 Air;1;3353.13;Pix;Baixo
T003645;2026-07-04 13:48:00;Nordeste;Marketplace;Áudio e Vídeo;Headset Gamer;1;266.22;Pix;Baixo
T003646;2026-06-24 13:16:00;Nordeste;Loja física;Áudio e Vídeo;Suporte TV Articulado;3;453.58;Crédito;Baixo
T003647;2026-05-06 02:53:00;Sudeste;Marketplace;Informática;Monitor 27 QHD;1;1426.54;Crédito;Baixo
T003648;2026-06-10 05:48:00;Sudeste;Loja física;Escritório;Papel A4 500 folhas;5;156.84;Crédito;Baixo
T003649;2026-06-10 22:08:00;Sudeste;Site;Informática;Mochila para Notebook;1;191.25;Débito;Baixo
T003650;2026-08-28 03:41:00;Sudeste;Site;Áudio e Vídeo;Smart TV 55 4K;1;3068.71;Crédito;Baixo
T003651;2026-04-02 12:33:00;Sudeste;Marketplace;Games;Console NovaBox X;1;3744.57;Crédito;Médio
T003652;2026-02-09 00:01:00;Sul;Loja física;Escritório;Fragmentadora 10 folhas;1;615.56;Crédito;Baixo
T003653;2026-07-22 10:49:00;Sul;Site;Áudio e Vídeo;Caixa Bluetooth;3;1169.3;Pix;Baixo
T003654;2026-01-14 08:12:00;Sudeste;Loja física;Celulares;Capa Antichoque;1;66.36;Pix;Baixo
T003655;2026-04-15 09:59:00;Sul;Aplicativo;Informática;Hub USB-C 8 em 1;5;1411.08;Boleto;Baixo
T003656;2026-06-24 07:07:00;Sul;Loja física;Informática;Mochila para Notebook;2;343.05;Crédito;Baixo
T003657;2026-06-21 10:46:00;Sudeste;Site;Escritório;Organizador de Mesa;1;60.73;Crédito;Baixo
T003658;2026-05-07 14:58:00;Sudeste;Loja física;Casa e Cozinha;Aspirador Vertical;1;468.49;Pix;Baixo
T003659;2026-07-10 14:53:00;Sudeste;Marketplace;Celulares;Película 3D;1;38.71;Débito;Baixo
T003660;2026-07-31 13:13:00;Centro-Oeste;Loja física;Escritório;Papel A4 500 folhas;1;30.52;Crédito;Baixo
T003661;2026-06-25 08:04:00;Sudeste;Marketplace;Celulares;Smartphone Vega Max 256GB;1;2305.86;Débito;Baixo
T003662;2026-05-15 01:27:00;Sudeste;Loja física;Escritório;Fragmentadora 10 folhas;1;740.15;Crédito;Baixo
T003663;2026-06-28 00:24:00;Nordeste;Aplicativo;Áudio e Vídeo;Suporte TV Articulado;2;335.35;Crédito;Baixo
T003664;2026-08-16 20:18:00;Sudeste;Site;Informática;Monitor 24 IPS;3;2386.79;Crédito;Baixo
T003665;2026-06-03 01:45:00;Nordeste;Aplicativo;Games;Jogo Corrida Pro;2;562.78;Crédito;Baixo
T003666;2026-07-27 21:51:00;Sudeste;Site;Informática;Teclado Mecânico;2;605.56;Pix;Baixo
T003667;2026-03-03 01:30:00;Sudeste;Aplicativo;Celulares;Película 3D;1;40.27;Crédito;Baixo
T003668;2026-08-19 03:07:00;Norte;Aplicativo;Games;Headset 7.1;1;482.46;Crédito;Baixo
T003669;2026-07-26 07:10:00;Centro-Oeste;Marketplace;Games;Volante Racing;2;2446.74;Pix;Baixo
T003670;2026-02-19 16:42:00;Centro-Oeste;Loja física;Games;Console PlaySphere 5;5;21849.28;Crédito;Médio
T003671;2026-07-16 10:07:00;Sudeste;Aplicativo;Áudio e Vídeo;Smart TV 43 4K;1;2068.24;Débito;Baixo
T003672;2026-08-14 15:48:00;Norte;Aplicativo;Escritório;Luminária LED;1;120.65;Crédito;Baixo
T003673;2026-05-18 03:46:00;Norte;Marketplace;Áudio e Vídeo;Headset Gamer;1;278.29;Pix;Baixo
T003674;2026-01-02 06:48:00;Sudeste;Site;Celulares;Power Bank 20000mAh;1;223.37;Crédito;Baixo
T003675;2026-04-16 05:45:00;Nordeste;Aplicativo;Áudio e Vídeo;Smart TV 43 4K;2;3929.34;Boleto;Médio
T003676;2026-04-25 10:28:00;Sudeste;Marketplace;Celulares;Fone Bluetooth;1;260.31;Débito;Baixo
T003677;2026-04-28 09:47:00;Sudeste;Site;Casa e Cozinha;Balança Digital Cozinha;1;77.55;Pix;Baixo
T003678;2026-07-08 03:39:00;Sudeste;Marketplace;Áudio e Vídeo;Smart TV 43 4K;1;2171.13;Boleto;Médio
T003679;2026-02-28 03:22:00;Sudeste;Aplicativo;Áudio e Vídeo;Suporte TV Articulado;4;603.74;Crédito;Baixo
T003680;2026-05-09 17:11:00;Sudeste;Site;Escritório;Luminária LED;1;131.1;Débito;Baixo
T003681;2026-06-28 22:54:00;Nordeste;Loja física;Celulares;Smartphone Vega 128GB;1;1352.72;Pix;Baixo
T003682;2026-03-21 15:12:00;Sudeste;Aplicativo;Áudio e Vídeo;Caixa Bluetooth;4;1673.96;Crédito;Baixo
T003683;2026-07-13 07:12:00;Sul;Site;Informática;Teclado Mecânico;1;312.52;Pix;Baixo
T003684;2026-08-25 18:53:00;Sudeste;Aplicativo;Informática;SSD NVMe 1TB;3;1378.16;Débito;Baixo
T003685;2026-04-03 14:22:00;Sul;Aplicativo;Áudio e Vídeo;Microfone USB;2;722.37;Crédito;Baixo
T003686;2026-08-28 19:53:00;Sudeste;Site;Celulares;Smartphone Orion Pro 256GB;3;7849.05;Boleto;Alto
T003687;2026-06-11 13:10:00;Nordeste;Site;Escritório;Suporte para Notebook;1;116.38;Pix;Baixo
T003688;2026-04-03 11:49:00;Sudeste;Aplicativo;Escritório;Mesa Escritório 120cm;1;641.59;Débito;Baixo
T003689;2026-07-25 08:43:00;Sudeste;Loja física;Games;Volante Racing;5;6511.88;Pix;Baixo
T003690;2026-03-12 16:05:00;Sul;Site;Informática;Mouse Sem Fio;2;266.13;Crédito;Baixo
T003691;2026-02-03 15:36:00;Nordeste;Marketplace;Games;Cadeira Gamer;1;1112.53;Crédito;Baixo
T003692;2026-02-10 11:40:00;Centro-Oeste;Site;Áudio e Vídeo;Smart TV 55 4K;1;3280.03;Débito;Baixo
T003693;2026-06-30 21:57:00;Sul;Site;Celulares;Fone Bluetooth;1;248.96;Débito;Baixo
T003694;2026-04-21 17:14:00;Nordeste;Site;Áudio e Vídeo;Caixa Bluetooth;2;749.85;Pix;Baixo
T003695;2026-04-04 14:21:00;Nordeste;Aplicativo;Casa e Cozinha;Liquidificador 1200W;2;542.13;Crédito;Baixo
T003696;2026-08-06 00:41:00;Sudeste;Loja física;Áudio e Vídeo;Headset Gamer;1;263.71;Pix;Baixo
T003697;2026-05-03 12:34:00;Norte;Loja física;Games;Headset 7.1;3;1364.14;Crédito;Baixo
T003698;2026-02-13 10:11:00;Sudeste;Marketplace;Informática;Mochila para Notebook;1;179.08;Crédito;Baixo
T003699;2026-04-21 05:24:00;Sul;Site;Celulares;Capa Antichoque;1;64.51;Crédito;Baixo
T003700;2026-07-02 05:12:00;Norte;Loja física;Informática;Mochila para Notebook;1;163.48;Débito;Baixo
T003701;2026-02-21 07:33:00;Nordeste;Site;Escritório;Impressora Multifuncional;1;897.25;Pix;Baixo
T003702;2026-07-13 19:03:00;Nordeste;Aplicativo;Games;Controle Sem Fio;3;1076.84;Pix;Baixo
T003703;2026-01-09 14:04:00;Sudeste;Site;Informática;Webcam Full HD;2;426.63;Crédito;Baixo
T003704;2026-08-02 02:50:00;Nordeste;Site;Informática;Mochila para Notebook;5;854.55;Crédito;Baixo
T003705;2026-03-29 18:07:00;Sudeste;Aplicativo;Games;Controle Sem Fio;3;1084.11;Crédito;Baixo
T003706;2026-07-25 08:48:00;Sul;Loja física;Áudio e Vídeo;Microfone USB;1;347.38;Pix;Baixo
T003707;2026-04-06 22:27:00;Sudeste;Loja física;Áudio e Vídeo;Smart TV 55 4K;3;9423.49;Débito;Médio
T003708;2026-08-25 08:15:00;Norte;Site;Casa e Cozinha;Aspirador Vertical;2;1072.47;Crédito;Baixo
T003709;2026-07-24 23:11:00;Centro-Oeste;Aplicativo;Áudio e Vídeo;Smart TV 43 4K;1;2040.83;Crédito;Baixo
T003710;2026-01-08 11:28:00;Sudeste;Site;Games;Volante Racing;1;1175.59;Crédito;Baixo
T003711;2026-02-09 12:21:00;Sul;Marketplace;Escritório;Luminária LED;5;658.94;Pix;Baixo
T003712;2026-07-20 00:35:00;Sudeste;Site;Casa e Cozinha;Liquidificador 1200W;3;869.28;Débito;Baixo
T003713;2026-06-29 05:28:00;Nordeste;Loja física;Informática;Webcam Full HD;1;247.79;Débito;Baixo
T003714;2026-02-26 05:38:00;Sudeste;Loja física;Áudio e Vídeo;Soundbar 2.1;1;806.68;Crédito;Baixo
T003715;2026-04-22 18:34:00;Sudeste;Site;Informática;Notebook 15 Pro;4;13872.23;Boleto;Alto
T003716;2026-02-12 23:44:00;Sudeste;Aplicativo;Informática;Webcam Full HD;1;249.36;Crédito;Baixo
T003717;2026-01-31 21:37:00;Sul;Aplicativo;Games;Console PlaySphere 5;1;4380.45;Crédito;Baixo
T003718;2026-04-26 10:41:00;Sudeste;Aplicativo;Áudio e Vídeo;Caixa Bluetooth;1;410.99;Crédito;Baixo
T003719;2026-07-09 14:32:00;Sudeste;Site;Informática;SSD SATA 480GB;1;250.29;Crédito;Baixo
T003720;2026-08-15 15:33:00;Sul;Site;Escritório;Luminária LED;6;813.58;Crédito;Baixo
T003721;2026-06-05 18:06:00;Sul;Site;Informática;Memória DDR4 16GB;1;274.19;Débito;Baixo
T003722;2026-02-05 07:28:00;Nordeste;Site;Escritório;Luminária LED;1;120.34;Débito;Baixo
T003723;2026-07-19 11:58:00;Sul;Marketplace;Informática;Webcam Full HD;1;233.4;Débito;Baixo
T003724;2026-05-21 00:27:00;Centro-Oeste;Loja física;Celulares;Película 3D;2;74.05;Crédito;Baixo
T003725;2026-06-05 01:39:00;Norte;Aplicativo;Áudio e Vídeo;Headset Gamer;1;252.11;Crédito;Baixo
T003726;2026-01-14 22:21:00;Centro-Oeste;Loja física;Games;Headset 7.1;1;446.86;Crédito;Baixo
T003727;2026-02-22 05:42:00;Sudeste;Aplicativo;Games;Jogo Corrida Pro;1;303.7;Crédito;Baixo
T003728;2026-08-11 10:09:00;Norte;Site;Áudio e Vídeo;Headset Gamer;1;250.42;Pix;Baixo
T003729;2026-03-04 23:51:00;Sudeste;Loja física;Casa e Cozinha;Balança Digital Cozinha;1;81.15;Crédito;Baixo
T003730;2026-08-21 05:56:00;Norte;Aplicativo;Casa e Cozinha;Sanduicheira Grill;3;549.09;Débito;Baixo
T003731;2026-04-11 14:07:00;Sudeste;Loja física;Celulares;Power Bank 20000mAh;3;728.38;Boleto;Baixo
T003732;2026-06-09 22:46:00;Nordeste;Site;Informática;Monitor 24 IPS;2;1828.44;Débito;Baixo
T003733;2026-01-15 01:26:00;Sudeste;Site;Escritório;Luminária LED;2;266.89;Boleto;Baixo
T003734;2026-02-14 12:25:00;Norte;Site;Games;Jogo Aventura Lendária;1;316.3;Crédito;Baixo
T003735;2026-08-20 18:16:00;Sudeste;Site;Games;Cadeira Gamer;1;1156.06;Pix;Baixo
T003736;2026-01-26 19:07:00;Sul;Site;Celulares;Carregador USB-C 30W;1;106.7;Crédito;Baixo
T003737;2026-06-20 10:45:00;Sudeste;Aplicativo;Escritório;Fragmentadora 10 folhas;1;643.72;Débito;Baixo
T003738;2026-05-24 12:31:00;Centro-Oeste;Aplicativo;Áudio e Vídeo;Caixa Bluetooth;2;845.31;Crédito;Baixo
T003739;2026-07-06 10:10:00;Sudeste;Aplicativo;Celulares;Capa Antichoque;5;370.05;Crédito;Baixo
T003740;2026-02-09 13:11:00;Sudeste;Site;Áudio e Vídeo;Smart TV 55 4K;1;3215.7;Crédito;Baixo
T003741;2026-03-17 20:11:00;Sudeste;Site;Áudio e Vídeo;Projetor Full HD;1;1932.09;Pix;Baixo
T003742;2026-08-13 18:53:00;Norte;Loja física;Celulares;Carregador USB-C 30W;2;219.52;Pix;Baixo
T003743;2026-02-09 22:53:00;Nordeste;Marketplace;Escritório;Suporte para Notebook;1;113.51;Crédito;Baixo
T003744;2026-02-14 11:52:00;Sudeste;Loja física;Celulares;Smartphone Vega Max 256GB;1;2181.38;Crédito;Baixo
T003745;2026-01-19 03:35:00;Sudeste;Loja física;Áudio e Vídeo;Suporte TV Articulado;1;170.41;Pix;Baixo
T003746;2026-02-08 20:54:00;Sudeste;Aplicativo;Áudio e Vídeo;Caixa Bluetooth;3;1192.8;Pix;Baixo
T003747;2026-06-10 15:23:00;Centro-Oeste;Aplicativo;Áudio e Vídeo;Projetor Full HD;1;1961.06;Crédito;Baixo
T003748;2026-03-28 04:22:00;Sudeste;Site;Celulares;Película 3D;2;81.11;Pix;Baixo
T003749;2026-07-13 19:50:00;Sudeste;Aplicativo;Games;Console NovaBox X;1;3951.23;Crédito;Baixo
T003750;2026-02-07 15:16:00;Sudeste;Marketplace;Games;Cadeira Gamer;1;1039.72;Pix;Baixo
T003751;2026-04-30 22:17:00;Sul;Site;Informática;SSD NVMe 1TB;1;545.51;Crédito;Baixo
T003752;2026-07-09 18:31:00;Sudeste;Marketplace;Escritório;Organizador de Mesa;1;66.75;Crédito;Baixo
T003753;2026-04-28 21:46:00;Nordeste;Loja física;Informática;SSD NVMe 1TB;3;1395.4;Pix;Baixo
T003754;2026-05-07 02:20:00;Nordeste;Site;Celulares;Película 3D;6;222.36;Pix;Baixo
T003755;2026-03-31 23:01:00;Sul;Aplicativo;Informática;Notebook 15 Pro;1;3419.96;Crédito;Baixo
T003756;2026-05-22 07:05:00;Sul;Site;Áudio e Vídeo;Microfone USB;1;344.37;Crédito;Baixo
T003757;2026-01-22 00:15:00;Sudeste;Loja física;Informática;Mouse Sem Fio;1;114.9;Pix;Baixo
T003758;2026-08-08 13:55:00;Sul;Aplicativo;Áudio e Vídeo;Projetor Full HD;1;1874.69;Boleto;Baixo
T003759;2026-02-04 07:36:00;Sudeste;Aplicativo;Games;Controle Sem Fio;1;341.68;Crédito;Baixo
T003760;2026-06-20 18:03:00;Sudeste;Aplicativo;Áudio e Vídeo;Headset Gamer;1;258.91;Pix;Baixo
T003761;2026-08-11 14:08:00;Sudeste;Site;Games;Headset 7.1;1;469.77;Boleto;Baixo
T003762;2026-02-22 16:00:00;Sul;Aplicativo;Escritório;Cadeira Ergonômica;1;1148.9;Pix;Baixo
T003763;2026-05-14 10:55:00;Sul;Site;Escritório;Suporte para Notebook;1;98.02;Crédito;Baixo
T003764;2026-03-29 01:21:00;Nordeste;Site;Escritório;Luminária LED;1;138.66;Pix;Baixo
T003765;2026-02-07 13:57:00;Sudeste;Aplicativo;Celulares;Capa Antichoque;1;71.08;Crédito;Baixo
T003766;2026-04-22 17:13:00;Nordeste;Loja física;Escritório;Suporte para Notebook;1;100.99;Débito;Baixo
T003767;2026-07-09 12:09:00;Sudeste;Loja física;Áudio e Vídeo;Caixa Bluetooth;1;410.39;Pix;Baixo
T003768;2026-06-07 02:11:00;Sudeste;Site;Áudio e Vídeo;Suporte TV Articulado;2;352.35;Crédito;Baixo
T003769;2026-02-02 21:43:00;Sudeste;Site;Celulares;Smartphone Orion 128GB;5;8294.69;Débito;Médio
T003770;2026-06-17 22:08:00;Sudeste;Aplicativo;Escritório;Fragmentadora 10 folhas;2;1255.14;Crédito;Baixo
T003771;2026-06-23 07:31:00;Nordeste;Site;Games;Console PlaySphere 5;2;8059.41;Crédito;Médio
T003772;2026-01-09 08:13:00;Sudeste;Aplicativo;Informática;Notebook 14 Air;4;12938.68;Crédito;Médio
T003773;2026-01-15 04:11:00;Norte;Aplicativo;Escritório;Papel A4 500 folhas;2;67.31;Crédito;Baixo
T003774;2026-07-15 12:31:00;Sudeste;Site;Informática;SSD NVMe 1TB;1;501.0;Crédito;Baixo
T003775;2026-05-29 22:27:00;Sul;Aplicativo;Escritório;Cadeira Ergonômica;2;2313.71;Boleto;Baixo
T003776;2026-07-06 05:07:00;Sudeste;Site;Escritório;Papel A4 500 folhas;1;33.29;Crédito;Baixo
T003777;2026-01-10 03:21:00;Sudeste;Site;Informática;Mouse Sem Fio;4;493.72;Crédito;Baixo
T003778;2026-02-04 22:06:00;Nordeste;Site;Escritório;Mesa Escritório 120cm;6;4106.22;Crédito;Baixo
T003779;2026-07-23 16:24:00;Nordeste;Loja física;Casa e Cozinha;Balança Digital Cozinha;1;91.35;Crédito;Baixo
T003780;2026-06-15 00:26:00;Sul;Loja física;Casa e Cozinha;Jogo de Panelas 5 peças;1;436.59;Crédito;Baixo
T003781;2026-08-30 19:27:00;Sul;Aplicativo;Casa e Cozinha;Cafeteira Programável;2;603.89;Crédito;Baixo
T003782;2026-08-22 23:25:00;Sudeste;Site;Games;Jogo Aventura Lendária;1;331.81;Boleto;Baixo
T003783;2026-07-27 19:37:00;Centro-Oeste;Loja física;Escritório;Mesa Escritório 120cm;1;688.59;Crédito;Baixo
T003784;2026-04-15 20:39:00;Sudeste;Aplicativo;Áudio e Vídeo;Microfone USB;2;672.69;Crédito;Baixo
T003785;2026-07-24 02:04:00;Sudeste;Site;Áudio e Vídeo;Smart TV 43 4K;2;3885.52;Crédito;Baixo
T003786;2026-06-23 16:10:00;Nordeste;Site;Áudio e Vídeo;Headset Gamer;2;577.88;Débito;Baixo
T003787;2026-07-25 04:44:00;Sudeste;Loja física;Casa e Cozinha;Balança Digital Cozinha;3;232.74;Pix;Baixo
T003788;2026-07-24 21:24:00;Nordeste;Marketplace;Casa e Cozinha;Sanduicheira Grill;3;478.44;Crédito;Baixo
T003789;2026-04-03 01:07:00;Nordeste;Site;Informática;Webcam Full HD;5;1225.79;Crédito;Baixo
T003790;2026-06-07 10:47:00;Nordeste;Aplicativo;Escritório;Papel A4 500 folhas;1;35.62;Pix;Baixo
T003791;2026-05-06 10:14:00;Sul;Site;Casa e Cozinha;Air Fryer 5L;2;869.62;Crédito;Baixo
T003792;2026-06-21 22:12:00;Nordeste;Aplicativo;Informática;Mochila para Notebook;1;183.21;Crédito;Baixo
T003793;2026-07-12 02:11:00;Sul;Site;Informática;Webcam Full HD;2;507.11;Crédito;Baixo
T003794;2026-07-11 05:41:00;Sul;Aplicativo;Informática;Mouse Sem Fio;1;131.73;Crédito;Baixo
T003795;2026-07-03 16:28:00;Sudeste;Site;Celulares;Smartphone Vega 128GB;1;1490.45;Crédito;Baixo
T003796;2026-08-04 02:03:00;Sudeste;Loja física;Escritório;Papel A4 500 folhas;4;135.21;Débito;Baixo
T003797;2026-01-22 14:26:00;Norte;Site;Celulares;Smartphone Orion 128GB;1;1865.68;Pix;Baixo
T003798;2026-07-07 02:41:00;Centro-Oeste;Site;Celulares;Smartphone Orion 128GB;1;1898.77;Crédito;Baixo
T003799;2026-08-11 08:50:00;Sul;Site;Informática;SSD NVMe 1TB;1;529.1;Débito;Baixo
T003800;2026-06-12 14:26:00;Nordeste;Marketplace;Games;Jogo Corrida Pro;1;257.86;Crédito;Baixo
T003801;2026-04-27 19:30:00;Sudeste;Site;Celulares;Película 3D;4;162.18;Crédito;Baixo
T003802;2026-06-25 04:10:00;Sul;Aplicativo;Casa e Cozinha;Liquidificador 1200W;4;1026.65;Pix;Baixo
T003803;2026-02-15 09:51:00;Sudeste;Site;Áudio e Vídeo;Smart TV 43 4K;4;9283.52;Pix;Médio
T003804;2026-02-14 12:24:00;Sudeste;Aplicativo;Celulares;Película 3D;4;151.17;Débito;Baixo
T003805;2026-01-15 15:22:00;Sudeste;Site;Áudio e Vídeo;Smart TV 55 4K;1;2968.66;Crédito;Baixo
T003806;2026-06-14 23:33:00;Sul;Loja física;Escritório;Mesa Escritório 120cm;4;2631.85;Crédito;Baixo
T003807;2026-06-19 12:55:00;Nordeste;Aplicativo;Escritório;Organizador de Mesa;2;142.48;Crédito;Baixo
T003808;2026-06-24 02:14:00;Sul;Aplicativo;Casa e Cozinha;Panela Elétrica 5L;1;390.91;Crédito;Baixo
T003809;2026-01-11 01:22:00;Sul;Aplicativo;Informática;Hub USB-C 8 em 1;1;288.25;Pix;Baixo
T003810;2026-08-12 04:54:00;Sudeste;Marketplace;Celulares;Smartphone Vega 128GB;1;1378.45;Débito;Baixo
T003811;2026-01-03 19:34:00;Sudeste;Site;Informática;Webcam Full HD;2;473.71;Pix;Baixo
T003812;2026-01-08 03:57:00;Norte;Site;Áudio e Vídeo;Soundbar 2.1;1;730.06;Crédito;Baixo
T003813;2026-07-11 04:10:00;Centro-Oeste;Site;Informática;Mochila para Notebook;1;184.06;Pix;Baixo
T003814;2026-06-20 11:15:00;Sudeste;Site;Games;Headset 7.1;3;1226.71;Crédito;Baixo
T003815;2026-08-21 15:23:00;Sudeste;Aplicativo;Casa e Cozinha;Aspirador Vertical;2;1146.55;Crédito;Baixo
T003816;2026-03-20 16:54:00;Sudeste;Site;Celulares;Smartphone Orion Pro 256GB;1;3011.67;Pix;Baixo
T003817;2026-06-16 21:00:00;Nordeste;Loja física;Celulares;Película 3D;4;144.07;Crédito;Baixo
T003818;2026-03-21 03:02:00;Sul;Marketplace;Escritório;Impressora Multifuncional;1;902.25;Pix;Baixo
T003819;2026-02-09 08:31:00;Centro-Oeste;Aplicativo;Informática;Mochila para Notebook;1;197.72;Boleto;Baixo
T003820;2026-04-08 08:29:00;Sudeste;Marketplace;Casa e Cozinha;Balança Digital Cozinha;2;174.43;Débito;Baixo
T003821;2026-05-30 06:23:00;Sudeste;Loja física;Celulares;Fone Bluetooth;1;241.31;Crédito;Baixo
T003822;2026-05-29 00:56:00;Sul;Aplicativo;Escritório;Organizador de Mesa;1;61.53;Crédito;Baixo
T003823;2026-06-21 15:18:00;Sul;Marketplace;Casa e Cozinha;Panela Elétrica 5L;1;400.11;Crédito;Baixo
T003824;2026-04-10 11:41:00;Sul;Marketplace;Casa e Cozinha;Balança Digital Cozinha;1;94.14;Crédito;Baixo
T003825;2026-01-12 05:49:00;Centro-Oeste;Marketplace;Celulares;Capa Antichoque;3;219.8;Crédito;Baixo
T003826;2026-03-26 05:36:00;Nordeste;Site;Escritório;Papel A4 500 folhas;1;36.18;Débito;Baixo
T003827;2026-05-15 06:42:00;Sudeste;Loja física;Celulares;Carregador USB-C 30W;1;120.85;Débito;Baixo
T003828;2026-06-23 16:29:00;Centro-Oeste;Site;Casa e Cozinha;Jogo de Panelas 5 peças;2;734.88;Crédito;Baixo
T003829;2026-08-01 13:02:00;Norte;Loja física;Áudio e Vídeo;Projetor Full HD;2;3278.77;Débito;Baixo
T003830;2026-08-02 09:57:00;Sudeste;Aplicativo;Informática;Notebook 15 Pro;2;6795.38;Crédito;Baixo
T003831;2026-03-07 09:44:00;Nordeste;Marketplace;Casa e Cozinha;Liquidificador 1200W;4;1000.68;Crédito;Baixo
T003832;2026-03-30 14:23:00;Sudeste;Aplicativo;Escritório;Organizador de Mesa;1;64.16;Crédito;Baixo
T003833;2026-05-15 17:19:00;Centro-Oeste;Site;Games;Controle Sem Fio;1;407.28;Pix;Baixo
T003834;2026-02-25 15:18:00;Sudeste;Loja física;Casa e Cozinha;Jogo de Panelas 5 peças;1;368.63;Débito;Baixo
T003835;2026-08-09 22:56:00;Sul;Site;Games;Cadeira Gamer;1;1036.16;Débito;Baixo
T003836;2026-04-29 19:58:00;Sudeste;Loja física;Informática;Teclado Mecânico;4;1279.47;Pix;Baixo
T003837;2026-04-02 11:40:00;Sudeste;Loja física;Casa e Cozinha;Balança Digital Cozinha;1;78.63;Pix;Baixo
T003838;2026-07-19 10:11:00;Nordeste;Aplicativo;Games;Console NovaBox X;1;4160.04;Crédito;Baixo
T003839;2026-07-06 23:54:00;Sudeste;Site;Áudio e Vídeo;Smart TV 55 4K;1;2956.84;Crédito;Baixo
T003840;2026-01-29 04:43:00;Sul;Loja física;Casa e Cozinha;Balança Digital Cozinha;2;169.34;Pix;Baixo
T003841;2026-07-12 07:52:00;Nordeste;Aplicativo;Celulares;Carregador USB-C 30W;1;112.69;Pix;Baixo
T003842;2026-06-02 02:05:00;Sul;Aplicativo;Celulares;Smartphone Orion 128GB;5;8806.66;Pix;Médio
T003843;2026-08-09 14:19:00;Nordeste;Marketplace;Casa e Cozinha;Liquidificador 1200W;1;267.55;Crédito;Baixo
T003844;2026-08-26 21:02:00;Centro-Oeste;Site;Casa e Cozinha;Kit Potes Herméticos;3;381.87;Boleto;Baixo
T003845;2026-03-03 07:53:00;Sul;Site;Casa e Cozinha;Jogo de Panelas 5 peças;1;393.78;Pix;Baixo
T003846;2026-07-10 16:53:00;Sudeste;Aplicativo;Celulares;Smartphone Orion Pro 256GB;1;3052.8;Crédito;Baixo
T003847;2026-08-07 00:52:00;Sudeste;Site;Casa e Cozinha;Kit Potes Herméticos;1;115.63;Crédito;Baixo
T003848;2026-08-12 16:27:00;Sudeste;Aplicativo;Informática;Hub USB-C 8 em 1;2;566.16;Crédito;Baixo
T003849;2026-01-05 09:50:00;Sudeste;Aplicativo;Games;Volante Racing;4;4918.14;Boleto;Médio
T003850;2026-04-04 02:31:00;Centro-Oeste;Aplicativo;Celulares;Capa Antichoque;3;216.24;Crédito;Baixo
T003851;2026-08-16 11:08:00;Sudeste;Aplicativo;Informática;SSD SATA 480GB;2;487.9;Boleto;Baixo
T003852;2026-06-02 13:14:00;Centro-Oeste;Marketplace;Escritório;Papel A4 500 folhas;3;91.38;Pix;Baixo
T003853;2026-03-21 00:14:00;Centro-Oeste;Site;Celulares;Película 3D;2;71.66;Débito;Baixo
T003854;2026-01-27 06:12:00;Sudeste;Site;Informática;Teclado Mecânico;1;316.64;Crédito;Baixo
T003855;2026-03-21 11:22:00;Sudeste;Site;Escritório;Mesa Escritório 120cm;1;622.5;Crédito;Baixo
T003856;2026-01-25 00:38:00;Sul;Aplicativo;Escritório;Luminária LED;4;576.29;Crédito;Baixo
T003857;2026-03-26 10:07:00;Nordeste;Aplicativo;Games;Jogo Aventura Lendária;1;323.45;Pix;Baixo
T003858;2026-06-08 23:27:00;Sudeste;Aplicativo;Games;Cadeira Gamer;2;1941.71;Pix;Baixo
T003859;2026-03-04 19:39:00;Sudeste;Loja física;Áudio e Vídeo;Smart TV 43 4K;1;2017.77;Boleto;Baixo
T003860;2026-01-05 11:16:00;Sudeste;Marketplace;Celulares;Power Bank 20000mAh;1;228.06;Pix;Baixo
T003861;2026-02-23 07:47:00;Centro-Oeste;Site;Informática;Notebook 14 Air;5;16157.21;Crédito;Médio
T003862;2026-07-22 19:42:00;Nordeste;Site;Casa e Cozinha;Sanduicheira Grill;1;154.07;Crédito;Baixo
T003863;2026-08-05 08:27:00;Sudeste;Marketplace;Informática;Memória DDR4 16GB;2;589.36;Crédito;Baixo
T003864;2026-03-01 07:46:00;Centro-Oeste;Site;Informática;Monitor 24 IPS;1;854.31;Pix;Baixo
T003865;2026-02-05 05:14:00;Sudeste;Loja física;Games;Console NovaBox X;2;7055.91;Débito;Médio
T003866;2026-04-20 14:07:00;Sudeste;Site;Games;Controle Sem Fio;1;363.13;Boleto;Baixo
T003867;2026-02-21 01:41:00;Sudeste;Site;Escritório;Organizador de Mesa;1;67.16;Pix;Baixo
T003868;2026-01-11 13:34:00;Centro-Oeste;Site;Celulares;Smartphone Vega 128GB;2;3176.6;Crédito;Baixo
T003869;2026-06-30 08:31:00;Sul;Site;Escritório;Impressora Multifuncional;3;2575.99;Pix;Baixo
T003870;2026-05-31 15:07:00;Nordeste;Aplicativo;Informática;Monitor 27 QHD;2;3302.59;Débito;Baixo
T003871;2026-07-14 13:09:00;Sul;Site;Casa e Cozinha;Kit Potes Herméticos;1;127.71;Crédito;Baixo
T003872;2026-04-11 13:53:00;Nordeste;Site;Games;Console NovaBox X;1;3473.24;Débito;Baixo
T003873;2026-05-03 00:36:00;Norte;Site;Celulares;Capa Antichoque;4;281.0;Pix;Baixo
T003874;2026-07-15 22:18:00;Norte;Site;Games;Controle Sem Fio;1;371.92;Débito;Baixo
T003875;2026-07-26 09:36:00;Sudeste;Aplicativo;Informática;SSD NVMe 1TB;4;2059.07;Crédito;Baixo
T003876;2026-04-07 23:40:00;Norte;Loja física;Celulares;Capa Antichoque;3;202.5;Débito;Baixo
T003877;2026-03-25 17:37:00;Nordeste;Aplicativo;Áudio e Vídeo;Soundbar 2.1;1;698.35;Crédito;Baixo
T003878;2026-01-16 11:43:00;Norte;Aplicativo;Games;Volante Racing;4;5203.21;Pix;Baixo
T003879;2026-06-22 04:19:00;Centro-Oeste;Site;Celulares;Smartphone Vega 128GB;1;1366.43;Débito;Baixo
T003880;2026-01-31 12:17:00;Sul;Loja física;Celulares;Power Bank 20000mAh;1;240.03;Crédito;Baixo
T003881;2026-07-31 22:08:00;Sul;Aplicativo;Áudio e Vídeo;Smart TV 43 4K;2;3969.63;Crédito;Baixo
T003882;2026-02-19 21:28:00;Sul;Loja física;Celulares;Carregador USB-C 30W;1;123.75;Crédito;Baixo
T003883;2026-08-22 09:01:00;Sul;Site;Informática;Notebook 14 Air;1;2830.04;Crédito;Baixo
T003884;2026-01-29 12:48:00;Sul;Loja física;Informática;SSD NVMe 1TB;1;494.66;Pix;Baixo
T003885;2026-03-29 18:39:00;Sul;Site;Informática;Monitor 27 QHD;1;1674.83;Crédito;Baixo
T003886;2026-07-30 02:52:00;Sudeste;Site;Celulares;Película 3D;1;34.91;Pix;Baixo
T003887;2026-08-17 16:15:00;Centro-Oeste;Loja física;Celulares;Smartphone Vega 128GB;1;1330.23;Pix;Baixo
T003888;2026-03-27 04:17:00;Sudeste;Site;Áudio e Vídeo;Projetor Full HD;1;1965.55;Pix;Baixo
T003889;2026-07-31 03:59:00;Sul;Aplicativo;Escritório;Suporte para Notebook;2;228.33;Crédito;Baixo
T003890;2026-05-04 06:12:00;Centro-Oeste;Site;Escritório;Mesa Escritório 120cm;3;1731.93;Crédito;Baixo
T003891;2026-01-09 02:32:00;Sudeste;Site;Informática;SSD SATA 480GB;2;516.96;Pix;Baixo
T003892;2026-02-11 01:16:00;Sudeste;Aplicativo;Casa e Cozinha;Liquidificador 1200W;1;291.14;Pix;Baixo
T003893;2026-07-13 07:08:00;Sul;Site;Escritório;Organizador de Mesa;1;60.86;Pix;Baixo
T003894;2026-04-03 23:53:00;Sudeste;Site;Áudio e Vídeo;Suporte TV Articulado;1;175.95;Crédito;Baixo
T003895;2026-01-24 17:11:00;Sudeste;Site;Games;Jogo Corrida Pro;1;291.7;Débito;Baixo
T003896;2026-01-13 15:45:00;Centro-Oeste;Site;Celulares;Smartphone Vega 128GB;1;1463.05;Crédito;Baixo
T003897;2026-02-15 19:08:00;Sudeste;Site;Informática;Monitor 24 IPS;3;2453.26;Pix;Baixo
T003898;2026-05-09 01:41:00;Sudeste;Site;Informática;Teclado Mecânico;1;318.08;Crédito;Baixo
T003899;2026-06-10 16:41:00;Norte;Site;Casa e Cozinha;Air Fryer 5L;1;501.98;Crédito;Baixo
T003900;2026-02-12 20:59:00;Sudeste;Site;Escritório;Fragmentadora 10 folhas;2;1372.83;Crédito;Baixo
T003901;2026-01-22 07:10:00;Sul;Aplicativo;Áudio e Vídeo;Soundbar 2.1;3;2488.42;Pix;Baixo
T003902;2026-05-25 11:45:00;Nordeste;Marketplace;Informática;Hub USB-C 8 em 1;1;290.89;Crédito;Baixo
T003903;2026-05-02 06:15:00;Sul;Site;Escritório;Papel A4 500 folhas;1;32.46;Boleto;Baixo
T003904;2026-03-04 00:54:00;Sudeste;Loja física;Áudio e Vídeo;Microfone USB;1;342.63;Débito;Baixo
T003905;2026-04-25 21:48:00;Nordeste;Site;Informática;Memória DDR4 16GB;2;609.79;Crédito;Baixo
T003906;2026-07-25 20:27:00;Sudeste;Marketplace;Escritório;Impressora Multifuncional;1;907.5;Boleto;Médio
T003907;2026-07-16 23:31:00;Centro-Oeste;Aplicativo;Escritório;Papel A4 500 folhas;5;173.31;Débito;Baixo
T003908;2026-06-02 01:07:00;Nordeste;Loja física;Informática;Hub USB-C 8 em 1;1;264.71;Crédito;Baixo
T003909;2026-07-28 02:56:00;Sul;Loja física;Casa e Cozinha;Air Fryer 5L;1;443.92;Pix;Baixo
T003910;2026-08-22 16:55:00;Sudeste;Aplicativo;Áudio e Vídeo;Projetor Full HD;3;5642.25;Boleto;Médio
T003911;2026-07-13 13:21:00;Sudeste;Loja física;Informática;Teclado Mecânico;2;660.06;Pix;Baixo
T003912;2026-08-05 05:48:00;Sudeste;Loja física;Games;Jogo Corrida Pro;1;261.88;Crédito;Baixo
T003913;2026-05-26 16:43:00;Nordeste;Aplicativo;Celulares;Fone Bluetooth;1;245.98;Crédito;Baixo
T003914;2026-04-22 18:17:00;Sudeste;Aplicativo;Informática;Teclado Mecânico;4;1304.58;Débito;Baixo
T003915;2026-07-07 12:03:00;Norte;Loja física;Áudio e Vídeo;Suporte TV Articulado;3;508.79;Pix;Baixo
T003916;2026-08-11 02:20:00;Sul;Aplicativo;Escritório;Fragmentadora 10 folhas;4;2644.0;Débito;Baixo
T003917;2026-02-05 17:40:00;Sudeste;Aplicativo;Escritório;Impressora Multifuncional;2;1859.36;Crédito;Baixo
T003918;2026-07-17 22:02:00;Sudeste;Aplicativo;Informática;Mochila para Notebook;2;368.06;Boleto;Baixo
T003919;2026-04-12 07:21:00;Sul;Site;Celulares;Capa Antichoque;1;70.17;Débito;Baixo
T003920;2026-04-24 02:18:00;Sudeste;Aplicativo;Áudio e Vídeo;Smart TV 55 4K;1;2748.55;Débito;Baixo
T003921;2026-02-28 15:36:00;Sudeste;Site;Escritório;Papel A4 500 folhas;1;32.8;Crédito;Baixo
T003922;2026-08-07 13:56:00;Nordeste;Aplicativo;Escritório;Impressora Multifuncional;1;950.5;Crédito;Baixo
T003923;2026-03-22 12:22:00;Sudeste;Site;Celulares;Fone Bluetooth;1;253.58;Crédito;Baixo
T003924;2026-07-17 13:10:00;Sudeste;Site;Games;Cadeira Gamer;2;2320.32;Crédito;Baixo
T003925;2026-06-30 22:51:00;Nordeste;Site;Escritório;Cadeira Ergonômica;1;1237.33;Pix;Baixo
T003926;2026-07-27 22:43:00;Sul;Aplicativo;Áudio e Vídeo;Smart TV 55 4K;2;6553.56;Crédito;Baixo
T003927;2026-06-16 18:42:00;Centro-Oeste;Marketplace;Casa e Cozinha;Liquidificador 1200W;2;562.21;Crédito;Baixo
T003928;2026-07-18 10:04:00;Nordeste;Site;Games;Controle Sem Fio;2;817.73;Débito;Baixo
T003929;2026-08-04 17:16:00;Centro-Oeste;Loja física;Celulares;Película 3D;3;125.4;Crédito;Baixo
T003930;2026-07-21 18:56:00;Nordeste;Site;Informática;Mochila para Notebook;1;180.05;Débito;Baixo
T003931;2026-08-14 11:04:00;Sudeste;Marketplace;Áudio e Vídeo;Smart TV 43 4K;1;2194.77;Pix;Baixo
T003932;2026-01-05 17:55:00;Sul;Aplicativo;Escritório;Organizador de Mesa;2;137.36;Crédito;Baixo
T003933;2026-01-04 03:27:00;Nordeste;Marketplace;Casa e Cozinha;Jogo de Panelas 5 peças;5;1913.1;Crédito;Baixo
T003934;2026-04-02 20:49:00;Centro-Oeste;Site;Áudio e Vídeo;Suporte TV Articulado;4;694.17;Débito;Baixo
T003935;2026-08-04 11:16:00;Sul;Site;Informática;Notebook 14 Air;1;3401.74;Pix;Baixo
T003936;2026-01-23 09:04:00;Norte;Site;Informática;Memória DDR4 16GB;3;871.93;Crédito;Baixo
T003937;2026-07-23 12:51:00;Sudeste;Aplicativo;Casa e Cozinha;Jogo de Panelas 5 peças;1;418.77;Pix;Baixo
T003938;2026-07-10 06:56:00;Nordeste;Site;Informática;Monitor 24 IPS;1;933.81;Pix;Baixo
T003939;2026-03-16 15:42:00;Sudeste;Site;Áudio e Vídeo;Microfone USB;2;637.94;Crédito;Baixo
T003940;2026-07-10 06:18:00;Sudeste;Site;Informática;Mouse Sem Fio;2;228.06;Débito;Baixo
T003941;2026-01-11 13:55:00;Nordeste;Aplicativo;Celulares;Carregador USB-C 30W;1;103.58;Débito;Baixo
T003942;2026-04-03 06:19:00;Sul;Site;Escritório;Cadeira Ergonômica;1;1168.1;Crédito;Baixo
T003943;2026-04-19 14:26:00;Sudeste;Loja física;Informática;Monitor 24 IPS;2;1564.18;Crédito;Baixo
T003944;2026-06-14 05:15:00;Nordeste;Site;Informática;SSD NVMe 1TB;1;546.24;Crédito;Baixo
T003945;2026-07-05 04:28:00;Sul;Aplicativo;Games;Jogo Corrida Pro;2;627.96;Crédito;Baixo
T003946;2026-06-16 19:50:00;Sul;Site;Áudio e Vídeo;Projetor Full HD;1;1869.53;Crédito;Baixo
T003947;2026-06-29 17:31:00;Sudeste;Site;Informática;Monitor 24 IPS;2;1568.59;Crédito;Baixo
T003948;2026-08-27 22:19:00;Sudeste;Aplicativo;Informática;Mochila para Notebook;1;179.78;Pix;Baixo
T003949;2026-07-28 15:26:00;Sul;Loja física;Casa e Cozinha;Jogo de Panelas 5 peças;1;409.33;Crédito;Baixo
T003950;2026-03-04 21:16:00;Nordeste;Loja física;Games;Volante Racing;3;3365.95;Pix;Baixo
T003951;2026-07-03 21:18:00;Sudeste;Site;Casa e Cozinha;Jogo de Panelas 5 peças;1;370.55;Pix;Baixo
T003952;2026-04-24 23:15:00;Sudeste;Aplicativo;Casa e Cozinha;Sanduicheira Grill;1;177.25;Débito;Baixo
T003953;2026-07-15 21:22:00;Centro-Oeste;Aplicativo;Celulares;Película 3D;1;41.5;Crédito;Baixo
T003954;2026-02-12 22:46:00;Sudeste;Aplicativo;Escritório;Papel A4 500 folhas;2;68.15;Crédito;Baixo
T003955;2026-03-22 13:22:00;Centro-Oeste;Marketplace;Áudio e Vídeo;Smart TV 55 4K;2;5522.26;Débito;Médio
T003956;2026-01-29 07:27:00;Nordeste;Loja física;Informática;SSD SATA 480GB;2;557.48;Crédito;Baixo
T003957;2026-04-08 02:50:00;Sudeste;Loja física;Informática;SSD SATA 480GB;2;466.25;Crédito;Baixo
T003958;2026-06-20 14:54:00;Sudeste;Aplicativo;Informática;Notebook 15 Pro;2;6687.69;Débito;Baixo
T003959;2026-06-28 13:06:00;Sudeste;Site;Games;Cadeira Gamer;3;3357.76;Pix;Baixo
T003960;2026-07-12 10:56:00;Sudeste;Marketplace;Informática;Notebook 15 Pro;1;3913.38;Crédito;Médio
T003961;2026-07-15 15:36:00;Nordeste;Site;Casa e Cozinha;Jogo de Panelas 5 peças;2;818.81;Crédito;Baixo
T003962;2026-05-23 08:06:00;Sudeste;Site;Áudio e Vídeo;Microfone USB;1;321.95;Pix;Baixo
T003963;2026-06-02 00:33:00;Sudeste;Site;Casa e Cozinha;Jogo de Panelas 5 peças;3;1156.26;Pix;Baixo
T003964;2026-03-22 22:02:00;Sudeste;Aplicativo;Áudio e Vídeo;Caixa Bluetooth;1;405.88;Crédito;Baixo
T003965;2026-07-27 10:33:00;Norte;Loja física;Informática;SSD NVMe 1TB;1;503.42;Débito;Baixo
T003966;2026-08-25 19:43:00;Centro-Oeste;Site;Casa e Cozinha;Liquidificador 1200W;2;552.04;Boleto;Baixo
T003967;2026-08-25 21:29:00;Centro-Oeste;Site;Escritório;Luminária LED;1;133.19;Crédito;Baixo
T003968;2026-01-04 04:46:00;Nordeste;Loja física;Casa e Cozinha;Sanduicheira Grill;1;185.12;Crédito;Baixo
T003969;2026-07-17 18:33:00;Centro-Oeste;Loja física;Celulares;Smartphone Vega 128GB;2;2813.61;Débito;Baixo
T003970;2026-02-07 13:11:00;Sudeste;Loja física;Escritório;Mesa Escritório 120cm;1;588.42;Boleto;Baixo
T003971;2026-02-01 04:48:00;Nordeste;Site;Escritório;Cadeira Ergonômica;4;4133.39;Débito;Baixo
T003972;2026-01-07 18:34:00;Nordeste;Site;Celulares;Capa Antichoque;2;121.76;Pix;Baixo
T003973;2026-07-17 19:40:00;Centro-Oeste;Marketplace;Áudio e Vídeo;Suporte TV Articulado;1;160.9;Débito;Baixo
T003974;2026-01-04 06:10:00;Norte;Marketplace;Games;Jogo Corrida Pro;3;813.59;Crédito;Baixo
T003975;2026-05-12 10:09:00;Sul;Marketplace;Celulares;Smartphone Orion Pro 256GB;1;2848.73;Crédito;Baixo
T003976;2026-03-21 06:21:00;Nordeste;Aplicativo;Áudio e Vídeo;Headset Gamer;1;253.49;Crédito;Baixo
T003977;2026-07-27 05:20:00;Sul;Loja física;Casa e Cozinha;Jogo de Panelas 5 peças;1;433.75;Débito;Baixo
T003978;2026-07-13 06:16:00;Sudeste;Aplicativo;Games;Console PlaySphere 5;1;3681.31;Crédito;Baixo
T003979;2026-03-01 18:04:00;Nordeste;Loja física;Informática;Webcam Full HD;2;422.75;Crédito;Baixo
T003980;2026-07-12 04:56:00;Sul;Loja física;Casa e Cozinha;Cafeteira Programável;5;1436.17;Crédito;Baixo
T003981;2026-06-17 20:18:00;Sul;Aplicativo;Escritório;Luminária LED;1;144.34;Crédito;Baixo
T003982;2026-03-15 03:22:00;Nordeste;Aplicativo;Celulares;Capa Antichoque;3;178.61;Débito;Baixo
T003983;2026-01-04 18:03:00;Sudeste;Site;Casa e Cozinha;Cafeteira Programável;4;1172.68;Débito;Baixo
T003984;2026-02-25 08:01:00;Centro-Oeste;Aplicativo;Informática;Webcam Full HD;3;746.97;Débito;Baixo
T003985;2026-03-05 12:21:00;Sudeste;Aplicativo;Casa e Cozinha;Jogo de Panelas 5 peças;1;423.79;Crédito;Baixo
T003986;2026-08-15 19:07:00;Sudeste;Aplicativo;Informática;Hub USB-C 8 em 1;4;1090.17;Débito;Baixo
T003987;2026-05-27 14:10:00;Sudeste;Aplicativo;Informática;Mouse Sem Fio;3;346.09;Pix;Baixo
T003988;2026-04-10 08:12:00;Centro-Oeste;Aplicativo;Escritório;Luminária LED;1;141.37;Crédito;Baixo
T003989;2026-05-04 22:56:00;Sudeste;Loja física;Celulares;Smartphone Orion Pro 256GB;1;2645.32;Crédito;Baixo
T003990;2026-06-20 21:56:00;Sudeste;Aplicativo;Escritório;Cadeira Ergonômica;1;1068.12;Pix;Baixo
T003991;2026-02-15 01:44:00;Sudeste;Aplicativo;Escritório;Suporte para Notebook;2;220.13;Crédito;Baixo
T003992;2026-06-13 17:33:00;Centro-Oeste;Marketplace;Casa e Cozinha;Jogo de Panelas 5 peças;3;1103.01;Pix;Baixo
T003993;2026-05-10 17:15:00;Nordeste;Site;Celulares;Smartphone Vega Max 256GB;1;2509.79;Crédito;Baixo
T003994;2026-08-27 16:11:00;Nordeste;Aplicativo;Celulares;Smartphone Vega Max 256GB;1;2150.38;Crédito;Baixo
T003995;2026-08-01 06:47:00;Sudeste;Loja física;Casa e Cozinha;Aspirador Vertical;3;1458.89;Pix;Baixo
T003996;2026-01-08 22:51:00;Sudeste;Loja física;Informática;Notebook 14 Air;2;6452.77;Crédito;Baixo
T003997;2026-02-11 20:03:00;Centro-Oeste;Loja física;Casa e Cozinha;Jogo de Panelas 5 peças;1;394.19;Crédito;Baixo
T003998;2026-04-02 13:13:00;Nordeste;Site;Escritório;Impressora Multifuncional;1;881.92;Pix;Baixo
T003999;2026-05-21 23:15:00;Sudeste;Aplicativo;Games;Cadeira Gamer;5;5472.66;Pix;Baixo
T004000;2026-08-25 20:45:00;Sul;Aplicativo;Escritório;Impressora Multifuncional;1;892.63;Pix;Baixo
T004001;2026-02-24 09:53:00;Sudeste;Aplicativo;Áudio e Vídeo;Projetor Full HD;1;1684.12;Pix;Baixo
T004002;2026-08-19 23:21:00;Sudeste;Site;Escritório;Mesa Escritório 120cm;2;1150.5;Crédito;Baixo
T004003;2026-04-30 13:50:00;Sul;Site;Casa e Cozinha;Aspirador Vertical;1;494.14;Crédito;Baixo
T004004;2026-08-01 16:08:00;Norte;Loja física;Casa e Cozinha;Aspirador Vertical;1;581.47;Pix;Baixo
T004005;2026-03-03 08:06:00;Centro-Oeste;Aplicativo;Informática;Webcam Full HD;2;482.63;Crédito;Baixo
T004006;2026-07-05 09:47:00;Sudeste;Aplicativo;Casa e Cozinha;Jogo de Panelas 5 peças;1;417.63;Crédito;Baixo
T004007;2026-03-14 00:06:00;Sul;Site;Informática;Monitor 24 IPS;2;1883.53;Crédito;Baixo
T004008;2026-08-17 11:56:00;Sudeste;Loja física;Áudio e Vídeo;Soundbar 2.1;2;1658.52;Débito;Baixo
T004009;2026-01-03 00:36:00;Centro-Oeste;Marketplace;Áudio e Vídeo;Suporte TV Articulado;2;313.83;Débito;Baixo
T004010;2026-02-18 19:12:00;Sul;Site;Áudio e Vídeo;Caixa Bluetooth;1;348.11;Pix;Baixo
T004011;2026-08-01 05:30:00;Sul;Aplicativo;Áudio e Vídeo;Projetor Full HD;1;1661.82;Boleto;Baixo
T004012;2026-05-26 05:44:00;Sudeste;Site;Celulares;Smartphone Orion 128GB;1;1595.44;Crédito;Baixo
T004013;2026-04-19 12:45:00;Nordeste;Site;Casa e Cozinha;Aspirador Vertical;1;572.12;Débito;Baixo
T004014;2026-05-29 04:50:00;Norte;Site;Games;Headset 7.1;1;428.53;Crédito;Baixo
T004015;2026-01-29 06:10:00;Nordeste;Aplicativo;Informática;Notebook 15 Pro;3;12261.35;Crédito;Médio
T004016;2026-04-21 11:37:00;Sudeste;Aplicativo;Escritório;Cadeira Ergonômica;3;3664.22;Pix;Baixo
T004017;2026-04-24 00:25:00;Centro-Oeste;Site;Games;Volante Racing;2;2210.71;Crédito;Baixo
T004018;2026-05-07 04:13:00;Norte;Loja física;Áudio e Vídeo;Suporte TV Articulado;1;168.94;Pix;Baixo
T004019;2026-08-27 14:19:00;Sudeste;Site;Áudio e Vídeo;Projetor Full HD;1;1700.13;Pix;Baixo
T004020;2026-04-04 18:52:00;Nordeste;Site;Games;Console NovaBox X;1;3455.93;Crédito;Baixo
T004021;2026-07-01 18:52:00;Sudeste;Loja física;Casa e Cozinha;Balança Digital Cozinha;2;154.84;Crédito;Baixo
T004022;2026-03-23 20:15:00;Sudeste;Site;Casa e Cozinha;Balança Digital Cozinha;1;91.0;Pix;Baixo
T004023;2026-03-27 07:39:00;Centro-Oeste;Aplicativo;Escritório;Organizador de Mesa;1;66.18;Boleto;Baixo
T004024;2026-08-22 19:59:00;Centro-Oeste;Aplicativo;Áudio e Vídeo;Caixa Bluetooth;1;351.12;Pix;Baixo
T004025;2026-01-23 08:32:00;Sul;Loja física;Celulares;Carregador USB-C 30W;1;108.4;Pix;Baixo
T004026;2026-08-19 05:29:00;Sudeste;Loja física;Casa e Cozinha;Jogo de Panelas 5 peças;2;743.01;Pix;Baixo
T004027;2026-03-27 00:20:00;Sudeste;Loja física;Casa e Cozinha;Aspirador Vertical;1;476.56;Pix;Baixo
T004028;2026-04-15 01:54:00;Centro-Oeste;Marketplace;Casa e Cozinha;Aspirador Vertical;1;467.52;Boleto;Médio
T004029;2026-07-11 21:12:00;Sul;Site;Escritório;Organizador de Mesa;2;123.5;Crédito;Baixo
T004030;2026-05-03 15:40:00;Centro-Oeste;Site;Áudio e Vídeo;Suporte TV Articulado;1;144.53;Débito;Baixo
T004031;2026-02-18 07:17:00;Norte;Loja física;Celulares;Power Bank 20000mAh;1;221.52;Pix;Baixo
T004032;2026-03-21 04:31:00;Sul;Loja física;Celulares;Smartphone Vega 128GB;1;1514.83;Boleto;Baixo
T004033;2026-08-08 16:30:00;Sudeste;Aplicativo;Informática;Teclado Mecânico;4;1349.95;Crédito;Baixo
T004034;2026-06-21 02:37:00;Sudeste;Site;Games;Jogo Aventura Lendária;1;308.0;Pix;Baixo
T004035;2026-02-26 08:53:00;Centro-Oeste;Aplicativo;Informática;Mouse Sem Fio;1;115.89;Pix;Baixo
T004036;2026-05-10 13:50:00;Sul;Aplicativo;Games;Headset 7.1;1;454.83;Pix;Baixo
T004037;2026-06-27 12:10:00;Nordeste;Site;Informática;Notebook 14 Air;1;3057.97;Crédito;Baixo
T004038;2026-05-22 16:39:00;Nordeste;Loja física;Escritório;Papel A4 500 folhas;1;35.71;Débito;Baixo
T004039;2026-04-26 12:46:00;Sul;Aplicativo;Casa e Cozinha;Aspirador Vertical;2;1142.6;Crédito;Baixo
T004040;2026-05-31 12:10:00;Sudeste;Aplicativo;Games;Cadeira Gamer;2;1904.29;Boleto;Baixo
T004041;2026-04-03 20:19:00;Sudeste;Site;Casa e Cozinha;Liquidificador 1200W;2;526.83;Crédito;Baixo
T004042;2026-03-31 06:28:00;Sudeste;Aplicativo;Celulares;Capa Antichoque;1;64.12;Crédito;Baixo
T004043;2026-05-31 20:02:00;Nordeste;Marketplace;Celulares;Power Bank 20000mAh;2;465.22;Débito;Baixo
T004044;2026-05-30 02:11:00;Sudeste;Site;Áudio e Vídeo;Smart TV 55 4K;2;5937.78;Crédito;Baixo
T004045;2026-01-26 04:42:00;Sudeste;Loja física;Celulares;Smartphone Orion Pro 256GB;1;2476.83;Crédito;Baixo
T004046;2026-01-05 06:50:00;Centro-Oeste;Loja física;Escritório;Impressora Multifuncional;2;1537.56;Crédito;Baixo
T004047;2026-07-28 11:36:00;Sul;Aplicativo;Casa e Cozinha;Air Fryer 5L;1;444.42;Débito;Baixo
T004048;2026-01-14 17:52:00;Norte;Site;Celulares;Capa Antichoque;1;69.97;Débito;Baixo
T004049;2026-05-19 13:08:00;Centro-Oeste;Site;Áudio e Vídeo;Caixa Bluetooth;2;686.87;Crédito;Baixo
T004050;2026-01-04 20:15:00;Sul;Site;Games;Cadeira Gamer;1;1001.39;Crédito;Baixo
T004051;2026-08-12 10:07:00;Norte;Site;Celulares;Power Bank 20000mAh;2;421.99;Pix;Baixo
T004052;2026-06-19 03:09:00;Sul;Site;Escritório;Organizador de Mesa;4;271.45;Crédito;Baixo
T004053;2026-01-08 05:10:00;Sudeste;Aplicativo;Escritório;Fragmentadora 10 folhas;3;1848.62;Crédito;Baixo
T004054;2026-04-29 21:25:00;Centro-Oeste;Site;Casa e Cozinha;Cafeteira Programável;2;652.16;Crédito;Baixo
T004055;2026-06-08 20:12:00;Sudeste;Aplicativo;Informática;Notebook 14 Air;1;2820.51;Débito;Baixo
T004056;2026-05-26 20:51:00;Norte;Aplicativo;Celulares;Smartphone Orion 128GB;1;1606.99;Pix;Baixo
T004057;2026-06-02 08:29:00;Sudeste;Site;Informática;Monitor 27 QHD;4;6713.83;Crédito;Baixo
T004058;2026-03-17 00:48:00;Sudeste;Aplicativo;Celulares;Carregador USB-C 30W;2;229.32;Boleto;Baixo
T004059;2026-04-11 05:41:00;Nordeste;Site;Games;Console PlaySphere 5;1;4472.28;Pix;Baixo
T004060;2026-01-23 09:08:00;Sudeste;Aplicativo;Games;Headset 7.1;1;414.14;Boleto;Baixo
T004061;2026-07-01 23:37:00;Sudeste;Aplicativo;Informática;Teclado Mecânico;3;1062.29;Débito;Baixo
T004062;2026-04-06 04:05:00;Sudeste;Aplicativo;Informática;Teclado Mecânico;1;315.73;Pix;Baixo
T004063;2026-01-11 17:39:00;Sudeste;Site;Escritório;Mesa Escritório 120cm;1;583.69;Pix;Baixo
T004064;2026-08-24 00:25:00;Sudeste;Loja física;Games;Headset 7.1;1;484.82;Pix;Baixo
T004065;2026-02-23 12:03:00;Sul;Aplicativo;Celulares;Smartphone Vega Max 256GB;4;8680.94;Crédito;Médio
T004066;2026-02-18 04:14:00;Sudeste;Aplicativo;Informática;SSD SATA 480GB;2;530.26;Crédito;Baixo
T004067;2026-06-29 05:10:00;Centro-Oeste;Site;Casa e Cozinha;Kit Potes Herméticos;5;619.67;Crédito;Baixo
T004068;2026-03-16 01:18:00;Sudeste;Site;Casa e Cozinha;Balança Digital Cozinha;2;186.38;Crédito;Baixo
T004069;2026-04-28 13:46:00;Sul;Aplicativo;Casa e Cozinha;Cafeteira Programável;1;308.73;Pix;Baixo
T004070;2026-07-17 00:16:00;Sudeste;Loja física;Escritório;Mesa Escritório 120cm;1;670.28;Crédito;Baixo
T004071;2026-07-06 08:06:00;Sudeste;Site;Escritório;Suporte para Notebook;5;529.67;Pix;Baixo
T004072;2026-05-17 10:38:00;Nordeste;Site;Informática;Mouse Sem Fio;2;248.23;Débito;Baixo
T004073;2026-01-04 15:30:00;Sudeste;Aplicativo;Informática;Notebook 15 Pro;5;17628.6;Pix;Médio
T004074;2026-07-18 02:29:00;Sudeste;Loja física;Games;Jogo Corrida Pro;1;289.56;Pix;Baixo
T004075;2026-08-03 13:56:00;Sul;Site;Informática;Teclado Mecânico;2;669.56;Pix;Baixo
T004076;2026-04-10 17:13:00;Nordeste;Loja física;Celulares;Power Bank 20000mAh;2;402.3;Crédito;Baixo
T004077;2026-03-04 18:28:00;Nordeste;Site;Informática;Webcam Full HD;2;487.23;Crédito;Baixo
T004078;2026-03-25 14:53:00;Sudeste;Loja física;Casa e Cozinha;Aspirador Vertical;2;1096.66;Crédito;Baixo
T004079;2026-07-26 12:02:00;Sudeste;Aplicativo;Games;Jogo Corrida Pro;2;510.49;Crédito;Baixo
T004080;2026-08-12 10:52:00;Sudeste;Loja física;Escritório;Luminária LED;1;133.92;Crédito;Baixo
T004081;2026-06-21 04:55:00;Sudeste;Site;Informática;Webcam Full HD;1;220.06;Pix;Baixo
T004082;2026-05-16 05:33:00;Sudeste;Aplicativo;Celulares;Smartphone Orion 128GB;4;7547.28;Crédito;Médio
T004083;2026-05-24 14:37:00;Nordeste;Site;Informática;Teclado Mecânico;1;370.47;Crédito;Baixo
T004084;2026-02-10 22:09:00;Centro-Oeste;Loja física;Celulares;Carregador USB-C 30W;2;249.27;Boleto;Baixo
T004085;2026-01-21 07:53:00;Sudeste;Marketplace;Games;Controle Sem Fio;1;377.73;Débito;Baixo
T004086;2026-03-23 07:52:00;Sudeste;Loja física;Áudio e Vídeo;Microfone USB;1;337.22;Pix;Baixo
T004087;2026-07-17 09:51:00;Sudeste;Site;Informática;Memória DDR4 16GB;1;290.12;Débito;Baixo
T004088;2026-08-12 03:25:00;Sudeste;Aplicativo;Escritório;Mesa Escritório 120cm;5;3319.51;Crédito;Baixo
T004089;2026-04-27 00:32:00;Norte;Loja física;Celulares;Smartphone Orion 128GB;1;1747.57;Pix;Baixo
T004090;2026-04-30 03:59:00;Sudeste;Aplicativo;Informática;Notebook 15 Pro;1;3944.94;Crédito;Baixo
T004091;2026-03-26 07:46:00;Sul;Site;Áudio e Vídeo;Caixa Bluetooth;2;707.23;Crédito;Baixo
T004092;2026-05-24 01:54:00;Nordeste;Loja física;Informática;Notebook 14 Air;2;6145.64;Débito;Baixo
T004093;2026-07-31 18:40:00;Sudeste;Site;Games;Headset 7.1;2;897.63;Crédito;Baixo
T004094;2026-07-15 15:04:00;Sudeste;Aplicativo;Casa e Cozinha;Balança Digital Cozinha;1;94.18;Pix;Baixo
T004095;2026-01-16 11:40:00;Sudeste;Site;Áudio e Vídeo;Microfone USB;2;626.68;Débito;Baixo
T004096;2026-01-25 05:59:00;Nordeste;Site;Informática;Mouse Sem Fio;1;129.07;Pix;Baixo
T004097;2026-08-25 20:44:00;Sudeste;Aplicativo;Escritório;Organizador de Mesa;1;60.57;Crédito;Baixo
T004098;2026-02-09 01:46:00;Centro-Oeste;Marketplace;Informática;Notebook 15 Pro;1;3582.26;Débito;Médio
T004099;2026-04-24 02:17:00;Nordeste;Marketplace;Escritório;Cadeira Ergonômica;1;1055.84;Pix;Baixo
T004100;2026-04-18 16:00:00;Sudeste;Aplicativo;Informática;Hub USB-C 8 em 1;1;259.4;Pix;Baixo
T004101;2026-06-22 07:41:00;Sul;Loja física;Games;Volante Racing;2;2733.56;Crédito;Baixo
T004102;2026-07-05 01:57:00;Sudeste;Site;Escritório;Cadeira Ergonômica;6;6812.07;Crédito;Baixo
T004103;2026-05-06 07:13:00;Sul;Marketplace;Informática;Notebook 15 Pro;1;3918.27;Boleto;Alto
T004104;2026-04-03 13:34:00;Nordeste;Site;Casa e Cozinha;Sanduicheira Grill;1;188.45;Crédito;Baixo
T004105;2026-04-05 01:30:00;Nordeste;Aplicativo;Escritório;Organizador de Mesa;2;131.58;Débito;Baixo
T004106;2026-04-06 18:25:00;Nordeste;Marketplace;Celulares;Smartphone Vega 128GB;1;1300.21;Pix;Baixo
T004107;2026-01-28 21:54:00;Sudeste;Site;Games;Jogo Corrida Pro;2;540.32;Crédito;Baixo
T004108;2026-05-08 11:39:00;Sudeste;Marketplace;Casa e Cozinha;Cafeteira Programável;2;672.3;Pix;Baixo
T004109;2026-02-08 09:13:00;Centro-Oeste;Aplicativo;Escritório;Impressora Multifuncional;1;867.11;Crédito;Baixo
T004110;2026-04-26 17:00:00;Sudeste;Loja física;Áudio e Vídeo;Microfone USB;2;697.72;Pix;Baixo
T004111;2026-02-03 16:21:00;Norte;Site;Games;Controle Sem Fio;2;841.37;Crédito;Baixo
T004112;2026-01-15 19:39:00;Nordeste;Aplicativo;Celulares;Power Bank 20000mAh;2;410.06;Pix;Baixo
T004113;2026-04-25 19:53:00;Sul;Site;Escritório;Fragmentadora 10 folhas;1;736.22;Crédito;Baixo
T004114;2026-07-29 15:13:00;Sudeste;Aplicativo;Informática;Notebook 14 Air;2;6744.62;Pix;Baixo
T004115;2026-06-07 23:14:00;Sul;Site;Games;Cadeira Gamer;1;1100.19;Crédito;Baixo
T004116;2026-01-09 12:46:00;Centro-Oeste;Aplicativo;Escritório;Fragmentadora 10 folhas;1;599.26;Crédito;Baixo
T004117;2026-04-03 19:09:00;Sul;Loja física;Casa e Cozinha;Sanduicheira Grill;2;342.61;Crédito;Baixo
T004118;2026-06-19 12:17:00;Sudeste;Site;Casa e Cozinha;Panela Elétrica 5L;1;378.0;Crédito;Baixo
T004119;2026-03-27 08:55:00;Sudeste;Site;Escritório;Impressora Multifuncional;1;771.39;Crédito;Baixo
T004120;2026-01-12 18:44:00;Nordeste;Site;Casa e Cozinha;Kit Potes Herméticos;2;268.3;Pix;Baixo
T004121;2026-08-15 13:02:00;Norte;Site;Games;Jogo Corrida Pro;4;1121.29;Crédito;Baixo
T004122;2026-06-01 12:55:00;Sudeste;Aplicativo;Games;Controle Sem Fio;4;1420.63;Crédito;Baixo
T004123;2026-02-07 08:32:00;Nordeste;Aplicativo;Áudio e Vídeo;Microfone USB;2;614.4;Pix;Baixo
T004124;2026-01-03 07:18:00;Centro-Oeste;Aplicativo;Escritório;Mesa Escritório 120cm;3;2010.5;Crédito;Baixo
T004125;2026-06-01 07:24:00;Centro-Oeste;Aplicativo;Games;Volante Racing;1;1213.3;Crédito;Baixo
T004126;2026-05-05 01:13:00;Sudeste;Marketplace;Casa e Cozinha;Liquidificador 1200W;3;814.51;Crédito;Baixo
T004127;2026-04-10 22:38:00;Sudeste;Site;Informática;Mochila para Notebook;6;1067.52;Débito;Baixo
T004128;2026-07-11 14:28:00;Sul;Marketplace;Áudio e Vídeo;Smart TV 43 4K;1;1911.04;Crédito;Baixo
T004129;2026-05-08 14:37:00;Nordeste;Aplicativo;Casa e Cozinha;Balança Digital Cozinha;3;246.78;Pix;Baixo
T004130;2026-05-05 21:06:00;Sudeste;Site;Casa e Cozinha;Air Fryer 5L;1;523.1;Pix;Baixo
T004131;2026-03-15 12:46:00;Nordeste;Site;Áudio e Vídeo;Soundbar 2.1;1;690.65;Crédito;Baixo
T004132;2026-01-24 21:04:00;Sudeste;Site;Informática;Mochila para Notebook;4;702.27;Crédito;Baixo
T004133;2026-01-17 10:58:00;Nordeste;Site;Celulares;Smartphone Orion Pro 256GB;4;11852.61;Crédito;Médio
T004134;2026-02-17 09:19:00;Norte;Aplicativo;Informática;Hub USB-C 8 em 1;5;1291.17;Pix;Baixo
T004135;2026-03-12 14:00:00;Centro-Oeste;Marketplace;Casa e Cozinha;Cafeteira Programável;2;619.02;Débito;Baixo
T004136;2026-08-08 19:35:00;Nordeste;Loja física;Casa e Cozinha;Cafeteira Programável;2;615.18;Crédito;Baixo
T004137;2026-08-26 22:35:00;Sudeste;Loja física;Informática;Webcam Full HD;3;712.75;Pix;Baixo
T004138;2026-03-13 09:08:00;Norte;Aplicativo;Celulares;Smartphone Orion 128GB;6;9224.89;Pix;Médio
T004139;2026-03-11 15:29:00;Nordeste;Loja física;Casa e Cozinha;Cafeteira Programável;4;1206.09;Pix;Baixo
T004140;2026-04-16 02:45:00;Sudeste;Aplicativo;Áudio e Vídeo;Soundbar 2.1;3;2231.38;Pix;Baixo
T004141;2026-02-23 07:03:00;Norte;Site;Escritório;Luminária LED;3;442.42;Débito;Baixo
T004142;2026-06-29 15:09:00;Centro-Oeste;Site;Escritório;Cadeira Ergonômica;1;1036.46;Crédito;Baixo
T004143;2026-03-19 06:35:00;Sudeste;Aplicativo;Celulares;Power Bank 20000mAh;1;210.23;Pix;Baixo
T004144;2026-06-05 08:34:00;Sudeste;Aplicativo;Celulares;Carregador USB-C 30W;3;375.13;Débito;Baixo
T004145;2026-06-19 13:44:00;Norte;Site;Celulares;Power Bank 20000mAh;1;243.69;Boleto;Baixo
T004146;2026-07-09 14:30:00;Sul;Loja física;Games;Jogo Corrida Pro;1;264.96;Débito;Baixo
T004147;2026-04-05 01:38:00;Centro-Oeste;Aplicativo;Áudio e Vídeo;Projetor Full HD;2;3279.6;Débito;Baixo
T004148;2026-03-20 15:54:00;Nordeste;Site;Áudio e Vídeo;Suporte TV Articulado;3;452.77;Crédito;Baixo
T004149;2026-08-26 18:24:00;Sul;Aplicativo;Escritório;Papel A4 500 folhas;1;31.72;Débito;Baixo
T004150;2026-06-08 07:20:00;Sudeste;Loja física;Informática;Teclado Mecânico;2;616.14;Crédito;Baixo
T004151;2026-08-18 09:05:00;Norte;Aplicativo;Celulares;Fone Bluetooth;2;455.93;Pix;Baixo
T004152;2026-08-21 14:32:00;Sul;Loja física;Games;Volante Racing;1;1363.57;Crédito;Baixo
T004153;2026-07-14 15:58:00;Nordeste;Marketplace;Informática;Notebook 15 Pro;1;3960.93;Débito;Médio
T004154;2026-07-26 08:29:00;Sul;Site;Casa e Cozinha;Kit Potes Herméticos;3;340.91;Crédito;Baixo
T004155;2026-01-07 09:06:00;Norte;Site;Informática;SSD NVMe 1TB;1;515.05;Débito;Baixo
T004156;2026-01-05 20:54:00;Nordeste;Loja física;Celulares;Smartphone Vega Max 256GB;2;4263.32;Débito;Baixo
T004157;2026-06-18 10:20:00;Sudeste;Marketplace;Celulares;Capa Antichoque;1;71.09;Boleto;Médio
T004158;2026-03-01 08:07:00;Sudeste;Aplicativo;Informática;Hub USB-C 8 em 1;2;506.02;Débito;Baixo
T004159;2026-05-20 10:22:00;Sul;Marketplace;Celulares;Power Bank 20000mAh;1;242.84;Crédito;Baixo
T004160;2026-02-11 04:51:00;Sudeste;Loja física;Escritório;Papel A4 500 folhas;1;30.2;Crédito;Baixo
T004161;2026-03-17 17:40:00;Sudeste;Site;Celulares;Power Bank 20000mAh;1;214.38;Pix;Baixo
T004162;2026-06-10 06:23:00;Nordeste;Loja física;Celulares;Carregador USB-C 30W;1;111.37;Débito;Baixo
T004163;2026-02-12 08:54:00;Sudeste;Loja física;Celulares;Capa Antichoque;1;65.17;Crédito;Baixo
T004164;2026-01-10 23:34:00;Nordeste;Loja física;Games;Console NovaBox X;5;17903.11;Crédito;Médio
T004165;2026-06-28 15:21:00;Norte;Marketplace;Celulares;Capa Antichoque;2;131.38;Crédito;Baixo
T004166;2026-04-08 08:02:00;Sudeste;Loja física;Games;Headset 7.1;3;1251.6;Pix;Baixo
T004167;2026-06-27 06:06:00;Sudeste;Aplicativo;Informática;SSD NVMe 1TB;2;935.04;Pix;Baixo
T004168;2026-02-01 02:40:00;Sul;Site;Informática;Monitor 24 IPS;1;947.2;Crédito;Baixo
T004169;2026-06-09 04:49:00;Sudeste;Site;Escritório;Mesa Escritório 120cm;1;675.18;Crédito;Baixo
T004170;2026-05-27 05:34:00;Sudeste;Aplicativo;Games;Console NovaBox X;1;3772.27;Crédito;Baixo
T004171;2026-01-30 18:49:00;Sudeste;Aplicativo;Informática;Memória DDR4 16GB;3;830.21;Pix;Baixo
T004172;2026-05-23 20:32:00;Sudeste;Site;Celulares;Smartphone Orion Pro 256GB;4;11570.81;Pix;Médio
T004173;2026-03-10 09:02:00;Sul;Aplicativo;Informática;Mochila para Notebook;3;521.74;Crédito;Baixo
T004174;2026-03-15 08:04:00;Sul;Aplicativo;Casa e Cozinha;Air Fryer 5L;1;529.81;Pix;Baixo
T004175;2026-08-02 13:55:00;Centro-Oeste;Loja física;Casa e Cozinha;Aspirador Vertical;3;1702.51;Débito;Baixo
T004176;2026-02-13 20:37:00;Sudeste;Aplicativo;Casa e Cozinha;Jogo de Panelas 5 peças;1;442.35;Pix;Baixo
T004177;2026-02-12 07:20:00;Sudeste;Site;Games;Console NovaBox X;1;3737.71;Crédito;Baixo
T004178;2026-05-11 01:10:00;Sudeste;Loja física;Informática;Notebook 14 Air;1;3474.24;Crédito;Baixo
T004179;2026-05-06 04:03:00;Sudeste;Loja física;Informática;Mouse Sem Fio;1;134.81;Pix;Baixo
T004180;2026-04-07 06:31:00;Sudeste;Site;Celulares;Carregador USB-C 30W;1;112.8;Boleto;Baixo
T004181;2026-08-17 12:54:00;Sul;Loja física;Escritório;Impressora Multifuncional;1;902.66;Pix;Baixo
T004182;2026-03-22 07:23:00;Sul;Site;Escritório;Fragmentadora 10 folhas;6;4074.73;Pix;Baixo
T004183;2026-06-14 19:00:00;Sul;Site;Escritório;Papel A4 500 folhas;3;93.06;Crédito;Baixo
T004184;2026-04-18 01:02:00;Centro-Oeste;Aplicativo;Celulares;Smartphone Vega 128GB;2;2688.89;Crédito;Baixo
T004185;2026-05-11 21:16:00;Sudeste;Site;Informática;Webcam Full HD;1;206.4;Débito;Baixo
T004186;2026-01-21 20:54:00;Nordeste;Aplicativo;Escritório;Impressora Multifuncional;2;1609.92;Crédito;Baixo
T004187;2026-01-10 09:49:00;Centro-Oeste;Aplicativo;Casa e Cozinha;Jogo de Panelas 5 peças;1;372.05;Débito;Baixo
T004188;2026-02-24 08:43:00;Nordeste;Loja física;Casa e Cozinha;Sanduicheira Grill;2;320.21;Crédito;Baixo
T004189;2026-04-30 02:52:00;Sudeste;Site;Informática;Hub USB-C 8 em 1;1;285.53;Crédito;Baixo
T004190;2026-02-21 23:00:00;Sul;Marketplace;Games;Console NovaBox X;2;7525.38;Crédito;Alto
T004191;2026-01-12 03:32:00;Sudeste;Aplicativo;Informática;Memória DDR4 16GB;1;278.89;Pix;Baixo
T004192;2026-01-24 00:41:00;Sul;Site;Casa e Cozinha;Sanduicheira Grill;1;175.47;Boleto;Baixo
T004193;2026-02-28 12:50:00;Sul;Aplicativo;Escritório;Cadeira Ergonômica;2;2320.65;Pix;Baixo
T004194;2026-01-27 14:39:00;Sudeste;Loja física;Áudio e Vídeo;Projetor Full HD;1;1765.02;Crédito;Baixo
T004195;2026-04-30 08:01:00;Sudeste;Loja física;Games;Volante Racing;2;2469.09;Crédito;Baixo
T004196;2026-04-08 09:15:00;Sul;Aplicativo;Áudio e Vídeo;Headset Gamer;1;265.56;Crédito;Baixo
T004197;2026-05-16 17:10:00;Sudeste;Site;Casa e Cozinha;Sanduicheira Grill;5;777.48;Boleto;Baixo
T004198;2026-06-23 21:52:00;Sudeste;Loja física;Informática;Webcam Full HD;1;208.33;Crédito;Baixo
T004199;2026-04-21 17:01:00;Sudeste;Site;Games;Jogo Corrida Pro;2;565.16;Débito;Baixo
T004200;2026-08-12 08:02:00;Nordeste;Loja física;Casa e Cozinha;Sanduicheira Grill;1;153.94;Débito;Baixo
T004201;2026-02-22 01:23:00;Sul;Aplicativo;Celulares;Power Bank 20000mAh;6;1376.32;Crédito;Baixo
T004202;2026-07-21 13:27:00;Sudeste;Aplicativo;Escritório;Cadeira Ergonômica;2;2485.22;Débito;Baixo
T004203;2026-01-07 03:00:00;Norte;Marketplace;Casa e Cozinha;Aspirador Vertical;1;471.84;Débito;Baixo
T004204;2026-01-05 20:58:00;Norte;Loja física;Games;Jogo Aventura Lendária;1;297.97;Débito;Baixo
T004205;2026-07-24 16:23:00;Sudeste;Site;Casa e Cozinha;Panela Elétrica 5L;2;710.76;Pix;Baixo
T004206;2026-04-25 03:08:00;Centro-Oeste;Marketplace;Escritório;Mesa Escritório 120cm;2;1235.72;Crédito;Baixo
T004207;2026-04-14 03:36:00;Sudeste;Aplicativo;Casa e Cozinha;Aspirador Vertical;2;1057.06;Pix;Baixo
T004208;2026-02-15 05:51:00;Nordeste;Site;Escritório;Organizador de Mesa;1;62.79;Crédito;Baixo
T004209;2026-04-05 05:52:00;Sudeste;Site;Escritório;Luminária LED;1;141.34;Débito;Baixo
T004210;2026-08-26 13:12:00;Nordeste;Aplicativo;Informática;Notebook 14 Air;2;6514.94;Débito;Baixo
T004211;2026-07-17 05:39:00;Nordeste;Loja física;Informática;Mouse Sem Fio;6;732.59;Pix;Baixo
T004212;2026-07-25 13:57:00;Nordeste;Aplicativo;Informática;SSD NVMe 1TB;1;544.84;Pix;Baixo
T004213;2026-03-18 04:21:00;Sul;Site;Escritório;Suporte para Notebook;2;220.43;Débito;Baixo
T004214;2026-06-15 23:45:00;Nordeste;Loja física;Celulares;Smartphone Vega 128GB;1;1412.92;Crédito;Baixo
T004215;2026-03-12 07:29:00;Sul;Aplicativo;Escritório;Impressora Multifuncional;3;2389.46;Pix;Baixo
T004216;2026-08-17 10:23:00;Centro-Oeste;Marketplace;Informática;Notebook 15 Pro;2;7583.94;Crédito;Alto
T004217;2026-06-17 15:54:00;Sul;Site;Informática;Notebook 14 Air;2;6838.11;Débito;Baixo
T004218;2026-01-03 21:04:00;Nordeste;Marketplace;Escritório;Cadeira Ergonômica;5;5412.88;Crédito;Médio
T004219;2026-05-29 16:38:00;Centro-Oeste;Aplicativo;Celulares;Smartphone Vega Max 256GB;2;4249.15;Pix;Baixo
T004220;2026-07-19 14:17:00;Centro-Oeste;Aplicativo;Áudio e Vídeo;Projetor Full HD;2;3447.1;Pix;Baixo
T004221;2026-01-19 07:08:00;Nordeste;Marketplace;Escritório;Luminária LED;1;134.36;Débito;Baixo
T004222;2026-03-06 15:33:00;Nordeste;Aplicativo;Áudio e Vídeo;Smart TV 43 4K;1;2045.53;Crédito;Baixo
T004223;2026-07-01 00:38:00;Nordeste;Aplicativo;Áudio e Vídeo;Smart TV 55 4K;1;2958.58;Débito;Baixo
T004224;2026-04-15 03:59:00;Nordeste;Site;Celulares;Smartphone Orion Pro 256GB;2;5397.04;Pix;Baixo
T004225;2026-05-14 17:56:00;Sudeste;Loja física;Áudio e Vídeo;Projetor Full HD;1;1899.99;Boleto;Baixo
T004226;2026-06-06 02:04:00;Sudeste;Site;Games;Headset 7.1;3;1353.93;Pix;Baixo
T004227;2026-08-10 11:08:00;Sudeste;Aplicativo;Informática;SSD SATA 480GB;1;271.29;Crédito;Baixo
T004228;2026-05-03 11:46:00;Sudeste;Aplicativo;Games;Console NovaBox X;3;11958.32;Pix;Médio
T004229;2026-04-27 00:03:00;Nordeste;Site;Áudio e Vídeo;Headset Gamer;2;560.36;Crédito;Baixo
T004230;2026-03-27 11:49:00;Sudeste;Marketplace;Áudio e Vídeo;Soundbar 2.1;1;691.0;Crédito;Baixo
T004231;2026-06-19 21:18:00;Nordeste;Aplicativo;Informática;Teclado Mecânico;1;344.11;Crédito;Baixo
T004232;2026-06-05 06:54:00;Sudeste;Loja física;Casa e Cozinha;Air Fryer 5L;1;529.62;Débito;Baixo
T004233;2026-03-19 00:20:00;Sudeste;Site;Escritório;Luminária LED;1;138.03;Débito;Baixo
T004234;2026-04-09 05:21:00;Nordeste;Aplicativo;Áudio e Vídeo;Suporte TV Articulado;1;176.3;Crédito;Baixo
T004235;2026-01-17 17:34:00;Centro-Oeste;Aplicativo;Games;Jogo Aventura Lendária;1;326.38;Crédito;Baixo
T004236;2026-08-18 18:46:00;Sudeste;Site;Escritório;Fragmentadora 10 folhas;1;629.24;Pix;Baixo
T004237;2026-04-21 03:05:00;Sudeste;Aplicativo;Games;Console NovaBox X;3;10813.19;Crédito;Médio
T004238;2026-04-02 00:25:00;Sul;Site;Games;Console PlaySphere 5;4;16101.94;Débito;Médio
T004239;2026-02-10 02:23:00;Sudeste;Aplicativo;Casa e Cozinha;Jogo de Panelas 5 peças;1;391.71;Crédito;Baixo
T004240;2026-05-14 13:30:00;Sudeste;Site;Áudio e Vídeo;Suporte TV Articulado;1;148.04;Boleto;Baixo
T004241;2026-08-20 04:55:00;Sudeste;Loja física;Games;Cadeira Gamer;2;2008.77;Crédito;Baixo
T004242;2026-06-17 18:24:00;Nordeste;Site;Áudio e Vídeo;Projetor Full HD;1;1881.13;Boleto;Baixo
T004243;2026-08-06 03:09:00;Sudeste;Loja física;Informática;SSD NVMe 1TB;3;1598.0;Crédito;Baixo
T004244;2026-06-28 10:30:00;Centro-Oeste;Site;Escritório;Organizador de Mesa;1;60.41;Pix;Baixo
T004245;2026-08-23 10:22:00;Sudeste;Site;Casa e Cozinha;Cafeteira Programável;1;332.49;Pix;Baixo
T004246;2026-07-12 08:00:00;Centro-Oeste;Loja física;Celulares;Fone Bluetooth;2;510.53;Pix;Baixo
T004247;2026-05-17 22:22:00;Sudeste;Site;Casa e Cozinha;Kit Potes Herméticos;1;122.72;Débito;Baixo
T004248;2026-04-07 07:14:00;Sul;Aplicativo;Informática;Monitor 24 IPS;3;2698.55;Pix;Baixo
T004249;2026-02-16 05:05:00;Nordeste;Loja física;Informática;Teclado Mecânico;1;363.94;Débito;Baixo
T004250;2026-04-13 07:59:00;Sudeste;Loja física;Áudio e Vídeo;Headset Gamer;1;289.77;Crédito;Baixo
T004251;2026-06-25 22:10:00;Sul;Site;Celulares;Carregador USB-C 30W;6;672.46;Crédito;Baixo
T004252;2026-03-11 16:38:00;Sudeste;Aplicativo;Áudio e Vídeo;Soundbar 2.1;3;2338.32;Pix;Baixo
T004253;2026-03-07 16:00:00;Sudeste;Site;Informática;Webcam Full HD;1;253.4;Crédito;Baixo
T004254;2026-06-22 10:40:00;Centro-Oeste;Loja física;Áudio e Vídeo;Suporte TV Articulado;1;165.31;Débito;Baixo
T004255;2026-07-26 08:09:00;Sul;Site;Informática;Teclado Mecânico;1;363.47;Crédito;Baixo
T004256;2026-01-23 09:02:00;Sudeste;Aplicativo;Casa e Cozinha;Jogo de Panelas 5 peças;2;753.67;Pix;Baixo
T004257;2026-06-26 14:17:00;Nordeste;Site;Informática;SSD NVMe 1TB;2;1013.13;Crédito;Baixo
T004258;2026-03-19 03:40:00;Sudeste;Aplicativo;Games;Jogo Corrida Pro;5;1542.84;Débito;Baixo
T004259;2026-08-30 06:25:00;Sudeste;Aplicativo;Games;Console PlaySphere 5;6;24194.25;Débito;Médio
T004260;2026-06-10 18:11:00;Sudeste;Aplicativo;Casa e Cozinha;Jogo de Panelas 5 peças;4;1675.43;Crédito;Baixo
T004261;2026-02-24 13:41:00;Sul;Aplicativo;Celulares;Power Bank 20000mAh;1;231.74;Crédito;Baixo
T004262;2026-01-24 19:22:00;Nordeste;Aplicativo;Informática;SSD NVMe 1TB;4;1857.26;Pix;Baixo
T004263;2026-05-07 15:54:00;Sudeste;Loja física;Escritório;Suporte para Notebook;1;106.01;Débito;Baixo
T004264;2026-01-21 07:36:00;Sudeste;Site;Games;Headset 7.1;2;864.65;Crédito;Baixo
T004265;2026-02-15 09:20:00;Centro-Oeste;Site;Escritório;Luminária LED;1;124.45;Crédito;Baixo
T004266;2026-02-22 15:53:00;Nordeste;Aplicativo;Informática;Notebook 14 Air;4;12276.59;Pix;Médio
T004267;2026-03-12 22:17:00;Nordeste;Site;Áudio e Vídeo;Projetor Full HD;2;3934.51;Pix;Baixo
T004268;2026-03-08 23:08:00;Sul;Aplicativo;Celulares;Smartphone Orion Pro 256GB;1;2710.76;Crédito;Baixo
T004269;2026-03-23 16:09:00;Sudeste;Loja física;Games;Console NovaBox X;2;7416.35;Débito;Médio
T004270;2026-01-20 13:44:00;Sudeste;Loja física;Casa e Cozinha;Aspirador Vertical;3;1465.62;Boleto;Baixo
T004271;2026-08-09 13:41:00;Sudeste;Aplicativo;Casa e Cozinha;Panela Elétrica 5L;1;394.09;Crédito;Baixo
T004272;2026-02-09 10:39:00;Nordeste;Aplicativo;Áudio e Vídeo;Microfone USB;1;342.36;Débito;Baixo
T004273;2026-07-09 01:30:00;Sul;Loja física;Informática;Webcam Full HD;2;495.1;Crédito;Baixo
T004274;2026-07-02 06:13:00;Sul;Site;Casa e Cozinha;Aspirador Vertical;3;1621.01;Crédito;Baixo
T004275;2026-06-03 01:31:00;Sul;Aplicativo;Casa e Cozinha;Kit Potes Herméticos;3;355.72;Débito;Baixo
T004276;2026-04-06 23:38:00;Sudeste;Site;Escritório;Organizador de Mesa;1;66.77;Pix;Baixo
T004277;2026-08-16 22:21:00;Nordeste;Loja física;Informática;Monitor 27 QHD;1;1677.31;Débito;Baixo
T004278;2026-08-24 01:07:00;Norte;Loja física;Áudio e Vídeo;Smart TV 43 4K;1;2319.24;Boleto;Baixo
T004279;2026-07-11 00:31:00;Sudeste;Loja física;Casa e Cozinha;Jogo de Panelas 5 peças;4;1487.99;Crédito;Baixo
T004280;2026-01-05 13:20:00;Centro-Oeste;Loja física;Celulares;Carregador USB-C 30W;5;600.92;Débito;Baixo
T004281;2026-05-06 14:29:00;Centro-Oeste;Loja física;Áudio e Vídeo;Suporte TV Articulado;4;592.72;Débito;Baixo
T004282;2026-05-28 13:32:00;Sul;Aplicativo;Áudio e Vídeo;Projetor Full HD;1;1635.11;Crédito;Baixo
T004283;2026-03-14 08:50:00;Sudeste;Site;Games;Volante Racing;3;3872.93;Crédito;Baixo
T004284;2026-02-15 21:30:00;Nordeste;Site;Informática;Mouse Sem Fio;1;131.59;Débito;Baixo
T004285;2026-08-30 05:23:00;Nordeste;Loja física;Casa e Cozinha;Aspirador Vertical;5;2627.03;Boleto;Baixo
T004286;2026-02-23 23:52:00;Sudeste;Site;Áudio e Vídeo;Headset Gamer;3;878.46;Débito;Baixo
T004287;2026-01-22 08:00:00;Nordeste;Aplicativo;Escritório;Mesa Escritório 120cm;1;632.19;Crédito;Baixo
T004288;2026-08-06 20:33:00;Sul;Aplicativo;Casa e Cozinha;Kit Potes Herméticos;1;127.97;Crédito;Baixo
T004289;2026-02-26 10:37:00;Norte;Site;Casa e Cozinha;Balança Digital Cozinha;1;79.9;Pix;Baixo
T004290;2026-05-21 21:41:00;Norte;Aplicativo;Áudio e Vídeo;Projetor Full HD;4;6799.87;Pix;Baixo
T004291;2026-08-07 08:53:00;Sudeste;Loja física;Escritório;Cadeira Ergonômica;1;1161.14;Boleto;Baixo
T004292;2026-08-26 20:40:00;Sudeste;Aplicativo;Celulares;Smartphone Orion Pro 256GB;2;5522.24;Crédito;Baixo
T004293;2026-04-08 22:39:00;Sudeste;Site;Áudio e Vídeo;Suporte TV Articulado;2;352.65;Débito;Baixo
T004294;2026-06-04 19:00:00;Nordeste;Site;Áudio e Vídeo;Headset Gamer;2;584.69;Débito;Baixo
T004295;2026-03-22 21:18:00;Sul;Marketplace;Áudio e Vídeo;Projetor Full HD;3;5940.6;Crédito;Médio
T004296;2026-03-16 09:25:00;Sudeste;Loja física;Informática;Monitor 27 QHD;2;2723.51;Crédito;Baixo
T004297;2026-02-17 07:29:00;Sul;Aplicativo;Games;Console PlaySphere 5;1;4462.35;Pix;Baixo
T004298;2026-06-27 22:54:00;Nordeste;Aplicativo;Informática;Webcam Full HD;1;247.83;Pix;Baixo
T004299;2026-01-27 08:31:00;Sul;Marketplace;Celulares;Smartphone Vega 128GB;1;1451.79;Pix;Baixo
T004300;2026-07-15 04:32:00;Sudeste;Loja física;Casa e Cozinha;Aspirador Vertical;1;495.25;Pix;Baixo
T004301;2026-07-10 02:32:00;Sul;Aplicativo;Áudio e Vídeo;Smart TV 55 4K;1;3017.67;Crédito;Baixo
T004302;2026-07-16 04:28:00;Nordeste;Aplicativo;Informática;Monitor 27 QHD;1;1673.22;Crédito;Baixo
T004303;2026-05-21 04:28:00;Sudeste;Aplicativo;Games;Jogo Corrida Pro;3;883.38;Crédito;Baixo
T004304;2026-01-19 21:59:00;Centro-Oeste;Site;Informática;Mouse Sem Fio;3;402.68;Crédito;Baixo
T004305;2026-03-10 11:36:00;Centro-Oeste;Site;Informática;Monitor 27 QHD;1;1620.38;Pix;Baixo
T004306;2026-03-21 06:34:00;Nordeste;Site;Casa e Cozinha;Liquidificador 1200W;1;258.33;Crédito;Baixo
T004307;2026-05-09 21:35:00;Nordeste;Loja física;Informática;SSD NVMe 1TB;2;984.83;Pix;Baixo
T004308;2026-08-01 04:06:00;Norte;Site;Casa e Cozinha;Liquidificador 1200W;3;741.1;Crédito;Baixo
T004309;2026-04-26 09:22:00;Norte;Marketplace;Áudio e Vídeo;Headset Gamer;1;262.67;Pix;Baixo
T004310;2026-08-12 22:36:00;Nordeste;Site;Informática;SSD SATA 480GB;1;276.18;Crédito;Baixo
T004311;2026-08-15 22:59:00;Sudeste;Aplicativo;Informática;Notebook 15 Pro;1;3884.35;Crédito;Baixo
T004312;2026-03-22 20:35:00;Nordeste;Aplicativo;Áudio e Vídeo;Headset Gamer;1;277.66;Boleto;Baixo
T004313;2026-08-31 03:46:00;Sudeste;Loja física;Áudio e Vídeo;Smart TV 55 4K;2;6622.54;Crédito;Baixo
T004314;2026-04-24 05:23:00;Centro-Oeste;Site;Informática;Webcam Full HD;1;227.1;Pix;Baixo
T004315;2026-03-25 07:07:00;Sudeste;Site;Áudio e Vídeo;Smart TV 55 4K;1;2832.77;Débito;Baixo
T004316;2026-04-30 03:16:00;Sul;Aplicativo;Áudio e Vídeo;Caixa Bluetooth;4;1666.5;Pix;Baixo
T004317;2026-05-11 23:57:00;Sul;Site;Celulares;Película 3D;1;41.55;Débito;Baixo
T004318;2026-08-05 04:42:00;Sul;Aplicativo;Celulares;Smartphone Orion 128GB;1;1702.35;Débito;Baixo
T004319;2026-04-07 21:29:00;Sul;Aplicativo;Celulares;Capa Antichoque;3;185.35;Pix;Baixo
T004320;2026-04-07 21:42:00;Sudeste;Aplicativo;Casa e Cozinha;Air Fryer 5L;1;469.98;Crédito;Baixo
T004321;2026-04-19 06:49:00;Sudeste;Site;Informática;Memória DDR4 16GB;1;266.03;Pix;Baixo
T004322;2026-03-01 07:12:00;Sudeste;Aplicativo;Games;Jogo Corrida Pro;4;1123.87;Débito;Baixo
T004323;2026-01-29 03:33:00;Sudeste;Site;Games;Volante Racing;2;2695.89;Débito;Baixo
T004324;2026-02-22 15:50:00;Nordeste;Site;Áudio e Vídeo;Microfone USB;2;724.87;Crédito;Baixo
T004325;2026-06-30 00:00:00;Norte;Aplicativo;Informática;Webcam Full HD;1;210.59;Débito;Baixo
T004326;2026-08-18 08:27:00;Sudeste;Aplicativo;Celulares;Smartphone Vega 128GB;1;1409.83;Crédito;Baixo
T004327;2026-03-28 10:07:00;Sudeste;Loja física;Áudio e Vídeo;Soundbar 2.1;1;682.69;Crédito;Baixo
T004328;2026-01-01 19:31:00;Nordeste;Aplicativo;Celulares;Smartphone Vega 128GB;3;4503.41;Pix;Baixo
T004329;2026-06-14 15:25:00;Sul;Loja física;Games;Jogo Corrida Pro;3;792.21;Crédito;Baixo
T004330;2026-06-18 15:04:00;Nordeste;Aplicativo;Áudio e Vídeo;Projetor Full HD;1;1630.35;Débito;Baixo
T004331;2026-07-24 21:31:00;Nordeste;Site;Games;Console NovaBox X;1;3726.62;Crédito;Baixo
T004332;2026-01-10 04:46:00;Sul;Loja física;Escritório;Mesa Escritório 120cm;3;1682.23;Pix;Baixo
T004333;2026-08-10 11:28:00;Sul;Loja física;Casa e Cozinha;Kit Potes Herméticos;2;264.42;Crédito;Baixo
T004334;2026-01-17 07:56:00;Nordeste;Marketplace;Informática;Notebook 15 Pro;1;3691.03;Pix;Médio
T004335;2026-07-28 01:07:00;Sudeste;Aplicativo;Celulares;Fone Bluetooth;1;220.49;Pix;Baixo
T004336;2026-04-08 11:02:00;Sul;Site;Áudio e Vídeo;Microfone USB;2;735.29;Crédito;Baixo
T004337;2026-02-05 04:26:00;Sudeste;Aplicativo;Escritório;Fragmentadora 10 folhas;3;1926.19;Boleto;Baixo
T004338;2026-07-03 21:17:00;Nordeste;Loja física;Áudio e Vídeo;Microfone USB;5;1669.47;Crédito;Baixo
T004339;2026-01-03 16:53:00;Sul;Aplicativo;Áudio e Vídeo;Projetor Full HD;1;1678.12;Pix;Baixo
T004340;2026-07-27 20:02:00;Sudeste;Site;Casa e Cozinha;Jogo de Panelas 5 peças;1;433.96;Pix;Baixo
T004341;2026-05-10 07:36:00;Sul;Aplicativo;Informática;SSD NVMe 1TB;1;461.63;Crédito;Baixo
T004342;2026-07-02 03:29:00;Sul;Site;Informática;Teclado Mecânico;1;361.38;Débito;Baixo
T004343;2026-03-07 19:20:00;Sudeste;Site;Áudio e Vídeo;Soundbar 2.1;1;810.41;Crédito;Baixo
T004344;2026-03-20 04:33:00;Nordeste;Site;Celulares;Smartphone Vega 128GB;1;1508.43;Débito;Baixo
T004345;2026-03-12 01:08:00;Nordeste;Site;Escritório;Organizador de Mesa;4;277.78;Pix;Baixo
T004346;2026-08-26 03:38:00;Sudeste;Aplicativo;Informática;Notebook 15 Pro;1;3635.65;Crédito;Baixo
T004347;2026-08-24 13:15:00;Norte;Marketplace;Áudio e Vídeo;Suporte TV Articulado;4;674.69;Pix;Baixo
T004348;2026-05-08 16:03:00;Sudeste;Site;Casa e Cozinha;Air Fryer 5L;1;450.31;Crédito;Baixo
T004349;2026-06-04 05:35:00;Sudeste;Loja física;Áudio e Vídeo;Soundbar 2.1;1;778.83;Pix;Baixo
T004350;2026-07-15 09:39:00;Sul;Aplicativo;Informática;SSD SATA 480GB;2;515.66;Pix;Baixo
T004351;2026-08-29 02:06:00;Centro-Oeste;Aplicativo;Games;Jogo Aventura Lendária;1;329.78;Débito;Baixo
T004352;2026-02-14 08:45:00;Sul;Loja física;Escritório;Luminária LED;1;134.07;Crédito;Baixo
T004353;2026-01-21 18:19:00;Sul;Site;Games;Jogo Aventura Lendária;2;650.69;Pix;Baixo
T004354;2026-04-28 20:39:00;Sudeste;Loja física;Informática;SSD SATA 480GB;2;462.76;Crédito;Baixo
T004355;2026-03-13 04:13:00;Nordeste;Marketplace;Áudio e Vídeo;Microfone USB;2;762.52;Pix;Baixo
T004356;2026-07-12 04:28:00;Sudeste;Site;Informática;Notebook 15 Pro;3;12245.87;Débito;Médio
T004357;2026-04-21 06:08:00;Sul;Loja física;Escritório;Impressora Multifuncional;1;874.97;Pix;Baixo
T004358;2026-01-15 18:57:00;Centro-Oeste;Site;Informática;Mochila para Notebook;5;826.63;Crédito;Baixo
T004359;2026-04-17 11:03:00;Centro-Oeste;Site;Casa e Cozinha;Balança Digital Cozinha;1;89.71;Pix;Baixo
T004360;2026-04-11 21:11:00;Nordeste;Site;Casa e Cozinha;Air Fryer 5L;1;489.16;Pix;Baixo
T004361;2026-04-24 06:33:00;Centro-Oeste;Marketplace;Games;Headset 7.1;1;437.03;Débito;Baixo
T004362;2026-01-19 01:57:00;Nordeste;Loja física;Escritório;Organizador de Mesa;1;65.68;Débito;Baixo
T004363;2026-01-14 21:42:00;Nordeste;Aplicativo;Escritório;Cadeira Ergonômica;1;1124.36;Crédito;Baixo
T004364;2026-04-03 22:51:00;Sudeste;Aplicativo;Informática;Webcam Full HD;3;704.91;Pix;Baixo
T004365;2026-05-15 23:26:00;Sudeste;Aplicativo;Escritório;Luminária LED;2;241.43;Pix;Baixo
T004366;2026-03-24 22:20:00;Sudeste;Aplicativo;Áudio e Vídeo;Caixa Bluetooth;5;1996.49;Boleto;Baixo
T004367;2026-05-01 17:48:00;Sudeste;Marketplace;Informática;SSD SATA 480GB;3;742.53;Crédito;Baixo
T004368;2026-04-29 07:06:00;Centro-Oeste;Site;Informática;Webcam Full HD;3;686.38;Crédito;Baixo
T004369;2026-08-14 04:27:00;Sudeste;Aplicativo;Áudio e Vídeo;Caixa Bluetooth;2;842.8;Crédito;Baixo
T004370;2026-05-15 09:30:00;Centro-Oeste;Aplicativo;Games;Volante Racing;5;6146.89;Boleto;Médio
T004371;2026-08-03 15:45:00;Sudeste;Site;Casa e Cozinha;Cafeteira Programável;1;286.53;Crédito;Baixo
T004372;2026-04-15 00:01:00;Nordeste;Loja física;Games;Jogo Aventura Lendária;2;664.61;Pix;Baixo
T004373;2026-08-23 04:55:00;Sudeste;Marketplace;Informática;Webcam Full HD;2;506.54;Crédito;Baixo
T004374;2026-01-30 14:22:00;Sudeste;Aplicativo;Áudio e Vídeo;Smart TV 43 4K;6;11403.15;Crédito;Médio
T004375;2026-05-21 18:03:00;Sudeste;Loja física;Games;Controle Sem Fio;5;1831.18;Débito;Baixo
T004376;2026-07-19 23:09:00;Sul;Site;Casa e Cozinha;Kit Potes Herméticos;1;121.8;Crédito;Baixo
T004377;2026-03-27 15:13:00;Sul;Site;Informática;Mouse Sem Fio;5;581.87;Pix;Baixo
T004378;2026-07-02 03:51:00;Nordeste;Aplicativo;Informática;Monitor 24 IPS;1;919.14;Pix;Baixo
T004379;2026-01-17 12:45:00;Centro-Oeste;Site;Informática;Monitor 27 QHD;1;1474.51;Crédito;Baixo
T004380;2026-08-04 01:06:00;Sul;Aplicativo;Escritório;Cadeira Ergonômica;2;2096.54;Crédito;Baixo
T004381;2026-03-16 11:43:00;Norte;Loja física;Casa e Cozinha;Aspirador Vertical;1;496.56;Pix;Baixo
T004382;2026-03-30 09:56:00;Centro-Oeste;Site;Casa e Cozinha;Balança Digital Cozinha;1;77.53;Crédito;Baixo
T004383;2026-02-28 18:39:00;Nordeste;Site;Celulares;Película 3D;2;75.42;Crédito;Baixo
T004384;2026-05-16 13:03:00;Sudeste;Site;Informática;Notebook 14 Air;2;6589.38;Pix;Baixo
T004385;2026-08-11 02:11:00;Nordeste;Site;Áudio e Vídeo;Soundbar 2.1;4;2976.53;Boleto;Baixo
T004386;2026-06-30 01:11:00;Nordeste;Site;Games;Headset 7.1;3;1429.61;Débito;Baixo
T004387;2026-07-01 01:49:00;Norte;Loja física;Informática;Webcam Full HD;2;492.96;Pix;Baixo
T004388;2026-02-09 21:05:00;Sul;Site;Games;Jogo Aventura Lendária;1;309.14;Pix;Baixo
T004389;2026-01-18 12:04:00;Nordeste;Site;Celulares;Película 3D;3;118.93;Pix;Baixo
T004390;2026-08-14 03:07:00;Sudeste;Aplicativo;Celulares;Película 3D;2;70.74;Pix;Baixo
T004391;2026-04-08 10:30:00;Sudeste;Loja física;Áudio e Vídeo;Soundbar 2.1;2;1648.27;Pix;Baixo
T004392;2026-04-02 15:41:00;Sudeste;Loja física;Informática;SSD NVMe 1TB;2;1103.77;Débito;Baixo
T004393;2026-03-27 02:56:00;Sul;Aplicativo;Celulares;Smartphone Orion 128GB;1;1859.39;Crédito;Baixo
T004394;2026-07-23 22:52:00;Sudeste;Aplicativo;Casa e Cozinha;Jogo de Panelas 5 peças;1;398.42;Crédito;Baixo
T004395;2026-08-18 18:39:00;Nordeste;Loja física;Casa e Cozinha;Air Fryer 5L;4;1938.67;Crédito;Baixo
T004396;2026-03-17 23:25:00;Nordeste;Site;Games;Jogo Aventura Lendária;2;735.16;Crédito;Baixo
T004397;2026-05-16 02:15:00;Nordeste;Site;Áudio e Vídeo;Caixa Bluetooth;3;1231.65;Pix;Baixo
T004398;2026-06-04 23:04:00;Norte;Aplicativo;Áudio e Vídeo;Caixa Bluetooth;1;417.2;Débito;Baixo
T004399;2026-01-02 06:09:00;Sul;Aplicativo;Informática;Monitor 24 IPS;3;2582.51;Crédito;Baixo
T004400;2026-08-08 22:00:00;Sudeste;Site;Casa e Cozinha;Kit Potes Herméticos;2;273.38;Pix;Baixo
T004401;2026-03-31 15:11:00;Sudeste;Site;Escritório;Organizador de Mesa;3;185.69;Boleto;Baixo
T004402;2026-04-11 11:25:00;Sudeste;Marketplace;Casa e Cozinha;Air Fryer 5L;1;492.25;Pix;Baixo
T004403;2026-02-07 06:23:00;Sudeste;Marketplace;Informática;SSD SATA 480GB;1;238.37;Débito;Baixo
T004404;2026-08-04 21:22:00;Sudeste;Aplicativo;Celulares;Power Bank 20000mAh;2;438.08;Pix;Baixo
T004405;2026-04-24 09:18:00;Nordeste;Aplicativo;Escritório;Mesa Escritório 120cm;6;3619.58;Pix;Baixo
T004406;2026-08-11 07:07:00;Sudeste;Loja física;Casa e Cozinha;Kit Potes Herméticos;2;262.35;Pix;Baixo
T004407;2026-04-07 01:57:00;Sudeste;Site;Celulares;Carregador USB-C 30W;1;125.58;Crédito;Baixo
T004408;2026-02-24 00:14:00;Sul;Aplicativo;Escritório;Suporte para Notebook;1;101.4;Crédito;Baixo
T004409;2026-06-24 17:19:00;Sul;Site;Casa e Cozinha;Jogo de Panelas 5 peças;3;1218.46;Pix;Baixo
T004410;2026-07-17 01:07:00;Centro-Oeste;Loja física;Games;Controle Sem Fio;1;354.88;Pix;Baixo
T004411;2026-03-26 13:58:00;Nordeste;Site;Áudio e Vídeo;Headset Gamer;1;300.36;Boleto;Baixo
T004412;2026-07-19 06:48:00;Sudeste;Site;Games;Jogo Aventura Lendária;2;648.94;Pix;Baixo
T004413;2026-04-30 07:48:00;Sudeste;Site;Casa e Cozinha;Jogo de Panelas 5 peças;1;455.5;Débito;Baixo
T004414;2026-05-13 06:49:00;Sudeste;Site;Casa e Cozinha;Cafeteira Programável;1;311.95;Débito;Baixo
T004415;2026-04-28 14:47:00;Sudeste;Aplicativo;Games;Console NovaBox X;1;4235.34;Pix;Baixo
T004416;2026-03-18 13:30:00;Nordeste;Loja física;Celulares;Película 3D;1;36.77;Crédito;Baixo
T004417;2026-08-26 02:50:00;Sul;Aplicativo;Informática;Hub USB-C 8 em 1;4;1088.24;Débito;Baixo
T004418;2026-02-17 15:44:00;Centro-Oeste;Loja física;Casa e Cozinha;Air Fryer 5L;1;450.75;Pix;Baixo
T004419;2026-07-29 17:41:00;Sudeste;Site;Informática;Webcam Full HD;1;225.05;Pix;Baixo
T004420;2026-04-20 22:15:00;Sul;Site;Casa e Cozinha;Panela Elétrica 5L;1;405.96;Crédito;Baixo
T004421;2026-03-04 17:17:00;Sudeste;Marketplace;Casa e Cozinha;Liquidificador 1200W;1;281.78;Débito;Baixo
T004422;2026-03-06 00:15:00;Centro-Oeste;Loja física;Games;Cadeira Gamer;1;1136.67;Crédito;Baixo
T004423;2026-07-23 14:26:00;Sul;Site;Celulares;Smartphone Orion Pro 256GB;2;5255.14;Crédito;Baixo
T004424;2026-08-27 16:27:00;Sudeste;Site;Casa e Cozinha;Liquidificador 1200W;3;776.59;Pix;Baixo
T004425;2026-05-06 22:42:00;Centro-Oeste;Aplicativo;Casa e Cozinha;Panela Elétrica 5L;1;353.46;Crédito;Baixo
T004426;2026-08-08 23:02:00;Sudeste;Site;Áudio e Vídeo;Soundbar 2.1;1;700.09;Pix;Baixo
T004427;2026-04-22 09:39:00;Nordeste;Loja física;Games;Console NovaBox X;3;11049.89;Pix;Médio
T004428;2026-08-04 00:31:00;Nordeste;Site;Áudio e Vídeo;Smart TV 43 4K;3;5829.7;Pix;Baixo
T004429;2026-05-22 12:47:00;Sudeste;Site;Informática;Notebook 15 Pro;4;14556.81;Crédito;Médio
T004430;2026-04-30 08:38:00;Nordeste;Site;Áudio e Vídeo;Smart TV 55 4K;1;3361.08;Pix;Baixo
T004431;2026-06-25 14:25:00;Sudeste;Site;Áudio e Vídeo;Microfone USB;1;376.0;Crédito;Baixo
T004432;2026-08-01 09:24:00;Sudeste;Aplicativo;Informática;Memória DDR4 16GB;1;265.21;Crédito;Baixo
T004433;2026-02-26 11:15:00;Centro-Oeste;Loja física;Celulares;Smartphone Vega 128GB;1;1295.77;Crédito;Baixo
T004434;2026-07-29 00:04:00;Norte;Aplicativo;Informática;Monitor 27 QHD;3;4969.38;Pix;Baixo
T004435;2026-07-14 11:25:00;Norte;Aplicativo;Games;Jogo Aventura Lendária;4;1328.32;Crédito;Baixo
T004436;2026-01-16 15:59:00;Norte;Loja física;Informática;Mouse Sem Fio;1;133.37;Crédito;Baixo
T004437;2026-07-13 00:23:00;Sudeste;Aplicativo;Informática;Notebook 14 Air;1;3234.25;Crédito;Baixo
T004438;2026-05-23 01:00:00;Nordeste;Site;Celulares;Power Bank 20000mAh;4;807.63;Boleto;Baixo
T004439;2026-07-08 07:09:00;Sudeste;Marketplace;Casa e Cozinha;Cafeteira Programável;1;313.67;Crédito;Baixo
T004440;2026-06-18 09:20:00;Sudeste;Aplicativo;Games;Jogo Corrida Pro;1;261.16;Pix;Baixo
T004441;2026-04-01 12:26:00;Centro-Oeste;Site;Games;Volante Racing;1;1283.03;Débito;Baixo
T004442;2026-01-09 10:01:00;Sudeste;Loja física;Informática;Notebook 14 Air;1;3373.0;Crédito;Baixo
T004443;2026-01-11 07:43:00;Nordeste;Aplicativo;Casa e Cozinha;Panela Elétrica 5L;2;733.72;Pix;Baixo
T004444;2026-02-20 12:34:00;Nordeste;Aplicativo;Informática;Memória DDR4 16GB;1;303.5;Pix;Baixo
T004445;2026-07-10 00:56:00;Centro-Oeste;Loja física;Casa e Cozinha;Jogo de Panelas 5 peças;4;1653.94;Débito;Baixo
T004446;2026-08-26 13:56:00;Sudeste;Site;Celulares;Smartphone Vega Max 256GB;1;2109.54;Pix;Baixo
T004447;2026-05-08 04:52:00;Nordeste;Aplicativo;Escritório;Suporte para Notebook;1;100.94;Pix;Baixo
T004448;2026-02-09 01:26:00;Sul;Site;Informática;Webcam Full HD;1;244.38;Pix;Baixo
T004449;2026-01-15 03:37:00;Centro-Oeste;Site;Games;Volante Racing;1;1338.07;Crédito;Baixo
T004450;2026-03-26 14:52:00;Sudeste;Aplicativo;Escritório;Organizador de Mesa;1;71.52;Crédito;Baixo
T004451;2026-08-08 03:05:00;Nordeste;Loja física;Informática;Mochila para Notebook;2;330.48;Pix;Baixo
T004452;2026-06-21 18:18:00;Sudeste;Loja física;Informática;Notebook 15 Pro;1;3914.27;Crédito;Baixo
T004453;2026-06-02 00:34:00;Centro-Oeste;Loja física;Celulares;Smartphone Orion Pro 256GB;1;2998.24;Boleto;Baixo
T004454;2026-08-25 12:44:00;Sudeste;Site;Escritório;Cadeira Ergonômica;1;1038.3;Débito;Baixo
T004455;2026-04-27 19:12:00;Sudeste;Loja física;Celulares;Carregador USB-C 30W;4;435.9;Pix;Baixo
T004456;2026-08-17 20:47:00;Sudeste;Site;Celulares;Película 3D;1;36.84;Pix;Baixo
T004457;2026-05-20 14:49:00;Norte;Aplicativo;Celulares;Carregador USB-C 30W;1;108.39;Crédito;Baixo
T004458;2026-01-04 14:54:00;Sudeste;Loja física;Áudio e Vídeo;Caixa Bluetooth;2;715.12;Boleto;Baixo
T004459;2026-01-17 00:15:00;Norte;Loja física;Escritório;Fragmentadora 10 folhas;4;2891.04;Débito;Baixo
T004460;2026-01-11 19:10:00;Nordeste;Loja física;Escritório;Impressora Multifuncional;1;874.76;Crédito;Baixo
T004461;2026-02-10 03:37:00;Nordeste;Aplicativo;Casa e Cozinha;Kit Potes Herméticos;3;372.7;Débito;Baixo
T004462;2026-01-12 23:14:00;Sudeste;Aplicativo;Celulares;Smartphone Vega 128GB;2;2653.3;Crédito;Baixo
T004463;2026-04-29 02:12:00;Sul;Aplicativo;Áudio e Vídeo;Headset Gamer;1;299.14;Crédito;Baixo
T004464;2026-04-13 16:04:00;Nordeste;Aplicativo;Games;Controle Sem Fio;2;785.76;Crédito;Baixo
T004465;2026-03-05 17:15:00;Sudeste;Marketplace;Informática;Hub USB-C 8 em 1;1;288.95;Pix;Baixo
T004466;2026-07-08 05:30:00;Sudeste;Aplicativo;Áudio e Vídeo;Caixa Bluetooth;1;393.99;Pix;Baixo
T004467;2026-02-07 22:29:00;Sudeste;Site;Games;Volante Racing;1;1173.83;Crédito;Baixo
T004468;2026-05-28 14:37:00;Nordeste;Aplicativo;Celulares;Capa Antichoque;2;131.82;Crédito;Baixo
T004469;2026-07-27 19:16:00;Sudeste;Aplicativo;Celulares;Smartphone Vega 128GB;6;8342.1;Crédito;Médio
T004470;2026-04-14 14:38:00;Sudeste;Site;Games;Jogo Corrida Pro;1;283.14;Pix;Baixo
T004471;2026-07-26 14:34:00;Sul;Aplicativo;Áudio e Vídeo;Soundbar 2.1;5;4090.76;Pix;Baixo
T004472;2026-08-02 05:22:00;Sul;Loja física;Celulares;Smartphone Vega Max 256GB;2;4115.77;Crédito;Baixo
T004473;2026-03-04 21:10:00;Sudeste;Site;Áudio e Vídeo;Projetor Full HD;1;1857.74;Crédito;Baixo
T004474;2026-02-09 20:37:00;Nordeste;Aplicativo;Escritório;Fragmentadora 10 folhas;1;726.93;Pix;Baixo
T004475;2026-07-30 19:26:00;Sul;Site;Informática;Webcam Full HD;4;929.42;Pix;Baixo
T004476;2026-01-02 16:50:00;Sul;Marketplace;Casa e Cozinha;Liquidificador 1200W;1;294.4;Crédito;Baixo
T004477;2026-06-10 10:53:00;Centro-Oeste;Aplicativo;Casa e Cozinha;Panela Elétrica 5L;1;363.44;Boleto;Baixo
T004478;2026-03-20 20:27:00;Sudeste;Marketplace;Casa e Cozinha;Kit Potes Herméticos;2;243.42;Pix;Baixo
T004479;2026-03-24 11:24:00;Centro-Oeste;Aplicativo;Casa e Cozinha;Jogo de Panelas 5 peças;1;387.8;Crédito;Baixo
T004480;2026-02-26 23:33:00;Sudeste;Site;Casa e Cozinha;Jogo de Panelas 5 peças;2;814.5;Pix;Baixo
T004481;2026-04-06 01:29:00;Sudeste;Site;Casa e Cozinha;Aspirador Vertical;2;1049.54;Pix;Baixo
T004482;2026-06-06 13:52:00;Centro-Oeste;Loja física;Casa e Cozinha;Jogo de Panelas 5 peças;1;398.35;Pix;Baixo
T004483;2026-02-10 22:12:00;Sudeste;Loja física;Áudio e Vídeo;Microfone USB;2;684.17;Crédito;Baixo
T004484;2026-03-04 21:14:00;Sudeste;Aplicativo;Games;Jogo Corrida Pro;1;274.77;Crédito;Baixo
T004485;2026-07-23 15:56:00;Sudeste;Loja física;Games;Jogo Corrida Pro;2;514.43;Débito;Baixo
T004486;2026-02-18 06:02:00;Sul;Loja física;Casa e Cozinha;Air Fryer 5L;2;922.02;Débito;Baixo
T004487;2026-04-25 16:34:00;Norte;Aplicativo;Celulares;Smartphone Vega 128GB;2;2697.32;Pix;Baixo
T004488;2026-03-18 05:22:00;Sudeste;Aplicativo;Celulares;Fone Bluetooth;4;916.94;Crédito;Baixo
T004489;2026-01-10 16:47:00;Sul;Aplicativo;Casa e Cozinha;Panela Elétrica 5L;4;1405.19;Pix;Baixo
T004490;2026-03-20 12:18:00;Nordeste;Site;Informática;Monitor 27 QHD;5;8401.5;Crédito;Médio
T004491;2026-05-26 15:03:00;Sudeste;Loja física;Informática;Mochila para Notebook;1;172.07;Débito;Baixo
T004492;2026-03-07 11:40:00;Sul;Site;Áudio e Vídeo;Microfone USB;2;672.38;Crédito;Baixo
T004493;2026-02-25 14:55:00;Sudeste;Site;Informática;Notebook 15 Pro;1;3455.92;Débito;Baixo
T004494;2026-05-03 14:30:00;Sul;Site;Escritório;Impressora Multifuncional;2;1678.75;Crédito;Baixo
T004495;2026-03-23 03:18:00;Sudeste;Marketplace;Casa e Cozinha;Aspirador Vertical;1;553.02;Crédito;Baixo
T004496;2026-07-03 16:19:00;Sul;Site;Áudio e Vídeo;Microfone USB;2;707.8;Crédito;Baixo
T004497;2026-08-05 16:11:00;Centro-Oeste;Aplicativo;Informática;Notebook 15 Pro;1;3715.07;Boleto;Médio
T004498;2026-06-26 00:15:00;Sudeste;Site;Informática;Monitor 27 QHD;1;1682.17;Débito;Baixo
T004499;2026-08-06 07:22:00;Nordeste;Loja física;Escritório;Cadeira Ergonômica;2;2283.45;Débito;Baixo
T004500;2026-07-13 05:01:00;Sudeste;Loja física;Games;Console NovaBox X;2;7288.57;Débito;Médio
T004501;2026-08-16 07:19:00;Sul;Loja física;Informática;Teclado Mecânico;1;327.66;Boleto;Baixo
T004502;2026-03-27 00:47:00;Sudeste;Aplicativo;Áudio e Vídeo;Suporte TV Articulado;2;328.82;Crédito;Baixo
T004503;2026-07-12 13:10:00;Sul;Aplicativo;Escritório;Luminária LED;1;123.86;Crédito;Baixo
T004504;2026-07-04 23:02:00;Sudeste;Site;Escritório;Organizador de Mesa;1;61.83;Crédito;Baixo
T004505;2026-05-29 12:01:00;Sudeste;Aplicativo;Informática;Monitor 24 IPS;2;1600.72;Crédito;Baixo
T004506;2026-08-22 23:58:00;Sudeste;Site;Celulares;Smartphone Vega Max 256GB;2;4397.49;Crédito;Baixo
T004507;2026-08-30 21:55:00;Sudeste;Loja física;Escritório;Fragmentadora 10 folhas;3;2119.14;Crédito;Baixo
T004508;2026-03-24 23:02:00;Sudeste;Site;Áudio e Vídeo;Smart TV 55 4K;1;3274.83;Crédito;Baixo
T004509;2026-03-05 10:05:00;Nordeste;Site;Informática;Monitor 27 QHD;1;1615.55;Crédito;Baixo
T004510;2026-04-07 16:09:00;Sudeste;Marketplace;Celulares;Smartphone Orion 128GB;1;1721.19;Pix;Baixo
T004511;2026-05-11 21:19:00;Nordeste;Site;Escritório;Suporte para Notebook;1;113.43;Pix;Baixo
T004512;2026-03-16 10:43:00;Norte;Aplicativo;Escritório;Impressora Multifuncional;2;1862.99;Débito;Baixo
T004513;2026-02-07 17:44:00;Nordeste;Aplicativo;Games;Controle Sem Fio;1;398.79;Débito;Baixo
T004514;2026-08-18 20:27:00;Nordeste;Site;Celulares;Capa Antichoque;1;59.5;Débito;Baixo
T004515;2026-08-28 03:05:00;Sudeste;Site;Informática;Memória DDR4 16GB;1;256.32;Débito;Baixo
T004516;2026-08-29 05:05:00;Norte;Site;Áudio e Vídeo;Soundbar 2.1;5;4063.63;Débito;Baixo
T004517;2026-02-15 04:44:00;Sudeste;Site;Informática;Memória DDR4 16GB;1;302.89;Boleto;Baixo
T004518;2026-06-08 07:23:00;Nordeste;Site;Áudio e Vídeo;Caixa Bluetooth;5;1939.16;Crédito;Baixo
T004519;2026-05-19 04:45:00;Sudeste;Aplicativo;Celulares;Película 3D;4;144.45;Crédito;Baixo
T004520;2026-01-03 05:49:00;Nordeste;Marketplace;Casa e Cozinha;Kit Potes Herméticos;1;129.94;Crédito;Baixo
T004521;2026-04-19 16:57:00;Centro-Oeste;Site;Games;Jogo Aventura Lendária;2;595.7;Crédito;Baixo
T004522;2026-02-04 14:48:00;Nordeste;Site;Games;Volante Racing;3;3319.91;Pix;Baixo
T004523;2026-04-19 11:18:00;Sudeste;Aplicativo;Celulares;Carregador USB-C 30W;3;377.6;Pix;Baixo
T004524;2026-06-14 17:28:00;Nordeste;Loja física;Games;Console NovaBox X;2;8152.03;Crédito;Médio
T004525;2026-05-31 11:45:00;Sudeste;Loja física;Áudio e Vídeo;Suporte TV Articulado;1;164.53;Pix;Baixo
T004526;2026-05-05 16:25:00;Nordeste;Aplicativo;Informática;Memória DDR4 16GB;1;267.8;Crédito;Baixo
T004527;2026-07-31 19:14:00;Sudeste;Site;Informática;SSD NVMe 1TB;3;1580.97;Débito;Baixo
T004528;2026-01-20 20:52:00;Sudeste;Marketplace;Escritório;Luminária LED;2;259.43;Crédito;Baixo
T004529;2026-07-23 23:41:00;Sudeste;Aplicativo;Games;Volante Racing;1;1140.58;Pix;Baixo
T004530;2026-05-09 15:49:00;Sul;Site;Games;Headset 7.1;1;411.01;Crédito;Baixo
T004531;2026-07-20 00:20:00;Sul;Site;Informática;Monitor 24 IPS;2;1545.35;Pix;Baixo
T004532;2026-01-31 18:32:00;Nordeste;Loja física;Escritório;Organizador de Mesa;1;72.2;Crédito;Baixo
T004533;2026-06-08 02:02:00;Sudeste;Aplicativo;Celulares;Smartphone Vega Max 256GB;2;4226.74;Pix;Baixo
T004534;2026-03-31 04:37:00;Sudeste;Aplicativo;Casa e Cozinha;Air Fryer 5L;2;889.32;Crédito;Baixo
T004535;2026-02-06 01:08:00;Sudeste;Marketplace;Escritório;Luminária LED;1;130.02;Pix;Baixo
T004536;2026-08-19 03:59:00;Sudeste;Site;Celulares;Película 3D;1;39.39;Crédito;Baixo
T004537;2026-07-28 15:07:00;Nordeste;Aplicativo;Informática;Notebook 14 Air;1;3134.49;Boleto;Baixo
T004538;2026-05-21 21:15:00;Sul;Marketplace;Informática;Monitor 27 QHD;2;3150.23;Crédito;Baixo
T004539;2026-05-13 07:02:00;Norte;Aplicativo;Escritório;Impressora Multifuncional;1;817.32;Pix;Baixo
T004540;2026-06-12 13:05:00;Sudeste;Marketplace;Informática;Webcam Full HD;1;211.33;Crédito;Baixo
T004541;2026-06-07 01:01:00;Nordeste;Loja física;Games;Jogo Aventura Lendária;3;939.27;Crédito;Baixo
T004542;2026-01-18 01:32:00;Norte;Aplicativo;Informática;Monitor 24 IPS;1;807.43;Crédito;Baixo
T004543;2026-05-12 22:29:00;Nordeste;Site;Celulares;Smartphone Orion Pro 256GB;1;2509.9;Boleto;Baixo
T004544;2026-01-23 23:19:00;Sudeste;Loja física;Games;Volante Racing;1;1150.8;Pix;Baixo
T004545;2026-03-21 04:34:00;Sudeste;Site;Celulares;Smartphone Orion Pro 256GB;4;10265.43;Pix;Médio
T004546;2026-08-05 03:53:00;Sul;Marketplace;Informática;SSD SATA 480GB;1;252.46;Pix;Baixo
T004547;2026-08-15 08:43:00;Nordeste;Aplicativo;Informática;Teclado Mecânico;1;368.17;Crédito;Baixo
T004548;2026-01-02 21:01:00;Sul;Site;Escritório;Mesa Escritório 120cm;2;1198.46;Crédito;Baixo
T004549;2026-02-27 11:43:00;Norte;Aplicativo;Casa e Cozinha;Cafeteira Programável;5;1555.58;Débito;Baixo
T004550;2026-05-22 12:27:00;Sudeste;Aplicativo;Casa e Cozinha;Air Fryer 5L;1;439.2;Pix;Baixo
T004551;2026-07-17 10:25:00;Sudeste;Aplicativo;Games;Controle Sem Fio;1;404.06;Crédito;Baixo
T004552;2026-02-15 06:04:00;Sudeste;Aplicativo;Áudio e Vídeo;Projetor Full HD;2;3393.63;Pix;Baixo
T004553;2026-02-28 10:27:00;Nordeste;Loja física;Informática;Memória DDR4 16GB;1;247.12;Pix;Baixo
T004554;2026-04-22 21:50:00;Sul;Site;Games;Headset 7.1;6;2592.53;Pix;Baixo
T004555;2026-01-09 00:00:00;Sul;Loja física;Áudio e Vídeo;Suporte TV Articulado;1;170.89;Crédito;Baixo
T004556;2026-05-23 13:17:00;Sudeste;Aplicativo;Escritório;Luminária LED;1;133.68;Boleto;Baixo
T004557;2026-02-21 18:14:00;Sul;Site;Informática;Mochila para Notebook;2;370.49;Pix;Baixo
T004558;2026-01-25 07:38:00;Nordeste;Site;Escritório;Papel A4 500 folhas;1;35.74;Crédito;Baixo
T004559;2026-07-14 21:59:00;Sul;Site;Casa e Cozinha;Sanduicheira Grill;1;161.14;Débito;Baixo
T004560;2026-03-30 21:55:00;Norte;Aplicativo;Celulares;Power Bank 20000mAh;1;221.74;Crédito;Baixo
T004561;2026-06-01 10:48:00;Nordeste;Site;Celulares;Película 3D;1;34.54;Crédito;Baixo
T004562;2026-08-02 03:14:00;Sul;Loja física;Celulares;Fone Bluetooth;1;221.55;Crédito;Baixo
T004563;2026-06-20 12:22:00;Norte;Aplicativo;Áudio e Vídeo;Smart TV 43 4K;1;2231.49;Pix;Baixo
T004564;2026-06-29 15:10:00;Norte;Site;Casa e Cozinha;Cafeteira Programável;2;587.24;Crédito;Baixo
T004565;2026-03-29 09:24:00;Sudeste;Aplicativo;Games;Jogo Aventura Lendária;1;345.01;Crédito;Baixo
T004566;2026-08-13 22:19:00;Norte;Site;Casa e Cozinha;Balança Digital Cozinha;2;155.51;Crédito;Baixo
T004567;2026-04-01 00:51:00;Sul;Site;Informática;Monitor 27 QHD;1;1634.89;Débito;Baixo
T004568;2026-02-14 12:25:00;Sudeste;Site;Casa e Cozinha;Kit Potes Herméticos;2;229.67;Boleto;Baixo
T004569;2026-03-24 00:23:00;Sul;Aplicativo;Informática;Mouse Sem Fio;1;125.71;Pix;Baixo
T004570;2026-04-24 21:20:00;Nordeste;Site;Games;Controle Sem Fio;3;1060.22;Pix;Baixo
T004571;2026-08-15 06:42:00;Nordeste;Loja física;Games;Headset 7.1;2;814.46;Pix;Baixo
T004572;2026-01-04 17:23:00;Sudeste;Site;Celulares;Fone Bluetooth;2;465.67;Crédito;Baixo
T004573;2026-04-30 23:47:00;Centro-Oeste;Marketplace;Informática;Notebook 15 Pro;1;3623.47;Boleto;Alto
T004574;2026-04-27 16:39:00;Centro-Oeste;Site;Escritório;Cadeira Ergonômica;3;3459.01;Crédito;Baixo
T004575;2026-08-28 13:31:00;Sudeste;Aplicativo;Informática;Notebook 14 Air;1;3042.1;Crédito;Baixo
T004576;2026-06-07 07:56:00;Centro-Oeste;Loja física;Informática;Notebook 15 Pro;1;4037.39;Pix;Baixo
T004577;2026-04-08 15:01:00;Sul;Loja física;Escritório;Impressora Multifuncional;2;1717.4;Crédito;Baixo
T004578;2026-08-18 12:01:00;Sul;Aplicativo;Casa e Cozinha;Kit Potes Herméticos;2;255.73;Crédito;Baixo
T004579;2026-01-10 16:45:00;Sudeste;Loja física;Informática;Mochila para Notebook;2;397.77;Débito;Baixo
T004580;2026-07-06 20:05:00;Nordeste;Aplicativo;Games;Cadeira Gamer;1;1058.29;Crédito;Baixo
T004581;2026-05-02 10:44:00;Sudeste;Aplicativo;Informática;Notebook 14 Air;1;2838.76;Pix;Baixo
T004582;2026-02-25 14:33:00;Nordeste;Marketplace;Games;Headset 7.1;2;799.32;Pix;Baixo
T004583;2026-01-10 22:17:00;Sudeste;Site;Áudio e Vídeo;Headset Gamer;1;267.43;Crédito;Baixo
T004584;2026-07-03 09:26:00;Sul;Site;Áudio e Vídeo;Projetor Full HD;1;1859.53;Crédito;Baixo
T004585;2026-01-08 14:56:00;Nordeste;Aplicativo;Escritório;Papel A4 500 folhas;2;70.39;Crédito;Baixo
T004586;2026-08-15 04:43:00;Sul;Marketplace;Áudio e Vídeo;Soundbar 2.1;2;1640.6;Crédito;Baixo
T004587;2026-07-13 12:27:00;Sudeste;Site;Casa e Cozinha;Balança Digital Cozinha;3;276.03;Crédito;Baixo
T004588;2026-01-23 23:33:00;Sudeste;Aplicativo;Escritório;Papel A4 500 folhas;1;35.01;Crédito;Baixo
T004589;2026-05-18 07:50:00;Sudeste;Site;Games;Volante Racing;1;1317.41;Pix;Baixo
T004590;2026-05-28 07:48:00;Sul;Loja física;Games;Jogo Corrida Pro;3;863.51;Débito;Baixo
T004591;2026-07-30 04:58:00;Sudeste;Site;Áudio e Vídeo;Projetor Full HD;1;1692.31;Crédito;Baixo
T004592;2026-04-18 13:38:00;Sudeste;Aplicativo;Casa e Cozinha;Cafeteira Programável;2;639.18;Crédito;Baixo
T004593;2026-07-11 02:01:00;Sudeste;Site;Escritório;Cadeira Ergonômica;2;2226.28;Pix;Baixo
T004594;2026-06-09 22:45:00;Centro-Oeste;Site;Escritório;Impressora Multifuncional;1;904.09;Crédito;Baixo
T004595;2026-01-26 21:49:00;Sudeste;Marketplace;Celulares;Power Bank 20000mAh;1;210.23;Crédito;Baixo
T004596;2026-03-10 20:30:00;Centro-Oeste;Marketplace;Casa e Cozinha;Jogo de Panelas 5 peças;2;749.15;Crédito;Baixo
T004597;2026-02-26 04:36:00;Sudeste;Site;Casa e Cozinha;Air Fryer 5L;2;994.01;Pix;Baixo
T004598;2026-04-20 10:59:00;Nordeste;Loja física;Áudio e Vídeo;Microfone USB;2;695.96;Pix;Baixo
T004599;2026-06-01 10:19:00;Sudeste;Site;Informática;Notebook 15 Pro;1;3922.39;Crédito;Baixo
T004600;2026-08-22 03:54:00;Nordeste;Loja física;Games;Jogo Corrida Pro;1;305.95;Crédito;Baixo
T004601;2026-04-11 07:10:00;Sudeste;Loja física;Escritório;Impressora Multifuncional;2;1760.46;Pix;Baixo
T004602;2026-07-30 18:41:00;Sul;Aplicativo;Games;Jogo Corrida Pro;2;594.15;Crédito;Baixo
T004603;2026-06-26 09:02:00;Sudeste;Site;Informática;Notebook 15 Pro;1;3411.42;Pix;Baixo
T004604;2026-07-18 21:08:00;Sudeste;Loja física;Casa e Cozinha;Liquidificador 1200W;1;266.64;Crédito;Baixo
T004605;2026-06-12 15:20:00;Sudeste;Aplicativo;Áudio e Vídeo;Caixa Bluetooth;1;352.54;Boleto;Baixo
T004606;2026-07-24 02:25:00;Sudeste;Loja física;Informática;Monitor 27 QHD;1;1646.24;Pix;Baixo
T004607;2026-03-22 10:07:00;Nordeste;Marketplace;Áudio e Vídeo;Microfone USB;1;308.35;Crédito;Baixo
T004608;2026-03-09 00:39:00;Centro-Oeste;Loja física;Casa e Cozinha;Panela Elétrica 5L;1;376.67;Débito;Baixo
T004609;2026-06-11 13:09:00;Sul;Marketplace;Games;Cadeira Gamer;2;1871.09;Crédito;Baixo
T004610;2026-04-01 23:52:00;Sudeste;Aplicativo;Casa e Cozinha;Sanduicheira Grill;1;163.43;Crédito;Baixo
T004611;2026-03-26 16:38:00;Sul;Aplicativo;Celulares;Fone Bluetooth;1;249.5;Crédito;Baixo
T004612;2026-05-04 06:04:00;Sudeste;Loja física;Games;Cadeira Gamer;4;4376.38;Débito;Baixo
T004613;2026-01-10 03:31:00;Sul;Aplicativo;Casa e Cozinha;Aspirador Vertical;1;559.11;Débito;Baixo
T004614;2026-01-02 04:31:00;Centro-Oeste;Marketplace;Games;Controle Sem Fio;6;2059.14;Crédito;Baixo
T004615;2026-08-03 23:08:00;Sudeste;Marketplace;Informática;Memória DDR4 16GB;1;253.81;Crédito;Baixo
T004616;2026-02-20 06:25:00;Centro-Oeste;Site;Celulares;Película 3D;2;75.48;Débito;Baixo
T004617;2026-02-15 23:07:00;Norte;Site;Escritório;Papel A4 500 folhas;4;144.66;Débito;Baixo
T004618;2026-03-09 18:52:00;Sul;Aplicativo;Áudio e Vídeo;Headset Gamer;2;542.73;Boleto;Baixo
T004619;2026-08-26 03:59:00;Sul;Loja física;Áudio e Vídeo;Smart TV 43 4K;2;3831.42;Crédito;Baixo
T004620;2026-05-22 17:52:00;Sudeste;Aplicativo;Celulares;Smartphone Orion Pro 256GB;5;14662.57;Crédito;Médio
T004621;2026-06-04 20:19:00;Centro-Oeste;Site;Games;Controle Sem Fio;1;399.09;Pix;Baixo
T004622;2026-01-25 08:23:00;Norte;Site;Escritório;Suporte para Notebook;5;541.0;Débito;Baixo
T004623;2026-01-12 23:10:00;Sudeste;Loja física;Casa e Cozinha;Liquidificador 1200W;1;244.92;Crédito;Baixo
T004624;2026-02-17 11:21:00;Sul;Aplicativo;Informática;Notebook 14 Air;1;2910.64;Crédito;Baixo
T004625;2026-03-20 08:41:00;Sudeste;Site;Informática;Notebook 15 Pro;1;3448.44;Crédito;Baixo
T004626;2026-08-03 22:28:00;Sul;Aplicativo;Celulares;Power Bank 20000mAh;1;240.04;Crédito;Baixo
T004627;2026-07-28 06:12:00;Sudeste;Site;Casa e Cozinha;Panela Elétrica 5L;6;2112.99;Débito;Baixo
T004628;2026-08-24 23:14:00;Sudeste;Site;Escritório;Mesa Escritório 120cm;1;586.75;Crédito;Baixo
T004629;2026-03-07 01:50:00;Sudeste;Aplicativo;Games;Console NovaBox X;5;19799.34;Débito;Médio
T004630;2026-07-28 14:44:00;Nordeste;Loja física;Escritório;Suporte para Notebook;3;314.47;Crédito;Baixo
T004631;2026-07-13 13:29:00;Sudeste;Aplicativo;Games;Console PlaySphere 5;3;12420.78;Crédito;Médio
T004632;2026-01-06 08:40:00;Nordeste;Loja física;Escritório;Fragmentadora 10 folhas;1;683.07;Débito;Baixo
T004633;2026-04-22 03:05:00;Nordeste;Loja física;Celulares;Smartphone Orion Pro 256GB;1;2612.02;Crédito;Baixo
T004634;2026-05-11 10:26:00;Centro-Oeste;Site;Games;Volante Racing;1;1172.18;Pix;Baixo
T004635;2026-07-21 23:52:00;Sul;Site;Informática;Mouse Sem Fio;2;270.96;Crédito;Baixo
T004636;2026-03-21 04:19:00;Sudeste;Marketplace;Celulares;Smartphone Vega Max 256GB;1;2514.65;Crédito;Baixo
T004637;2026-05-04 07:51:00;Sudeste;Marketplace;Casa e Cozinha;Air Fryer 5L;1;496.82;Débito;Baixo
T004638;2026-03-18 13:03:00;Nordeste;Marketplace;Escritório;Impressora Multifuncional;1;943.02;Pix;Baixo
T004639;2026-01-17 06:30:00;Sul;Site;Casa e Cozinha;Panela Elétrica 5L;1;340.77;Crédito;Baixo
T004640;2026-07-28 12:29:00;Nordeste;Aplicativo;Casa e Cozinha;Kit Potes Herméticos;1;126.01;Pix;Baixo
T004641;2026-08-11 08:36:00;Sudeste;Site;Celulares;Carregador USB-C 30W;6;618.78;Pix;Baixo
T004642;2026-08-03 23:56:00;Sudeste;Site;Áudio e Vídeo;Headset Gamer;3;898.47;Crédito;Baixo
T004643;2026-03-25 02:42:00;Nordeste;Loja física;Escritório;Organizador de Mesa;1;68.41;Pix;Baixo
T004644;2026-08-15 00:12:00;Nordeste;Site;Áudio e Vídeo;Caixa Bluetooth;1;393.56;Débito;Baixo
T004645;2026-04-26 23:39:00;Sul;Site;Áudio e Vídeo;Suporte TV Articulado;1;165.04;Crédito;Baixo
T004646;2026-03-05 06:15:00;Nordeste;Site;Games;Jogo Aventura Lendária;2;688.29;Débito;Baixo
T004647;2026-03-15 17:13:00;Sudeste;Site;Casa e Cozinha;Kit Potes Herméticos;1;132.14;Crédito;Baixo
T004648;2026-06-18 17:49:00;Norte;Site;Games;Cadeira Gamer;2;2201.88;Crédito;Baixo
T004649;2026-07-16 06:02:00;Sudeste;Site;Informática;Webcam Full HD;1;225.6;Pix;Baixo
T004650;2026-01-07 05:14:00;Nordeste;Marketplace;Escritório;Mesa Escritório 120cm;1;580.07;Crédito;Baixo
T004651;2026-04-01 14:10:00;Nordeste;Marketplace;Informática;Notebook 15 Pro;1;3940.55;Pix;Médio
T004652;2026-03-16 14:54:00;Sudeste;Site;Celulares;Carregador USB-C 30W;1;104.38;Débito;Baixo
T004653;2026-05-02 01:50:00;Sul;Site;Informática;Notebook 14 Air;1;2884.05;Pix;Baixo
T004654;2026-08-21 23:54:00;Sudeste;Site;Escritório;Cadeira Ergonômica;1;1174.42;Débito;Baixo
T004655;2026-05-30 00:43:00;Centro-Oeste;Marketplace;Áudio e Vídeo;Projetor Full HD;1;1623.68;Pix;Baixo
T004656;2026-03-09 11:52:00;Norte;Site;Games;Jogo Corrida Pro;1;280.09;Crédito;Baixo
T004657;2026-08-20 17:13:00;Nordeste;Aplicativo;Áudio e Vídeo;Projetor Full HD;4;7255.44;Pix;Médio
T004658;2026-02-03 06:40:00;Sudeste;Aplicativo;Casa e Cozinha;Liquidificador 1200W;2;534.33;Crédito;Baixo
T004659;2026-02-21 16:23:00;Sudeste;Site;Escritório;Impressora Multifuncional;1;932.85;Crédito;Baixo
T004660;2026-02-24 21:01:00;Nordeste;Site;Casa e Cozinha;Jogo de Panelas 5 peças;1;435.11;Crédito;Baixo
T004661;2026-05-02 23:13:00;Nordeste;Aplicativo;Informática;Memória DDR4 16GB;1;297.18;Pix;Baixo
T004662;2026-08-14 23:17:00;Sul;Marketplace;Games;Cadeira Gamer;5;4804.54;Pix;Médio
T004663;2026-02-08 21:55:00;Nordeste;Site;Games;Controle Sem Fio;1;374.97;Crédito;Baixo
T004664;2026-07-29 20:25:00;Sul;Aplicativo;Casa e Cozinha;Aspirador Vertical;2;1029.7;Débito;Baixo
T004665;2026-02-21 13:18:00;Centro-Oeste;Site;Áudio e Vídeo;Suporte TV Articulado;2;310.13;Crédito;Baixo
T004666;2026-06-02 12:13:00;Sudeste;Loja física;Celulares;Smartphone Vega Max 256GB;2;4422.46;Crédito;Baixo
T004667;2026-08-12 03:23:00;Nordeste;Aplicativo;Games;Controle Sem Fio;1;348.14;Pix;Baixo
T004668;2026-03-29 16:51:00;Nordeste;Aplicativo;Escritório;Fragmentadora 10 folhas;4;2711.53;Crédito;Baixo
T004669;2026-01-12 22:36:00;Nordeste;Site;Áudio e Vídeo;Smart TV 55 4K;4;11002.27;Débito;Médio
T004670;2026-08-22 08:45:00;Sudeste;Aplicativo;Celulares;Smartphone Vega 128GB;1;1390.56;Pix;Baixo
T004671;2026-05-16 15:13:00;Norte;Site;Games;Console PlaySphere 5;3;12178.91;Crédito;Médio
T004672;2026-06-04 23:19:00;Norte;Loja física;Casa e Cozinha;Kit Potes Herméticos;3;411.53;Boleto;Baixo
T004673;2026-06-03 05:26:00;Nordeste;Aplicativo;Informática;Webcam Full HD;3;641.47;Crédito;Baixo
T004674;2026-01-09 01:16:00;Sudeste;Site;Celulares;Smartphone Vega 128GB;2;2718.76;Pix;Baixo
T004675;2026-08-06 10:21:00;Sudeste;Loja física;Celulares;Smartphone Vega 128GB;1;1298.8;Crédito;Baixo
T004676;2026-04-01 00:16:00;Sudeste;Aplicativo;Escritório;Impressora Multifuncional;2;1762.66;Pix;Baixo
T004677;2026-05-01 13:49:00;Sudeste;Site;Casa e Cozinha;Sanduicheira Grill;6;957.13;Crédito;Baixo
T004678;2026-06-20 04:56:00;Sudeste;Site;Informática;Memória DDR4 16GB;1;283.61;Crédito;Baixo
T004679;2026-03-07 20:37:00;Norte;Marketplace;Casa e Cozinha;Jogo de Panelas 5 peças;4;1637.79;Pix;Baixo
T004680;2026-03-20 22:16:00;Sul;Site;Áudio e Vídeo;Smart TV 55 4K;1;3245.08;Pix;Baixo
T004681;2026-08-17 06:35:00;Nordeste;Site;Celulares;Fone Bluetooth;1;257.28;Débito;Baixo
T004682;2026-08-16 14:24:00;Nordeste;Site;Celulares;Carregador USB-C 30W;3;324.04;Crédito;Baixo
T004683;2026-02-16 02:36:00;Sudeste;Aplicativo;Escritório;Fragmentadora 10 folhas;1;651.41;Pix;Baixo
T004684;2026-02-14 17:27:00;Sudeste;Marketplace;Celulares;Película 3D;1;40.07;Crédito;Baixo
T004685;2026-02-27 18:39:00;Sudeste;Site;Informática;Monitor 24 IPS;1;861.22;Pix;Baixo
T004686;2026-05-08 06:39:00;Centro-Oeste;Aplicativo;Áudio e Vídeo;Projetor Full HD;1;1993.87;Crédito;Baixo
T004687;2026-04-18 01:33:00;Nordeste;Loja física;Informática;Hub USB-C 8 em 1;1;270.69;Pix;Baixo
T004688;2026-08-30 12:41:00;Nordeste;Aplicativo;Informática;Mouse Sem Fio;3;401.08;Crédito;Baixo
T004689;2026-05-19 23:47:00;Nordeste;Aplicativo;Informática;Mouse Sem Fio;3;344.65;Pix;Baixo
T004690;2026-03-04 09:35:00;Sul;Loja física;Casa e Cozinha;Sanduicheira Grill;1;177.44;Débito;Baixo
T004691;2026-02-15 02:50:00;Norte;Loja física;Casa e Cozinha;Jogo de Panelas 5 peças;6;2403.46;Crédito;Baixo
T004692;2026-01-01 17:50:00;Centro-Oeste;Aplicativo;Escritório;Cadeira Ergonômica;3;3343.88;Crédito;Baixo
T004693;2026-03-23 09:27:00;Nordeste;Site;Games;Headset 7.1;1;475.99;Crédito;Baixo
T004694;2026-01-26 22:51:00;Centro-Oeste;Marketplace;Casa e Cozinha;Air Fryer 5L;1;445.3;Crédito;Baixo
T004695;2026-04-23 06:20:00;Nordeste;Site;Celulares;Smartphone Vega 128GB;3;4328.62;Crédito;Baixo
T004696;2026-08-26 20:17:00;Nordeste;Site;Casa e Cozinha;Aspirador Vertical;1;500.15;Pix;Baixo
T004697;2026-03-09 02:52:00;Sudeste;Marketplace;Games;Controle Sem Fio;1;412.61;Débito;Baixo
T004698;2026-08-01 09:06:00;Sul;Loja física;Informática;Notebook 14 Air;2;5866.92;Crédito;Baixo
T004699;2026-06-23 08:52:00;Sudeste;Site;Informática;Teclado Mecânico;1;329.74;Pix;Baixo
T004700;2026-03-24 21:55:00;Sul;Site;Celulares;Carregador USB-C 30W;1;122.12;Crédito;Baixo
T004701;2026-04-24 17:56:00;Sudeste;Site;Áudio e Vídeo;Soundbar 2.1;1;733.86;Crédito;Baixo
T004702;2026-05-06 18:12:00;Nordeste;Site;Casa e Cozinha;Balança Digital Cozinha;1;84.91;Débito;Baixo
T004703;2026-03-22 08:08:00;Sudeste;Loja física;Escritório;Impressora Multifuncional;5;4225.89;Crédito;Baixo
T004704;2026-03-30 02:36:00;Sul;Aplicativo;Escritório;Impressora Multifuncional;1;769.97;Pix;Baixo
T004705;2026-03-12 18:32:00;Sul;Site;Celulares;Smartphone Vega Max 256GB;1;2473.14;Pix;Baixo
T004706;2026-04-12 13:26:00;Sudeste;Site;Informática;Monitor 24 IPS;1;779.01;Pix;Baixo
T004707;2026-03-18 05:21:00;Centro-Oeste;Marketplace;Áudio e Vídeo;Suporte TV Articulado;1;154.7;Pix;Baixo
T004708;2026-06-02 13:16:00;Sudeste;Site;Áudio e Vídeo;Projetor Full HD;1;1994.2;Pix;Baixo
T004709;2026-01-23 20:50:00;Sudeste;Site;Celulares;Smartphone Vega Max 256GB;1;2304.73;Crédito;Baixo
T004710;2026-07-19 04:00:00;Sudeste;Aplicativo;Games;Cadeira Gamer;3;2868.09;Pix;Baixo
T004711;2026-05-11 00:08:00;Norte;Marketplace;Áudio e Vídeo;Projetor Full HD;1;1976.37;Crédito;Baixo
T004712;2026-03-12 14:59:00;Nordeste;Aplicativo;Informática;Webcam Full HD;4;875.88;Débito;Baixo
T004713;2026-06-18 16:26:00;Nordeste;Aplicativo;Informática;Teclado Mecânico;1;334.67;Pix;Baixo
T004714;2026-07-29 21:22:00;Sudeste;Marketplace;Games;Console PlaySphere 5;2;8024.77;Débito;Alto
T004715;2026-05-24 05:51:00;Sudeste;Aplicativo;Escritório;Mesa Escritório 120cm;2;1266.62;Pix;Baixo
T004716;2026-05-30 14:19:00;Nordeste;Loja física;Games;Jogo Corrida Pro;2;578.04;Pix;Baixo
T004717;2026-04-22 11:27:00;Sudeste;Marketplace;Casa e Cozinha;Cafeteira Programável;5;1473.11;Pix;Baixo
T004718;2026-03-13 18:07:00;Nordeste;Loja física;Casa e Cozinha;Cafeteira Programável;3;1016.23;Crédito;Baixo
T004719;2026-05-02 19:38:00;Centro-Oeste;Marketplace;Games;Jogo Corrida Pro;1;310.21;Pix;Baixo
T004720;2026-02-27 13:56:00;Nordeste;Loja física;Escritório;Fragmentadora 10 folhas;4;2611.03;Crédito;Baixo
T004721;2026-07-06 07:38:00;Norte;Marketplace;Games;Jogo Aventura Lendária;6;2167.75;Crédito;Baixo
T004722;2026-05-26 21:11:00;Sudeste;Site;Celulares;Power Bank 20000mAh;2;406.78;Crédito;Baixo
T004723;2026-01-06 21:09:00;Nordeste;Aplicativo;Celulares;Smartphone Vega 128GB;4;5614.03;Pix;Baixo
T004724;2026-03-24 22:08:00;Sudeste;Site;Escritório;Papel A4 500 folhas;1;34.77;Débito;Baixo
T004725;2026-03-18 03:52:00;Norte;Site;Escritório;Fragmentadora 10 folhas;1;731.63;Pix;Baixo
T004726;2026-07-27 10:16:00;Sudeste;Site;Informática;Webcam Full HD;1;213.37;Crédito;Baixo
T004727;2026-01-27 12:15:00;Sudeste;Marketplace;Games;Volante Racing;1;1155.85;Pix;Baixo
T004728;2026-02-08 22:37:00;Nordeste;Marketplace;Casa e Cozinha;Aspirador Vertical;1;562.24;Débito;Baixo
T004729;2026-07-26 15:09:00;Sudeste;Site;Escritório;Luminária LED;6;804.64;Boleto;Baixo
T004730;2026-08-08 20:30:00;Nordeste;Site;Escritório;Luminária LED;2;283.07;Crédito;Baixo
T004731;2026-05-03 17:12:00;Sul;Site;Informática;Notebook 15 Pro;4;14551.82;Pix;Médio
T004732;2026-08-25 18:08:00;Sudeste;Site;Áudio e Vídeo;Headset Gamer;1;254.36;Crédito;Baixo
T004733;2026-02-17 17:13:00;Sudeste;Site;Escritório;Fragmentadora 10 folhas;2;1268.19;Crédito;Baixo
T004734;2026-06-28 04:34:00;Sudeste;Aplicativo;Áudio e Vídeo;Smart TV 55 4K;2;5705.09;Débito;Baixo
T004735;2026-05-31 21:13:00;Norte;Marketplace;Casa e Cozinha;Liquidificador 1200W;1;285.27;Pix;Baixo
T004736;2026-05-25 16:51:00;Sul;Site;Casa e Cozinha;Air Fryer 5L;1;455.95;Crédito;Baixo
T004737;2026-01-20 06:23:00;Nordeste;Aplicativo;Celulares;Smartphone Vega 128GB;1;1437.38;Boleto;Baixo
T004738;2026-05-04 12:00:00;Sudeste;Loja física;Escritório;Mesa Escritório 120cm;2;1117.88;Crédito;Baixo
T004739;2026-08-23 01:08:00;Sudeste;Aplicativo;Áudio e Vídeo;Headset Gamer;3;760.42;Crédito;Baixo
T004740;2026-04-21 07:01:00;Sul;Site;Informática;Memória DDR4 16GB;1;304.83;Débito;Baixo
T004741;2026-01-01 11:31:00;Sul;Site;Informática;SSD NVMe 1TB;3;1568.69;Crédito;Baixo
T004742;2026-02-06 13:15:00;Sudeste;Marketplace;Casa e Cozinha;Cafeteira Programável;3;825.43;Pix;Baixo
T004743;2026-03-26 10:38:00;Sul;Aplicativo;Áudio e Vídeo;Smart TV 43 4K;1;2279.96;Boleto;Baixo
T004744;2026-03-20 21:00:00;Sul;Aplicativo;Celulares;Power Bank 20000mAh;2;485.68;Crédito;Baixo
T004745;2026-08-17 23:26:00;Norte;Site;Informática;Webcam Full HD;2;462.82;Pix;Baixo
T004746;2026-05-02 02:58:00;Sudeste;Site;Casa e Cozinha;Sanduicheira Grill;6;1024.32;Pix;Baixo
T004747;2026-01-13 21:04:00;Centro-Oeste;Site;Celulares;Película 3D;5;194.47;Pix;Baixo
T004748;2026-08-16 05:20:00;Sul;Site;Celulares;Smartphone Vega 128GB;2;2764.79;Pix;Baixo
T004749;2026-03-10 17:06:00;Sudeste;Aplicativo;Escritório;Organizador de Mesa;1;59.7;Crédito;Baixo
T004750;2026-06-15 18:52:00;Sudeste;Loja física;Informática;Memória DDR4 16GB;1;296.3;Débito;Baixo
T004751;2026-05-16 14:58:00;Nordeste;Loja física;Celulares;Película 3D;1;36.21;Débito;Baixo
T004752;2026-08-16 08:25:00;Sul;Aplicativo;Áudio e Vídeo;Caixa Bluetooth;1;361.18;Pix;Baixo
T004753;2026-02-20 06:13:00;Nordeste;Site;Games;Cadeira Gamer;2;2190.46;Crédito;Baixo
T004754;2026-07-30 17:06:00;Nordeste;Site;Games;Jogo Aventura Lendária;1;308.28;Crédito;Baixo
T004755;2026-02-13 09:43:00;Centro-Oeste;Site;Áudio e Vídeo;Smart TV 43 4K;5;11141.67;Pix;Médio
T004756;2026-05-02 10:51:00;Sudeste;Site;Escritório;Impressora Multifuncional;1;802.54;Pix;Baixo
T004757;2026-01-11 12:54:00;Sul;Aplicativo;Celulares;Carregador USB-C 30W;2;251.38;Pix;Baixo
T004758;2026-05-04 14:56:00;Sudeste;Site;Celulares;Smartphone Vega 128GB;1;1569.62;Pix;Baixo
T004759;2026-04-19 17:24:00;Sudeste;Marketplace;Games;Cadeira Gamer;2;2327.5;Crédito;Baixo
T004760;2026-04-29 02:58:00;Sul;Site;Games;Headset 7.1;2;858.1;Crédito;Baixo
T004761;2026-07-10 11:11:00;Nordeste;Site;Casa e Cozinha;Sanduicheira Grill;3;498.05;Pix;Baixo
T004762;2026-03-26 14:10:00;Sudeste;Aplicativo;Casa e Cozinha;Balança Digital Cozinha;3;273.31;Pix;Baixo
T004763;2026-01-03 10:58:00;Sul;Aplicativo;Casa e Cozinha;Kit Potes Herméticos;1;114.26;Crédito;Baixo
T004764;2026-05-29 09:18:00;Norte;Marketplace;Áudio e Vídeo;Projetor Full HD;5;9866.86;Pix;Alto
T004765;2026-04-26 05:18:00;Sul;Site;Games;Console NovaBox X;3;12602.96;Pix;Médio
T004766;2026-06-19 23:31:00;Sul;Marketplace;Escritório;Luminária LED;6;850.21;Pix;Baixo
T004767;2026-02-01 23:58:00;Norte;Marketplace;Informática;Mochila para Notebook;5;970.3;Crédito;Baixo
T004768;2026-03-16 19:07:00;Nordeste;Aplicativo;Celulares;Smartphone Orion Pro 256GB;1;2916.74;Pix;Baixo
T004769;2026-05-18 15:27:00;Sudeste;Aplicativo;Informática;Webcam Full HD;1;215.85;Débito;Baixo
T004770;2026-06-12 05:02:00;Sudeste;Loja física;Informática;SSD SATA 480GB;1;271.91;Crédito;Baixo
T004771;2026-04-22 01:55:00;Centro-Oeste;Aplicativo;Escritório;Papel A4 500 folhas;2;72.03;Pix;Baixo
T004772;2026-08-02 23:46:00;Sul;Loja física;Casa e Cozinha;Air Fryer 5L;1;432.84;Pix;Baixo
T004773;2026-02-06 08:07:00;Sudeste;Loja física;Áudio e Vídeo;Microfone USB;2;714.87;Crédito;Baixo
T004774;2026-07-05 02:59:00;Nordeste;Loja física;Informática;SSD SATA 480GB;4;1100.74;Pix;Baixo
T004775;2026-06-05 11:12:00;Sudeste;Aplicativo;Informática;Notebook 14 Air;1;3366.98;Pix;Baixo
T004776;2026-03-03 04:38:00;Sudeste;Site;Games;Cadeira Gamer;1;969.49;Débito;Baixo
T004777;2026-01-11 14:07:00;Norte;Aplicativo;Escritório;Suporte para Notebook;2;214.97;Débito;Baixo
T004778;2026-04-16 22:03:00;Sudeste;Site;Celulares;Smartphone Orion Pro 256GB;1;2473.98;Crédito;Baixo
T004779;2026-04-24 20:13:00;Sudeste;Loja física;Informática;Mochila para Notebook;1;188.97;Débito;Baixo
T004780;2026-07-25 19:27:00;Sudeste;Aplicativo;Áudio e Vídeo;Smart TV 43 4K;1;2311.87;Crédito;Baixo
T004781;2026-06-03 00:25:00;Nordeste;Site;Games;Console NovaBox X;2;8291.91;Pix;Médio
T004782;2026-05-18 01:59:00;Sul;Site;Informática;Teclado Mecânico;5;1629.55;Crédito;Baixo
T004783;2026-03-06 12:20:00;Sudeste;Marketplace;Games;Jogo Corrida Pro;2;556.13;Pix;Baixo
T004784;2026-07-18 06:55:00;Sul;Loja física;Áudio e Vídeo;Smart TV 55 4K;1;3176.31;Pix;Baixo
T004785;2026-03-09 08:45:00;Nordeste;Aplicativo;Escritório;Mesa Escritório 120cm;1;682.33;Crédito;Baixo
T004786;2026-04-17 20:14:00;Sul;Aplicativo;Informática;Webcam Full HD;3;676.05;Crédito;Baixo
T004787;2026-04-19 07:27:00;Sudeste;Site;Áudio e Vídeo;Soundbar 2.1;1;756.64;Crédito;Baixo
T004788;2026-04-26 19:58:00;Sudeste;Site;Escritório;Suporte para Notebook;1;105.97;Pix;Baixo
T004789;2026-03-08 10:34:00;Centro-Oeste;Site;Celulares;Smartphone Vega Max 256GB;1;2156.24;Boleto;Baixo
T004790;2026-04-28 14:05:00;Sul;Site;Áudio e Vídeo;Projetor Full HD;1;1911.96;Pix;Baixo
T004791;2026-07-24 04:15:00;Nordeste;Site;Celulares;Capa Antichoque;1;64.15;Crédito;Baixo
T004792;2026-07-27 15:12:00;Sudeste;Loja física;Casa e Cozinha;Liquidificador 1200W;2;506.42;Crédito;Baixo
T004793;2026-02-24 01:39:00;Nordeste;Site;Escritório;Luminária LED;2;246.23;Débito;Baixo
T004794;2026-01-13 21:58:00;Nordeste;Site;Celulares;Carregador USB-C 30W;1;114.62;Crédito;Baixo
T004795;2026-01-19 05:19:00;Sudeste;Site;Áudio e Vídeo;Caixa Bluetooth;1;418.87;Débito;Baixo
T004796;2026-02-03 11:15:00;Centro-Oeste;Loja física;Escritório;Cadeira Ergonômica;2;2069.17;Crédito;Baixo
T004797;2026-03-06 21:51:00;Sudeste;Loja física;Informática;Webcam Full HD;5;1068.59;Pix;Baixo
T004798;2026-01-05 02:15:00;Nordeste;Site;Informática;Memória DDR4 16GB;1;251.7;Crédito;Baixo
T004799;2026-04-10 23:34:00;Sul;Aplicativo;Casa e Cozinha;Panela Elétrica 5L;1;345.11;Crédito;Baixo
T004800;2026-08-11 05:33:00;Sul;Loja física;Games;Volante Racing;2;2618.8;Crédito;Baixo
T004801;2026-08-29 20:06:00;Sul;Loja física;Casa e Cozinha;Sanduicheira Grill;3;551.71;Pix;Baixo
T004802;2026-02-03 18:53:00;Sudeste;Site;Celulares;Smartphone Vega Max 256GB;2;4377.82;Crédito;Baixo
T004803;2026-03-17 04:45:00;Centro-Oeste;Site;Áudio e Vídeo;Projetor Full HD;4;7194.61;Crédito;Médio
T004804;2026-07-17 04:53:00;Sul;Site;Áudio e Vídeo;Suporte TV Articulado;1;155.12;Crédito;Baixo
T004805;2026-05-15 05:48:00;Sul;Marketplace;Casa e Cozinha;Jogo de Panelas 5 peças;1;392.59;Débito;Baixo
T004806;2026-01-24 04:45:00;Centro-Oeste;Site;Informática;Mochila para Notebook;2;395.67;Pix;Baixo
T004807;2026-01-14 12:11:00;Sudeste;Loja física;Informática;Mochila para Notebook;2;336.45;Crédito;Baixo
T004808;2026-04-13 20:33:00;Nordeste;Aplicativo;Escritório;Luminária LED;1;130.98;Crédito;Baixo
T004809;2026-08-05 20:01:00;Sul;Aplicativo;Informática;Hub USB-C 8 em 1;1;292.69;Crédito;Baixo
T004810;2026-01-10 07:21:00;Norte;Loja física;Áudio e Vídeo;Smart TV 55 4K;4;11181.15;Crédito;Médio
T004811;2026-02-05 18:03:00;Sul;Site;Casa e Cozinha;Kit Potes Herméticos;5;574.37;Crédito;Baixo
T004812;2026-06-04 02:22:00;Sudeste;Aplicativo;Casa e Cozinha;Aspirador Vertical;1;528.31;Pix;Baixo
T004813;2026-07-11 10:29:00;Centro-Oeste;Site;Celulares;Fone Bluetooth;3;703.09;Pix;Baixo
T004814;2026-05-28 00:32:00;Norte;Loja física;Games;Jogo Corrida Pro;2;633.64;Boleto;Baixo
T004815;2026-04-13 13:55:00;Sul;Marketplace;Informática;SSD NVMe 1TB;1;480.12;Pix;Baixo
T004816;2026-06-13 11:07:00;Sudeste;Aplicativo;Escritório;Impressora Multifuncional;2;1836.09;Pix;Baixo
T004817;2026-03-09 22:01:00;Centro-Oeste;Aplicativo;Informática;Monitor 24 IPS;1;840.39;Pix;Baixo
T004818;2026-07-22 11:56:00;Sul;Loja física;Celulares;Fone Bluetooth;1;217.26;Débito;Baixo
T004819;2026-07-09 06:36:00;Norte;Site;Áudio e Vídeo;Microfone USB;1;347.68;Pix;Baixo
T004820;2026-05-06 02:14:00;Sudeste;Loja física;Áudio e Vídeo;Caixa Bluetooth;2;835.47;Crédito;Baixo
T004821;2026-07-25 18:31:00;Sudeste;Marketplace;Games;Console PlaySphere 5;2;8223.66;Pix;Alto
T004822;2026-03-09 06:01:00;Nordeste;Loja física;Informática;Notebook 15 Pro;2;7077.92;Pix;Médio
T004823;2026-04-03 03:08:00;Norte;Site;Celulares;Smartphone Vega 128GB;1;1310.43;Débito;Baixo
T004824;2026-06-02 04:36:00;Nordeste;Loja física;Escritório;Cadeira Ergonômica;2;2121.99;Pix;Baixo
T004825;2026-03-16 18:19:00;Centro-Oeste;Loja física;Informática;Notebook 14 Air;2;6851.41;Débito;Baixo
T004826;2026-01-07 03:41:00;Nordeste;Site;Celulares;Smartphone Vega Max 256GB;1;2463.02;Boleto;Baixo
T004827;2026-06-20 23:02:00;Sudeste;Loja física;Celulares;Smartphone Vega Max 256GB;3;7209.88;Débito;Médio
T004828;2026-08-29 10:03:00;Sudeste;Marketplace;Celulares;Fone Bluetooth;2;493.14;Crédito;Baixo
T004829;2026-03-26 17:17:00;Nordeste;Aplicativo;Games;Volante Racing;3;3437.35;Crédito;Baixo
T004830;2026-08-17 20:13:00;Norte;Site;Casa e Cozinha;Panela Elétrica 5L;1;362.72;Crédito;Baixo
T004831;2026-03-19 03:12:00;Sudeste;Loja física;Áudio e Vídeo;Headset Gamer;2;569.78;Pix;Baixo
T004832;2026-01-31 12:55:00;Sul;Aplicativo;Casa e Cozinha;Air Fryer 5L;1;493.66;Crédito;Baixo
T004833;2026-04-15 23:52:00;Sudeste;Aplicativo;Casa e Cozinha;Liquidificador 1200W;1;261.1;Pix;Baixo
T004834;2026-06-17 21:10:00;Sul;Aplicativo;Games;Jogo Aventura Lendária;1;351.47;Crédito;Baixo
T004835;2026-03-22 18:56:00;Norte;Site;Casa e Cozinha;Jogo de Panelas 5 peças;2;850.76;Crédito;Baixo
T004836;2026-03-16 11:37:00;Sul;Site;Informática;Hub USB-C 8 em 1;1;270.41;Crédito;Baixo
T004837;2026-06-15 13:21:00;Sudeste;Marketplace;Informática;Notebook 15 Pro;1;3578.13;Débito;Médio
T004838;2026-01-04 08:52:00;Sudeste;Site;Informática;SSD SATA 480GB;3;813.93;Pix;Baixo
T004839;2026-01-27 03:27:00;Sudeste;Marketplace;Games;Controle Sem Fio;2;835.5;Pix;Baixo
T004840;2026-04-02 20:54:00;Sudeste;Site;Informática;Monitor 27 QHD;3;4193.75;Crédito;Baixo
T004841;2026-02-06 05:21:00;Centro-Oeste;Loja física;Games;Console PlaySphere 5;1;3797.69;Débito;Baixo
T004842;2026-05-01 07:46:00;Sudeste;Site;Áudio e Vídeo;Soundbar 2.1;2;1659.44;Pix;Baixo
T004843;2026-06-20 19:35:00;Centro-Oeste;Loja física;Celulares;Power Bank 20000mAh;2;425.26;Débito;Baixo
T004844;2026-07-19 22:11:00;Sul;Site;Escritório;Cadeira Ergonômica;2;2357.8;Pix;Baixo
T004845;2026-01-29 01:14:00;Centro-Oeste;Marketplace;Casa e Cozinha;Jogo de Panelas 5 peças;4;1477.72;Pix;Baixo
T004846;2026-08-28 16:30:00;Sudeste;Site;Casa e Cozinha;Sanduicheira Grill;2;375.65;Crédito;Baixo
T004847;2026-03-31 05:18:00;Sul;Loja física;Celulares;Capa Antichoque;1;63.88;Crédito;Baixo
T004848;2026-06-19 14:19:00;Sudeste;Site;Informática;Notebook 14 Air;4;13468.23;Débito;Médio
T004849;2026-03-25 21:15:00;Sul;Site;Informática;Webcam Full HD;3;679.78;Débito;Baixo
T004850;2026-05-11 19:11:00;Sul;Aplicativo;Informática;Webcam Full HD;1;246.06;Crédito;Baixo
T004851;2026-01-29 19:31:00;Sudeste;Aplicativo;Games;Jogo Corrida Pro;1;277.45;Crédito;Baixo
T004852;2026-04-17 20:30:00;Sul;Site;Áudio e Vídeo;Soundbar 2.1;1;823.91;Crédito;Baixo
T004853;2026-06-25 09:27:00;Sudeste;Aplicativo;Áudio e Vídeo;Soundbar 2.1;1;765.04;Pix;Baixo
T004854;2026-03-19 13:32:00;Sudeste;Marketplace;Games;Headset 7.1;1;475.8;Pix;Baixo
T004855;2026-04-10 10:40:00;Nordeste;Aplicativo;Celulares;Capa Antichoque;2;139.87;Crédito;Baixo
T004856;2026-08-02 15:49:00;Sudeste;Site;Celulares;Power Bank 20000mAh;2;398.36;Crédito;Baixo
T004857;2026-04-01 01:15:00;Centro-Oeste;Site;Casa e Cozinha;Jogo de Panelas 5 peças;3;1192.41;Pix;Baixo
T004858;2026-06-22 23:42:00;Sudeste;Marketplace;Celulares;Smartphone Vega Max 256GB;4;8172.08;Crédito;Alto
T004859;2026-08-28 02:37:00;Sudeste;Aplicativo;Escritório;Organizador de Mesa;1;64.08;Crédito;Baixo
T004860;2026-05-29 12:51:00;Norte;Loja física;Informática;Monitor 27 QHD;1;1413.67;Pix;Baixo
T004861;2026-02-16 11:46:00;Sul;Site;Celulares;Smartphone Vega 128GB;2;2923.32;Boleto;Baixo
T004862;2026-08-18 06:07:00;Sul;Marketplace;Games;Jogo Aventura Lendária;5;1807.58;Crédito;Baixo
T004863;2026-04-04 07:44:00;Sudeste;Site;Celulares;Smartphone Vega 128GB;1;1462.02;Crédito;Baixo
T004864;2026-07-09 23:47:00;Sudeste;Site;Casa e Cozinha;Cafeteira Programável;1;311.56;Crédito;Baixo
T004865;2026-06-20 15:43:00;Sudeste;Loja física;Escritório;Suporte para Notebook;2;201.63;Crédito;Baixo
T004866;2026-05-15 22:33:00;Sudeste;Loja física;Celulares;Película 3D;1;40.57;Crédito;Baixo
T004867;2026-01-14 00:56:00;Sul;Marketplace;Informática;Hub USB-C 8 em 1;5;1197.45;Pix;Baixo
T004868;2026-01-20 04:02:00;Centro-Oeste;Site;Celulares;Smartphone Orion 128GB;6;9522.64;Pix;Médio
T004869;2026-03-25 21:48:00;Sudeste;Site;Informática;Memória DDR4 16GB;5;1359.78;Crédito;Baixo
T004870;2026-03-07 14:40:00;Sudeste;Loja física;Áudio e Vídeo;Projetor Full HD;2;4012.63;Pix;Baixo
T004871;2026-02-07 02:34:00;Sudeste;Site;Games;Console PlaySphere 5;1;4070.02;Crédito;Baixo
T004872;2026-08-22 19:32:00;Sul;Aplicativo;Informática;Monitor 24 IPS;1;896.06;Crédito;Baixo
T004873;2026-06-05 21:39:00;Sudeste;Loja física;Escritório;Cadeira Ergonômica;1;1104.72;Pix;Baixo
T004874;2026-05-30 18:46:00;Sudeste;Loja física;Escritório;Papel A4 500 folhas;1;30.92;Pix;Baixo
T004875;2026-04-13 19:54:00;Sudeste;Site;Casa e Cozinha;Kit Potes Herméticos;2;254.01;Pix;Baixo
T004876;2026-03-29 10:47:00;Sudeste;Marketplace;Escritório;Organizador de Mesa;1;66.7;Crédito;Baixo
T004877;2026-06-29 03:04:00;Sul;Site;Celulares;Smartphone Vega 128GB;1;1461.41;Crédito;Baixo
T004878;2026-08-22 19:43:00;Sudeste;Site;Celulares;Smartphone Vega 128GB;1;1440.43;Crédito;Baixo
T004879;2026-01-14 21:24:00;Sul;Site;Informática;Monitor 24 IPS;2;1671.58;Crédito;Baixo
T004880;2026-01-14 04:11:00;Sul;Marketplace;Áudio e Vídeo;Caixa Bluetooth;1;412.68;Pix;Baixo
T004881;2026-08-25 00:10:00;Centro-Oeste;Loja física;Games;Controle Sem Fio;3;1102.29;Crédito;Baixo
T004882;2026-01-15 21:32:00;Sul;Loja física;Games;Console PlaySphere 5;1;4518.21;Pix;Baixo
T004883;2026-08-09 19:00:00;Sudeste;Site;Escritório;Cadeira Ergonômica;2;2161.39;Pix;Baixo
T004884;2026-08-11 08:35:00;Sudeste;Site;Celulares;Smartphone Vega Max 256GB;1;2324.86;Crédito;Baixo
T004885;2026-04-17 07:39:00;Sul;Aplicativo;Celulares;Película 3D;5;181.56;Pix;Baixo
T004886;2026-04-10 06:41:00;Sul;Aplicativo;Celulares;Smartphone Vega Max 256GB;1;2470.69;Crédito;Baixo
T004887;2026-06-17 21:02:00;Nordeste;Site;Áudio e Vídeo;Smart TV 43 4K;1;1890.9;Pix;Baixo
T004888;2026-04-21 14:11:00;Nordeste;Site;Casa e Cozinha;Balança Digital Cozinha;1;82.45;Pix;Baixo
T004889;2026-02-25 19:33:00;Sudeste;Site;Áudio e Vídeo;Smart TV 43 4K;2;3943.01;Pix;Baixo
T004890;2026-06-10 10:36:00;Nordeste;Aplicativo;Celulares;Smartphone Orion Pro 256GB;1;2607.83;Crédito;Baixo
T004891;2026-03-09 20:59:00;Sudeste;Aplicativo;Celulares;Capa Antichoque;3;207.87;Pix;Baixo
T004892;2026-01-01 16:12:00;Sudeste;Loja física;Informática;Hub USB-C 8 em 1;1;249.02;Crédito;Baixo
T004893;2026-01-03 14:48:00;Sudeste;Loja física;Games;Console NovaBox X;1;3459.26;Crédito;Baixo
T004894;2026-04-07 08:47:00;Nordeste;Aplicativo;Games;Console NovaBox X;6;22129.74;Crédito;Médio
T004895;2026-04-30 03:37:00;Sul;Site;Informática;Notebook 14 Air;1;3242.59;Pix;Baixo
T004896;2026-06-15 08:37:00;Sudeste;Aplicativo;Casa e Cozinha;Aspirador Vertical;1;516.92;Crédito;Baixo
T004897;2026-01-09 11:16:00;Norte;Loja física;Escritório;Cadeira Ergonômica;2;2329.98;Pix;Baixo
T004898;2026-06-29 10:27:00;Sudeste;Aplicativo;Áudio e Vídeo;Smart TV 43 4K;1;2317.89;Boleto;Baixo
T004899;2026-03-05 23:58:00;Sul;Loja física;Escritório;Luminária LED;1;147.51;Crédito;Baixo
T004900;2026-04-24 23:41:00;Sul;Marketplace;Casa e Cozinha;Air Fryer 5L;4;1898.12;Pix;Baixo
T004901;2026-04-05 15:02:00;Sudeste;Aplicativo;Informática;Mouse Sem Fio;2;234.88;Pix;Baixo
T004902;2026-04-21 01:31:00;Nordeste;Aplicativo;Informática;Memória DDR4 16GB;2;497.76;Pix;Baixo
T004903;2026-03-07 08:01:00;Sul;Marketplace;Informática;Mochila para Notebook;1;172.36;Débito;Baixo
T004904;2026-01-06 07:35:00;Nordeste;Aplicativo;Games;Cadeira Gamer;1;999.48;Pix;Baixo
T004905;2026-02-15 09:04:00;Sudeste;Aplicativo;Celulares;Power Bank 20000mAh;1;235.83;Crédito;Baixo
T004906;2026-06-23 19:52:00;Sul;Marketplace;Celulares;Smartphone Orion 128GB;1;1744.0;Boleto;Médio
T004907;2026-01-04 21:52:00;Centro-Oeste;Site;Games;Jogo Aventura Lendária;1;345.93;Pix;Baixo
T004908;2026-03-23 09:33:00;Sudeste;Loja física;Informática;Monitor 24 IPS;3;2580.65;Crédito;Baixo
T004909;2026-08-15 00:18:00;Sudeste;Site;Informática;Webcam Full HD;1;219.93;Crédito;Baixo
T004910;2026-01-07 22:44:00;Sudeste;Loja física;Informática;SSD NVMe 1TB;1;485.82;Crédito;Baixo
T004911;2026-01-04 17:11:00;Centro-Oeste;Loja física;Informática;Notebook 15 Pro;1;3624.95;Crédito;Baixo
T004912;2026-07-26 22:31:00;Sudeste;Site;Casa e Cozinha;Air Fryer 5L;3;1346.43;Crédito;Baixo
T004913;2026-05-18 23:03:00;Sul;Site;Áudio e Vídeo;Headset Gamer;3;749.52;Crédito;Baixo
T004914;2026-08-10 07:21:00;Sul;Aplicativo;Casa e Cozinha;Air Fryer 5L;2;859.2;Pix;Baixo
T004915;2026-04-08 17:52:00;Centro-Oeste;Site;Games;Jogo Corrida Pro;2;562.24;Crédito;Baixo
T004916;2026-04-30 08:52:00;Sul;Aplicativo;Games;Headset 7.1;2;927.71;Pix;Baixo
T004917;2026-03-03 03:30:00;Centro-Oeste;Site;Escritório;Suporte para Notebook;1;104.96;Crédito;Baixo
T004918;2026-05-08 18:35:00;Norte;Aplicativo;Escritório;Luminária LED;3;433.44;Boleto;Baixo
T004919;2026-06-30 12:02:00;Nordeste;Site;Escritório;Organizador de Mesa;2;123.85;Boleto;Baixo
T004920;2026-01-10 11:56:00;Nordeste;Aplicativo;Áudio e Vídeo;Soundbar 2.1;1;826.26;Crédito;Baixo
T004921;2026-08-19 06:42:00;Norte;Aplicativo;Celulares;Smartphone Orion 128GB;2;3366.27;Crédito;Baixo
T004922;2026-05-23 01:30:00;Sudeste;Site;Áudio e Vídeo;Microfone USB;1;319.67;Crédito;Baixo
T004923;2026-06-14 09:31:00;Sul;Site;Informática;Monitor 27 QHD;2;3220.01;Pix;Baixo
T004924;2026-04-19 16:50:00;Centro-Oeste;Site;Celulares;Capa Antichoque;1;70.24;Crédito;Baixo
T004925;2026-07-02 02:01:00;Sudeste;Site;Casa e Cozinha;Liquidificador 1200W;1;283.12;Pix;Baixo
T004926;2026-04-18 21:06:00;Sudeste;Aplicativo;Escritório;Impressora Multifuncional;1;939.32;Débito;Baixo
T004927;2026-03-21 22:40:00;Sudeste;Marketplace;Áudio e Vídeo;Smart TV 55 4K;1;3152.12;Crédito;Baixo
T004928;2026-07-14 20:29:00;Sudeste;Aplicativo;Informática;Mochila para Notebook;2;342.21;Crédito;Baixo
T004929;2026-08-20 21:33:00;Sudeste;Aplicativo;Games;Volante Racing;1;1252.08;Pix;Baixo
T004930;2026-03-25 06:42:00;Sudeste;Marketplace;Áudio e Vídeo;Projetor Full HD;1;1893.69;Crédito;Baixo
T004931;2026-04-23 13:07:00;Nordeste;Loja física;Informática;Notebook 14 Air;2;6965.61;Crédito;Baixo
T004932;2026-06-28 23:48:00;Norte;Marketplace;Escritório;Cadeira Ergonômica;2;2093.2;Crédito;Baixo
T004933;2026-02-07 20:25:00;Sudeste;Aplicativo;Informática;Hub USB-C 8 em 1;3;767.42;Pix;Baixo
T004934;2026-01-27 19:39:00;Sul;Aplicativo;Informática;Notebook 15 Pro;1;3992.02;Pix;Baixo
T004935;2026-07-08 09:59:00;Centro-Oeste;Loja física;Casa e Cozinha;Liquidificador 1200W;1;258.22;Débito;Baixo
T004936;2026-08-22 13:43:00;Sul;Loja física;Casa e Cozinha;Panela Elétrica 5L;1;333.97;Crédito;Baixo
T004937;2026-06-14 16:24:00;Sudeste;Site;Casa e Cozinha;Liquidificador 1200W;1;279.22;Crédito;Baixo
T004938;2026-01-05 21:55:00;Centro-Oeste;Aplicativo;Games;Volante Racing;1;1360.99;Débito;Baixo
T004939;2026-01-04 07:23:00;Sudeste;Site;Casa e Cozinha;Jogo de Panelas 5 peças;1;429.87;Débito;Baixo
T004940;2026-07-08 22:10:00;Sul;Site;Áudio e Vídeo;Projetor Full HD;1;1753.67;Crédito;Baixo
T004941;2026-03-24 18:25:00;Sudeste;Aplicativo;Áudio e Vídeo;Headset Gamer;2;602.25;Pix;Baixo
T004942;2026-03-25 18:49:00;Sul;Site;Informática;Notebook 14 Air;1;3459.63;Crédito;Baixo
T004943;2026-05-21 16:52:00;Sudeste;Site;Informática;Monitor 27 QHD;1;1406.6;Pix;Baixo
T004944;2026-04-23 17:16:00;Sudeste;Aplicativo;Games;Volante Racing;2;2274.31;Pix;Baixo
T004945;2026-03-16 04:55:00;Sul;Site;Games;Volante Racing;3;3386.57;Pix;Baixo
T004946;2026-08-27 09:54:00;Nordeste;Loja física;Escritório;Luminária LED;2;259.79;Pix;Baixo
T004947;2026-08-07 14:57:00;Nordeste;Loja física;Áudio e Vídeo;Headset Gamer;1;275.83;Pix;Baixo
T004948;2026-06-10 18:50:00;Sul;Loja física;Áudio e Vídeo;Soundbar 2.1;1;791.37;Débito;Baixo
T004949;2026-07-17 11:53:00;Sudeste;Site;Áudio e Vídeo;Soundbar 2.1;1;718.33;Pix;Baixo
T004950;2026-02-22 11:56:00;Sudeste;Aplicativo;Celulares;Smartphone Vega 128GB;1;1574.6;Crédito;Baixo
T004951;2026-05-07 07:50:00;Nordeste;Aplicativo;Celulares;Capa Antichoque;3;207.9;Pix;Baixo
T004952;2026-07-28 12:31:00;Nordeste;Loja física;Celulares;Smartphone Orion 128GB;1;1571.7;Pix;Baixo
T004953;2026-05-11 17:22:00;Sudeste;Site;Informática;Monitor 27 QHD;2;3004.64;Crédito;Baixo
T004954;2026-08-03 08:26:00;Norte;Loja física;Games;Cadeira Gamer;1;1090.28;Pix;Baixo
T004955;2026-07-07 11:08:00;Centro-Oeste;Loja física;Escritório;Organizador de Mesa;2;129.18;Pix;Baixo
T004956;2026-08-18 06:47:00;Sudeste;Site;Áudio e Vídeo;Microfone USB;5;1636.58;Crédito;Baixo
T004957;2026-05-27 02:22:00;Sudeste;Site;Informática;Notebook 15 Pro;2;7575.56;Crédito;Médio
T004958;2026-04-12 00:11:00;Sudeste;Loja física;Celulares;Power Bank 20000mAh;1;196.69;Crédito;Baixo
T004959;2026-03-19 05:54:00;Sudeste;Aplicativo;Casa e Cozinha;Sanduicheira Grill;1;157.09;Crédito;Baixo
T004960;2026-03-21 05:27:00;Nordeste;Site;Celulares;Smartphone Orion Pro 256GB;1;2583.43;Crédito;Baixo
T004961;2026-04-30 17:11:00;Nordeste;Loja física;Informática;SSD SATA 480GB;2;514.27;Pix;Baixo
T004962;2026-06-28 17:12:00;Sudeste;Aplicativo;Informática;Webcam Full HD;1;230.75;Crédito;Baixo
T004963;2026-03-06 18:13:00;Nordeste;Marketplace;Escritório;Papel A4 500 folhas;1;36.12;Débito;Baixo
T004964;2026-05-15 08:45:00;Nordeste;Site;Celulares;Power Bank 20000mAh;1;204.39;Boleto;Baixo
T004965;2026-02-11 00:40:00;Centro-Oeste;Loja física;Celulares;Smartphone Vega Max 256GB;1;2461.46;Pix;Baixo
T004966;2026-06-11 20:08:00;Sudeste;Aplicativo;Casa e Cozinha;Kit Potes Herméticos;1;122.91;Boleto;Baixo
T004967;2026-01-02 05:34:00;Sul;Aplicativo;Informática;Mochila para Notebook;2;363.3;Crédito;Baixo
T004968;2026-08-27 01:23:00;Sudeste;Aplicativo;Casa e Cozinha;Cafeteira Programável;1;295.2;Débito;Baixo
T004969;2026-07-06 20:26:00;Sul;Site;Casa e Cozinha;Balança Digital Cozinha;2;174.52;Pix;Baixo
T004970;2026-02-07 15:10:00;Sul;Loja física;Casa e Cozinha;Jogo de Panelas 5 peças;1;409.56;Crédito;Baixo
T004971;2026-01-08 06:19:00;Sudeste;Loja física;Casa e Cozinha;Balança Digital Cozinha;4;348.94;Pix;Baixo
T004972;2026-02-04 14:32:00;Sul;Site;Casa e Cozinha;Panela Elétrica 5L;3;1220.44;Crédito;Baixo
T004973;2026-01-13 01:37:00;Sudeste;Loja física;Casa e Cozinha;Cafeteira Programável;1;277.73;Crédito;Baixo
T004974;2026-01-06 10:06:00;Norte;Loja física;Áudio e Vídeo;Microfone USB;4;1513.79;Pix;Baixo
T004975;2026-05-13 19:40:00;Norte;Site;Celulares;Smartphone Vega Max 256GB;2;4999.11;Crédito;Baixo
T004976;2026-01-01 19:39:00;Sudeste;Loja física;Áudio e Vídeo;Headset Gamer;1;282.23;Crédito;Baixo
T004977;2026-06-23 16:43:00;Sudeste;Site;Escritório;Suporte para Notebook;1;109.05;Crédito;Baixo
T004978;2026-03-23 19:23:00;Sul;Aplicativo;Celulares;Capa Antichoque;3;201.06;Pix;Baixo
T004979;2026-03-16 10:00:00;Sudeste;Site;Informática;Monitor 27 QHD;1;1689.8;Crédito;Baixo
T004980;2026-03-28 02:12:00;Nordeste;Aplicativo;Informática;Mouse Sem Fio;6;673.92;Crédito;Baixo
T004981;2026-03-13 06:32:00;Sudeste;Site;Escritório;Cadeira Ergonômica;2;2159.48;Pix;Baixo
T004982;2026-05-06 15:07:00;Sudeste;Marketplace;Informática;Mochila para Notebook;4;651.36;Crédito;Baixo
T004983;2026-04-26 03:21:00;Sudeste;Loja física;Games;Cadeira Gamer;1;962.95;Boleto;Baixo
T004984;2026-06-15 16:39:00;Centro-Oeste;Loja física;Games;Volante Racing;3;3452.39;Crédito;Baixo
T004985;2026-02-03 21:55:00;Sudeste;Site;Casa e Cozinha;Jogo de Panelas 5 peças;1;451.0;Pix;Baixo
T004986;2026-06-10 05:33:00;Sudeste;Marketplace;Informática;Webcam Full HD;1;205.81;Crédito;Baixo
T004987;2026-05-14 01:41:00;Sudeste;Site;Casa e Cozinha;Sanduicheira Grill;2;365.01;Débito;Baixo
T004988;2026-08-30 08:55:00;Nordeste;Aplicativo;Games;Console PlaySphere 5;3;12421.74;Pix;Médio
T004989;2026-03-29 11:44:00;Nordeste;Loja física;Áudio e Vídeo;Headset Gamer;5;1511.88;Débito;Baixo
T004990;2026-08-17 23:00:00;Nordeste;Loja física;Escritório;Fragmentadora 10 folhas;1;657.97;Pix;Baixo
T004991;2026-07-25 11:48:00;Sudeste;Loja física;Games;Headset 7.1;1;476.81;Boleto;Baixo
T004992;2026-04-18 04:05:00;Sudeste;Site;Áudio e Vídeo;Microfone USB;2;631.29;Crédito;Baixo
T004993;2026-06-07 02:08:00;Nordeste;Loja física;Áudio e Vídeo;Headset Gamer;4;1084.54;Pix;Baixo
T004994;2026-08-18 03:21:00;Sul;Aplicativo;Áudio e Vídeo;Headset Gamer;3;905.72;Pix;Baixo
T004995;2026-08-04 09:10:00;Nordeste;Aplicativo;Áudio e Vídeo;Headset Gamer;2;504.14;Débito;Baixo
T004996;2026-07-17 10:30:00;Sul;Site;Escritório;Fragmentadora 10 folhas;2;1418.18;Crédito;Baixo
T004997;2026-06-07 21:04:00;Sudeste;Aplicativo;Informática;Monitor 24 IPS;1;929.91;Pix;Baixo
T004998;2026-02-13 21:54:00;Sudeste;Site;Casa e Cozinha;Sanduicheira Grill;3;479.38;Crédito;Baixo
T004999;2026-03-19 11:15:00;Sul;Aplicativo;Escritório;Luminária LED;1;144.97;Boleto;Baixo
T005000;2026-04-12 08:43:00;Centro-Oeste;Site;Informática;SSD NVMe 1TB;1;554.68;Boleto;Baixo
T005001;2026-07-18 12:37:00;Sudeste;Site;Games;Controle Sem Fio;3;1099.29;Pix;Baixo
T005002;2026-05-27 15:28:00;Sudeste;Site;Informática;Monitor 24 IPS;1;803.49;Crédito;Baixo
T005003;2026-03-28 19:48:00;Nordeste;Aplicativo;Games;Controle Sem Fio;1;350.66;Pix;Baixo
T005004;2026-04-25 20:46:00;Sul;Site;Celulares;Smartphone Vega 128GB;1;1333.12;Crédito;Baixo
T005005;2026-02-23 17:16:00;Nordeste;Aplicativo;Informática;Notebook 14 Air;2;6083.74;Pix;Baixo
T005006;2026-04-13 09:52:00;Sudeste;Site;Áudio e Vídeo;Microfone USB;2;734.93;Crédito;Baixo
T005007;2026-03-13 20:32:00;Nordeste;Marketplace;Casa e Cozinha;Sanduicheira Grill;1;166.59;Pix;Baixo
T005008;2026-04-23 21:07:00;Sudeste;Site;Casa e Cozinha;Jogo de Panelas 5 peças;2;828.7;Pix;Baixo
T005009;2026-07-10 21:02:00;Norte;Loja física;Celulares;Smartphone Vega 128GB;1;1286.96;Crédito;Baixo
T005010;2026-06-26 03:28:00;Centro-Oeste;Site;Games;Console PlaySphere 5;3;11589.78;Débito;Médio
T005011;2026-04-17 13:15:00;Sul;Aplicativo;Escritório;Impressora Multifuncional;6;5405.36;Crédito;Baixo
T005012;2026-05-22 19:16:00;Nordeste;Aplicativo;Celulares;Capa Antichoque;1;70.23;Crédito;Baixo
T005013;2026-08-06 16:33:00;Centro-Oeste;Aplicativo;Escritório;Suporte para Notebook;4;465.83;Pix;Baixo
T005014;2026-01-19 11:36:00;Sudeste;Site;Casa e Cozinha;Liquidificador 1200W;1;263.07;Débito;Baixo
T005015;2026-07-21 23:42:00;Norte;Site;Informática;SSD NVMe 1TB;1;482.25;Débito;Baixo
T005016;2026-01-24 16:54:00;Sudeste;Aplicativo;Casa e Cozinha;Sanduicheira Grill;1;186.69;Crédito;Baixo
T005017;2026-01-25 02:57:00;Sudeste;Aplicativo;Áudio e Vídeo;Suporte TV Articulado;3;452.46;Crédito;Baixo
T005018;2026-07-16 03:56:00;Sudeste;Site;Escritório;Fragmentadora 10 folhas;1;671.98;Crédito;Baixo
T005019;2026-03-27 21:21:00;Sul;Marketplace;Informática;Hub USB-C 8 em 1;1;291.44;Crédito;Baixo
T005020;2026-04-21 08:36:00;Norte;Loja física;Casa e Cozinha;Liquidificador 1200W;1;244.88;Débito;Baixo
T005021;2026-06-23 05:47:00;Sul;Loja física;Celulares;Película 3D;1;35.88;Débito;Baixo
T005022;2026-03-13 23:25:00;Norte;Site;Informática;Notebook 15 Pro;3;9992.94;Crédito;Médio
T005023;2026-02-13 22:39:00;Nordeste;Loja física;Escritório;Impressora Multifuncional;1;891.92;Pix;Baixo
T005024;2026-01-15 21:50:00;Nordeste;Marketplace;Escritório;Organizador de Mesa;1;69.18;Crédito;Baixo
T005025;2026-06-20 17:25:00;Sudeste;Site;Informática;Mouse Sem Fio;1;118.68;Pix;Baixo
T005026;2026-05-06 02:24:00;Sul;Aplicativo;Áudio e Vídeo;Smart TV 43 4K;1;2250.46;Débito;Baixo
T005027;2026-04-18 18:14:00;Centro-Oeste;Aplicativo;Celulares;Capa Antichoque;1;70.93;Crédito;Baixo
T005028;2026-08-08 09:16:00;Sudeste;Aplicativo;Casa e Cozinha;Balança Digital Cozinha;1;82.31;Pix;Baixo
T005029;2026-03-05 10:07:00;Sudeste;Loja física;Celulares;Película 3D;4;136.6;Crédito;Baixo
T005030;2026-06-09 17:16:00;Nordeste;Loja física;Informática;Mochila para Notebook;5;856.6;Crédito;Baixo
T005031;2026-03-09 20:28:00;Sul;Aplicativo;Games;Volante Racing;1;1106.79;Pix;Baixo
T005032;2026-07-24 01:43:00;Sudeste;Site;Casa e Cozinha;Balança Digital Cozinha;1;94.21;Débito;Baixo
T005033;2026-05-16 11:13:00;Sudeste;Loja física;Escritório;Fragmentadora 10 folhas;1;700.57;Pix;Baixo
T005034;2026-07-25 10:30:00;Nordeste;Site;Informática;Mouse Sem Fio;1;127.43;Crédito;Baixo
T005035;2026-02-01 07:51:00;Sudeste;Loja física;Escritório;Mesa Escritório 120cm;2;1106.18;Pix;Baixo
T005036;2026-05-31 03:51:00;Sul;Site;Escritório;Organizador de Mesa;1;59.79;Crédito;Baixo
T005037;2026-01-12 20:06:00;Sudeste;Site;Casa e Cozinha;Sanduicheira Grill;1;187.94;Débito;Baixo
T005038;2026-05-08 16:59:00;Sudeste;Site;Áudio e Vídeo;Headset Gamer;3;785.63;Crédito;Baixo
T005039;2026-01-22 12:54:00;Nordeste;Loja física;Escritório;Mesa Escritório 120cm;3;1816.41;Crédito;Baixo
T005040;2026-06-04 19:36:00;Sudeste;Site;Informática;Monitor 27 QHD;1;1564.81;Crédito;Baixo
T005041;2026-05-08 08:53:00;Centro-Oeste;Marketplace;Escritório;Luminária LED;1;129.86;Crédito;Baixo
T005042;2026-01-29 16:58:00;Sul;Loja física;Informática;Hub USB-C 8 em 1;1;261.84;Crédito;Baixo
T005043;2026-02-01 07:13:00;Sudeste;Aplicativo;Casa e Cozinha;Kit Potes Herméticos;4;468.71;Pix;Baixo
T005044;2026-05-31 09:00:00;Sul;Marketplace;Informática;Notebook 15 Pro;2;6637.0;Pix;Médio
T005045;2026-02-23 02:31:00;Sul;Aplicativo;Escritório;Mesa Escritório 120cm;2;1336.46;Pix;Baixo
T005046;2026-07-05 23:37:00;Sudeste;Loja física;Celulares;Carregador USB-C 30W;1;126.93;Crédito;Baixo
T005047;2026-04-14 14:01:00;Sudeste;Loja física;Celulares;Smartphone Vega Max 256GB;3;6610.83;Crédito;Baixo
T005048;2026-06-03 21:33:00;Nordeste;Loja física;Escritório;Suporte para Notebook;1;111.23;Pix;Baixo
T005049;2026-07-18 08:27:00;Sudeste;Site;Áudio e Vídeo;Smart TV 55 4K;2;5586.39;Crédito;Baixo
T005050;2026-08-14 07:40:00;Centro-Oeste;Site;Áudio e Vídeo;Soundbar 2.1;1;680.18;Crédito;Baixo
T005051;2026-08-31 04:36:00;Sudeste;Aplicativo;Celulares;Fone Bluetooth;1;252.9;Crédito;Baixo
T005052;2026-03-20 00:05:00;Centro-Oeste;Site;Escritório;Luminária LED;3;361.9;Crédito;Baixo
T005053;2026-07-27 21:15:00;Sudeste;Site;Escritório;Papel A4 500 folhas;1;32.71;Débito;Baixo
T005054;2026-02-26 21:13:00;Sul;Site;Celulares;Carregador USB-C 30W;5;526.09;Crédito;Baixo
T005055;2026-07-05 16:30:00;Norte;Aplicativo;Casa e Cozinha;Cafeteira Programável;1;273.7;Pix;Baixo
T005056;2026-05-09 08:49:00;Sudeste;Marketplace;Áudio e Vídeo;Projetor Full HD;1;1852.41;Crédito;Baixo
T005057;2026-03-19 13:58:00;Centro-Oeste;Loja física;Celulares;Capa Antichoque;2;143.99;Boleto;Baixo
T005058;2026-03-05 01:24:00;Sudeste;Loja física;Casa e Cozinha;Sanduicheira Grill;2;306.75;Crédito;Baixo
T005059;2026-06-24 15:41:00;Sul;Site;Escritório;Papel A4 500 folhas;2;64.5;Débito;Baixo
T005060;2026-08-02 01:01:00;Sudeste;Site;Escritório;Papel A4 500 folhas;2;68.02;Crédito;Baixo
T005061;2026-03-28 14:18:00;Sudeste;Marketplace;Escritório;Luminária LED;2;247.61;Crédito;Baixo
T005062;2026-04-20 02:47:00;Sudeste;Aplicativo;Games;Jogo Corrida Pro;1;302.89;Débito;Baixo
T005063;2026-04-26 20:17:00;Sul;Site;Celulares;Fone Bluetooth;1;215.17;Crédito;Baixo
T005064;2026-03-01 21:55:00;Sudeste;Aplicativo;Escritório;Cadeira Ergonômica;5;6304.76;Débito;Baixo
T005065;2026-05-02 22:36:00;Sudeste;Loja física;Celulares;Power Bank 20000mAh;1;205.83;Crédito;Baixo
T005066;2026-01-01 08:43:00;Nordeste;Aplicativo;Casa e Cozinha;Aspirador Vertical;1;475.39;Débito;Baixo
T005067;2026-07-31 11:37:00;Norte;Site;Escritório;Organizador de Mesa;3;198.76;Crédito;Baixo
T005068;2026-03-10 17:03:00;Nordeste;Site;Informática;SSD SATA 480GB;1;257.59;Débito;Baixo
T005069;2026-02-23 17:12:00;Nordeste;Aplicativo;Escritório;Organizador de Mesa;2;123.37;Crédito;Baixo
T005070;2026-08-05 02:35:00;Nordeste;Loja física;Casa e Cozinha;Liquidificador 1200W;2;512.16;Crédito;Baixo
T005071;2026-05-09 04:16:00;Centro-Oeste;Aplicativo;Casa e Cozinha;Aspirador Vertical;1;467.89;Crédito;Baixo
T005072;2026-06-14 19:06:00;Nordeste;Loja física;Celulares;Smartphone Vega Max 256GB;5;11923.71;Crédito;Médio
T005073;2026-03-16 02:45:00;Sudeste;Loja física;Celulares;Smartphone Vega 128GB;2;3073.68;Pix;Baixo
T005074;2026-07-28 16:46:00;Sudeste;Site;Casa e Cozinha;Jogo de Panelas 5 peças;2;890.19;Pix;Baixo
T005075;2026-06-09 23:00:00;Norte;Aplicativo;Informática;Notebook 14 Air;1;3267.49;Débito;Baixo
T005076;2026-06-07 16:27:00;Norte;Site;Casa e Cozinha;Kit Potes Herméticos;1;131.31;Crédito;Baixo
T005077;2026-05-21 15:36:00;Sul;Marketplace;Informática;Webcam Full HD;2;408.88;Crédito;Baixo
T005078;2026-04-20 23:19:00;Norte;Site;Celulares;Carregador USB-C 30W;3;374.84;Pix;Baixo
T005079;2026-02-26 00:28:00;Sudeste;Site;Áudio e Vídeo;Caixa Bluetooth;1;406.03;Pix;Baixo
T005080;2026-07-23 21:47:00;Sudeste;Loja física;Celulares;Película 3D;2;68.41;Pix;Baixo
T005081;2026-02-07 16:10:00;Norte;Site;Games;Jogo Aventura Lendária;3;903.66;Boleto;Baixo
T005082;2026-04-27 02:03:00;Sudeste;Site;Áudio e Vídeo;Suporte TV Articulado;1;172.26;Crédito;Baixo
T005083;2026-06-30 17:09:00;Norte;Aplicativo;Celulares;Carregador USB-C 30W;5;618.29;Pix;Baixo
T005084;2026-06-08 01:53:00;Centro-Oeste;Aplicativo;Celulares;Power Bank 20000mAh;3;729.83;Pix;Baixo
T005085;2026-03-13 05:17:00;Sul;Aplicativo;Escritório;Papel A4 500 folhas;1;32.23;Pix;Baixo
T005086;2026-08-09 23:25:00;Centro-Oeste;Aplicativo;Escritório;Impressora Multifuncional;1;947.73;Débito;Baixo
T005087;2026-04-03 13:41:00;Sudeste;Site;Casa e Cozinha;Panela Elétrica 5L;3;1132.84;Crédito;Baixo
T005088;2026-02-02 10:33:00;Nordeste;Site;Áudio e Vídeo;Smart TV 55 4K;2;5654.13;Débito;Baixo
T005089;2026-01-19 15:11:00;Sudeste;Site;Casa e Cozinha;Jogo de Panelas 5 peças;1;415.14;Crédito;Baixo
T005090;2026-03-03 05:55:00;Centro-Oeste;Site;Informática;SSD NVMe 1TB;1;480.06;Débito;Baixo
T005091;2026-08-11 20:46:00;Sudeste;Site;Casa e Cozinha;Jogo de Panelas 5 peças;2;866.75;Crédito;Baixo
T005092;2026-03-05 05:34:00;Nordeste;Loja física;Casa e Cozinha;Panela Elétrica 5L;3;1043.19;Crédito;Baixo
T005093;2026-07-21 10:24:00;Norte;Site;Games;Jogo Aventura Lendária;5;1623.1;Pix;Baixo
T005094;2026-08-29 10:13:00;Sudeste;Loja física;Casa e Cozinha;Liquidificador 1200W;2;550.44;Débito;Baixo
T005095;2026-05-07 08:17:00;Sudeste;Site;Escritório;Cadeira Ergonômica;1;1261.67;Crédito;Baixo
T005096;2026-01-04 01:52:00;Sudeste;Loja física;Informática;Mouse Sem Fio;3;404.52;Débito;Baixo
T005097;2026-07-26 18:50:00;Centro-Oeste;Aplicativo;Games;Jogo Corrida Pro;1;296.34;Débito;Baixo
T005098;2026-07-25 09:42:00;Sudeste;Loja física;Casa e Cozinha;Balança Digital Cozinha;1;80.14;Crédito;Baixo
T005099;2026-07-28 02:55:00;Sudeste;Aplicativo;Informática;Mochila para Notebook;1;190.54;Crédito;Baixo
T005100;2026-05-24 00:22:00;Sudeste;Site;Informática;Mochila para Notebook;2;382.07;Pix;Baixo
T005101;2026-07-25 03:25:00;Sul;Loja física;Escritório;Organizador de Mesa;1;61.89;Crédito;Baixo
T005102;2026-07-06 04:12:00;Nordeste;Loja física;Casa e Cozinha;Cafeteira Programável;1;281.48;Boleto;Baixo
T005103;2026-05-27 09:24:00;Sudeste;Aplicativo;Celulares;Smartphone Vega Max 256GB;6;12288.87;Crédito;Médio
T005104;2026-02-06 01:45:00;Centro-Oeste;Loja física;Casa e Cozinha;Liquidificador 1200W;1;255.71;Pix;Baixo
T005105;2026-01-06 08:09:00;Sudeste;Site;Celulares;Película 3D;4;164.74;Pix;Baixo
T005106;2026-01-04 11:59:00;Nordeste;Loja física;Escritório;Luminária LED;1;145.11;Crédito;Baixo
T005107;2026-08-27 22:49:00;Sudeste;Site;Casa e Cozinha;Cafeteira Programável;1;280.17;Crédito;Baixo
T005108;2026-03-20 16:08:00;Sudeste;Site;Celulares;Smartphone Orion Pro 256GB;1;2684.07;Crédito;Baixo
T005109;2026-02-06 10:38:00;Sudeste;Aplicativo;Celulares;Smartphone Vega Max 256GB;2;4431.94;Crédito;Baixo
T005110;2026-01-25 02:58:00;Sul;Site;Celulares;Smartphone Orion Pro 256GB;2;5741.36;Crédito;Baixo
T005111;2026-07-21 11:56:00;Sudeste;Marketplace;Games;Headset 7.1;4;1909.15;Pix;Baixo
T005112;2026-05-21 15:33:00;Sudeste;Aplicativo;Áudio e Vídeo;Projetor Full HD;1;1868.52;Crédito;Baixo
T005113;2026-05-27 09:53:00;Norte;Site;Celulares;Fone Bluetooth;4;1044.27;Débito;Baixo
T005114;2026-05-21 16:49:00;Nordeste;Site;Escritório;Papel A4 500 folhas;1;35.59;Boleto;Baixo
T005115;2026-03-05 06:48:00;Nordeste;Loja física;Escritório;Mesa Escritório 120cm;1;586.17;Pix;Baixo
T005116;2026-05-20 21:01:00;Sudeste;Site;Casa e Cozinha;Kit Potes Herméticos;5;674.89;Crédito;Baixo
T005117;2026-04-08 17:07:00;Centro-Oeste;Aplicativo;Casa e Cozinha;Balança Digital Cozinha;1;86.39;Débito;Baixo
T005118;2026-02-28 21:44:00;Norte;Aplicativo;Informática;Memória DDR4 16GB;4;1135.13;Crédito;Baixo
T005119;2026-05-26 06:58:00;Centro-Oeste;Aplicativo;Informática;Webcam Full HD;1;225.38;Crédito;Baixo
T005120;2026-01-18 08:15:00;Centro-Oeste;Site;Áudio e Vídeo;Headset Gamer;5;1364.08;Débito;Baixo
T005121;2026-05-27 01:06:00;Sudeste;Site;Escritório;Papel A4 500 folhas;1;32.37;Crédito;Baixo
T005122;2026-04-18 01:35:00;Sul;Marketplace;Games;Console PlaySphere 5;2;8418.51;Crédito;Alto
T005123;2026-08-23 09:56:00;Nordeste;Aplicativo;Games;Cadeira Gamer;1;1164.98;Pix;Baixo
T005124;2026-02-25 23:35:00;Sudeste;Loja física;Casa e Cozinha;Aspirador Vertical;2;1013.12;Débito;Baixo
T005125;2026-02-01 04:22:00;Nordeste;Site;Áudio e Vídeo;Smart TV 55 4K;2;5816.38;Débito;Baixo
T005126;2026-02-22 10:31:00;Sudeste;Marketplace;Celulares;Smartphone Orion Pro 256GB;2;5198.59;Pix;Médio
T005127;2026-08-17 01:00:00;Nordeste;Marketplace;Escritório;Cadeira Ergonômica;2;2460.48;Crédito;Baixo
T005128;2026-08-09 21:28:00;Sudeste;Site;Casa e Cozinha;Cafeteira Programável;3;843.34;Crédito;Baixo
T005129;2026-03-08 22:12:00;Nordeste;Aplicativo;Casa e Cozinha;Kit Potes Herméticos;1;137.01;Crédito;Baixo
T005130;2026-08-12 04:29:00;Sul;Site;Escritório;Luminária LED;6;797.33;Crédito;Baixo
T005131;2026-03-03 14:19:00;Sul;Site;Informática;Monitor 24 IPS;2;1781.96;Crédito;Baixo
T005132;2026-08-17 17:36:00;Sudeste;Site;Escritório;Mesa Escritório 120cm;4;2443.71;Débito;Baixo
T005133;2026-01-03 14:12:00;Centro-Oeste;Site;Informática;Monitor 24 IPS;1;910.18;Crédito;Baixo
T005134;2026-05-01 18:40:00;Sudeste;Site;Áudio e Vídeo;Caixa Bluetooth;1;409.71;Débito;Baixo
T005135;2026-05-18 07:47:00;Sul;Marketplace;Áudio e Vídeo;Soundbar 2.1;1;755.5;Crédito;Baixo
T005136;2026-04-23 00:54:00;Sudeste;Marketplace;Celulares;Smartphone Orion 128GB;2;3320.18;Crédito;Baixo
T005137;2026-08-14 02:29:00;Sudeste;Loja física;Escritório;Impressora Multifuncional;2;1711.6;Pix;Baixo
T005138;2026-01-26 14:51:00;Sudeste;Marketplace;Áudio e Vídeo;Smart TV 55 4K;1;3109.49;Pix;Baixo
T005139;2026-01-25 17:16:00;Sul;Aplicativo;Celulares;Carregador USB-C 30W;2;238.4;Pix;Baixo
T005140;2026-06-12 00:27:00;Centro-Oeste;Aplicativo;Informática;Mouse Sem Fio;1;134.28;Pix;Baixo
T005141;2026-03-15 04:18:00;Sul;Loja física;Games;Volante Racing;1;1167.64;Débito;Baixo
T005142;2026-07-18 01:01:00;Centro-Oeste;Site;Casa e Cozinha;Balança Digital Cozinha;2;168.99;Pix;Baixo
T005143;2026-03-03 22:40:00;Sul;Loja física;Celulares;Smartphone Orion Pro 256GB;4;11471.33;Pix;Médio
T005144;2026-03-11 09:14:00;Sul;Marketplace;Games;Jogo Aventura Lendária;1;298.58;Crédito;Baixo
T005145;2026-06-22 22:21:00;Sudeste;Loja física;Celulares;Capa Antichoque;2;122.29;Débito;Baixo
T005146;2026-04-19 23:00:00;Sudeste;Aplicativo;Casa e Cozinha;Balança Digital Cozinha;3;279.39;Débito;Baixo
T005147;2026-05-23 14:20:00;Nordeste;Aplicativo;Games;Controle Sem Fio;5;1761.95;Crédito;Baixo
T005148;2026-04-21 08:23:00;Sudeste;Site;Áudio e Vídeo;Smart TV 43 4K;3;6666.06;Crédito;Baixo
T005149;2026-06-26 04:04:00;Nordeste;Marketplace;Informática;Webcam Full HD;3;747.71;Crédito;Baixo
T005150;2026-05-07 22:18:00;Nordeste;Site;Escritório;Mesa Escritório 120cm;1;606.28;Pix;Baixo
T005151;2026-07-26 13:57:00;Sudeste;Loja física;Celulares;Smartphone Vega 128GB;1;1445.21;Débito;Baixo
T005152;2026-08-08 17:51:00;Nordeste;Site;Casa e Cozinha;Sanduicheira Grill;1;169.11;Crédito;Baixo
T005153;2026-03-13 11:15:00;Sudeste;Site;Casa e Cozinha;Aspirador Vertical;1;515.01;Boleto;Baixo
T005154;2026-08-11 22:42:00;Sudeste;Loja física;Informática;Mouse Sem Fio;5;598.95;Débito;Baixo
T005155;2026-03-13 04:46:00;Sul;Loja física;Escritório;Organizador de Mesa;1;68.69;Pix;Baixo
T005156;2026-08-01 11:55:00;Sudeste;Site;Celulares;Fone Bluetooth;2;521.58;Pix;Baixo
T005157;2026-03-29 21:27:00;Centro-Oeste;Aplicativo;Casa e Cozinha;Air Fryer 5L;2;944.65;Crédito;Baixo
T005158;2026-06-28 05:21:00;Sudeste;Loja física;Casa e Cozinha;Panela Elétrica 5L;1;386.58;Boleto;Baixo
T005159;2026-05-18 01:20:00;Sul;Marketplace;Áudio e Vídeo;Soundbar 2.1;1;824.18;Crédito;Baixo
T005160;2026-06-23 10:45:00;Sudeste;Loja física;Games;Console PlaySphere 5;2;7403.72;Débito;Médio
T005161;2026-08-11 16:34:00;Sudeste;Aplicativo;Casa e Cozinha;Aspirador Vertical;1;508.67;Crédito;Baixo
T005162;2026-04-20 09:43:00;Sul;Aplicativo;Escritório;Organizador de Mesa;1;60.26;Pix;Baixo
T005163;2026-06-30 21:23:00;Centro-Oeste;Site;Informática;Notebook 15 Pro;2;7673.09;Débito;Médio
T005164;2026-04-24 01:12:00;Sul;Loja física;Escritório;Organizador de Mesa;3;189.69;Pix;Baixo
T005165;2026-07-20 10:46:00;Sudeste;Site;Celulares;Capa Antichoque;1;64.08;Crédito;Baixo
T005166;2026-03-05 15:36:00;Sul;Site;Informática;Monitor 27 QHD;1;1508.53;Débito;Baixo
T005167;2026-01-19 20:57:00;Sul;Site;Áudio e Vídeo;Smart TV 55 4K;2;6481.11;Pix;Baixo
T005168;2026-02-23 17:44:00;Sudeste;Site;Informática;Mochila para Notebook;1;194.69;Pix;Baixo
T005169;2026-08-19 04:57:00;Sudeste;Aplicativo;Celulares;Power Bank 20000mAh;3;670.03;Débito;Baixo
T005170;2026-05-16 20:09:00;Nordeste;Marketplace;Informática;Monitor 24 IPS;2;1762.95;Crédito;Baixo
T005171;2026-04-10 07:57:00;Sul;Site;Informática;Notebook 15 Pro;1;4069.1;Crédito;Baixo
T005172;2026-05-25 18:16:00;Sudeste;Marketplace;Games;Jogo Aventura Lendária;1;341.67;Crédito;Baixo
T005173;2026-02-15 07:09:00;Sudeste;Aplicativo;Informática;SSD SATA 480GB;1;234.89;Débito;Baixo
T005174;2026-01-05 16:02:00;Sudeste;Site;Celulares;Smartphone Orion Pro 256GB;3;9118.61;Débito;Médio
T005175;2026-06-15 22:58:00;Sudeste;Site;Áudio e Vídeo;Smart TV 43 4K;4;9142.57;Crédito;Médio
T005176;2026-06-19 16:38:00;Norte;Aplicativo;Informática;SSD SATA 480GB;1;251.87;Débito;Baixo
T005177;2026-01-04 03:48:00;Norte;Aplicativo;Informática;Webcam Full HD;1;224.0;Crédito;Baixo
T005178;2026-06-28 02:16:00;Sudeste;Aplicativo;Games;Console PlaySphere 5;2;7648.96;Crédito;Médio
T005179;2026-05-06 06:06:00;Sudeste;Site;Áudio e Vídeo;Projetor Full HD;3;5005.2;Crédito;Baixo
T005180;2026-05-16 00:43:00;Sudeste;Loja física;Informática;Hub USB-C 8 em 1;2;580.77;Crédito;Baixo
T005181;2026-02-06 02:48:00;Centro-Oeste;Loja física;Casa e Cozinha;Balança Digital Cozinha;1;90.44;Crédito;Baixo
T005182;2026-05-21 18:19:00;Norte;Site;Áudio e Vídeo;Headset Gamer;1;305.16;Boleto;Baixo
T005183;2026-05-18 12:22:00;Nordeste;Site;Escritório;Fragmentadora 10 folhas;2;1257.65;Débito;Baixo
T005184;2026-03-31 07:41:00;Nordeste;Loja física;Games;Console NovaBox X;1;3654.56;Pix;Baixo
T005185;2026-01-14 09:46:00;Sudeste;Site;Celulares;Smartphone Orion Pro 256GB;1;2532.88;Crédito;Baixo
T005186;2026-02-26 10:32:00;Sudeste;Site;Games;Console PlaySphere 5;1;3719.83;Débito;Baixo
T005187;2026-08-16 12:08:00;Centro-Oeste;Aplicativo;Escritório;Impressora Multifuncional;5;4272.6;Crédito;Baixo
T005188;2026-01-24 23:03:00;Sudeste;Aplicativo;Informática;Notebook 15 Pro;2;8059.98;Crédito;Médio
T005189;2026-06-18 16:06:00;Sudeste;Site;Informática;SSD SATA 480GB;4;1045.73;Pix;Baixo
T005190;2026-05-25 15:38:00;Sudeste;Loja física;Áudio e Vídeo;Smart TV 43 4K;2;3981.72;Débito;Baixo
T005191;2026-07-07 09:25:00;Sudeste;Site;Games;Controle Sem Fio;1;348.8;Crédito;Baixo
T005192;2026-07-11 11:48:00;Sudeste;Site;Escritório;Fragmentadora 10 folhas;4;2857.26;Pix;Baixo
T005193;2026-08-13 07:44:00;Sudeste;Marketplace;Escritório;Luminária LED;2;285.29;Pix;Baixo
T005194;2026-04-21 01:44:00;Nordeste;Site;Escritório;Papel A4 500 folhas;2;65.44;Débito;Baixo
T005195;2026-08-26 21:07:00;Nordeste;Marketplace;Escritório;Suporte para Notebook;6;630.48;Crédito;Baixo
T005196;2026-01-09 23:47:00;Sudeste;Aplicativo;Escritório;Luminária LED;1;127.06;Débito;Baixo
T005197;2026-06-15 02:31:00;Sudeste;Loja física;Casa e Cozinha;Panela Elétrica 5L;1;390.77;Pix;Baixo
T005198;2026-08-05 18:06:00;Norte;Loja física;Celulares;Carregador USB-C 30W;1;108.37;Boleto;Baixo
T005199;2026-05-12 19:24:00;Sudeste;Aplicativo;Informática;Memória DDR4 16GB;1;269.76;Débito;Baixo
T005200;2026-03-16 13:42:00;Nordeste;Site;Games;Controle Sem Fio;1;404.17;Boleto;Baixo
T005201;2026-06-15 08:33:00;Nordeste;Site;Casa e Cozinha;Sanduicheira Grill;1;181.21;Pix;Baixo
T005202;2026-07-30 09:00:00;Sudeste;Site;Áudio e Vídeo;Projetor Full HD;2;3763.91;Pix;Baixo
T005203;2026-04-25 11:09:00;Nordeste;Marketplace;Celulares;Capa Antichoque;3;201.57;Pix;Baixo
T005204;2026-06-10 11:10:00;Nordeste;Aplicativo;Informática;SSD NVMe 1TB;1;489.54;Pix;Baixo
T005205;2026-01-11 05:19:00;Sudeste;Aplicativo;Celulares;Fone Bluetooth;4;1015.43;Débito;Baixo
T005206;2026-03-23 14:15:00;Sul;Loja física;Casa e Cozinha;Sanduicheira Grill;4;650.47;Crédito;Baixo
T005207;2026-06-12 09:01:00;Sudeste;Loja física;Áudio e Vídeo;Smart TV 55 4K;2;5901.26;Pix;Baixo
T005208;2026-03-06 07:02:00;Nordeste;Loja física;Áudio e Vídeo;Headset Gamer;1;268.51;Débito;Baixo
T005209;2026-06-06 09:38:00;Sudeste;Aplicativo;Casa e Cozinha;Cafeteira Programável;3;922.34;Débito;Baixo
T005210;2026-03-06 23:17:00;Sudeste;Marketplace;Casa e Cozinha;Air Fryer 5L;4;1957.67;Crédito;Baixo
T005211;2026-01-04 09:35:00;Nordeste;Site;Casa e Cozinha;Balança Digital Cozinha;1;92.27;Crédito;Baixo
T005212;2026-05-29 03:45:00;Nordeste;Loja física;Escritório;Impressora Multifuncional;2;1753.77;Débito;Baixo
T005213;2026-06-11 05:34:00;Nordeste;Loja física;Celulares;Smartphone Orion Pro 256GB;3;8828.73;Crédito;Médio
T005214;2026-02-16 02:27:00;Sudeste;Marketplace;Informática;Monitor 24 IPS;1;833.3;Crédito;Baixo
T005215;2026-03-25 21:46:00;Sudeste;Aplicativo;Informática;Hub USB-C 8 em 1;1;252.88;Crédito;Baixo
T005216;2026-08-29 22:57:00;Sul;Loja física;Celulares;Fone Bluetooth;1;231.05;Crédito;Baixo
T005217;2026-08-30 15:26:00;Sul;Site;Games;Controle Sem Fio;1;378.86;Crédito;Baixo
T005218;2026-02-28 23:42:00;Nordeste;Site;Casa e Cozinha;Aspirador Vertical;1;497.97;Boleto;Baixo
T005219;2026-03-02 08:42:00;Sudeste;Site;Escritório;Fragmentadora 10 folhas;1;739.24;Crédito;Baixo
T005220;2026-07-07 16:08:00;Nordeste;Aplicativo;Casa e Cozinha;Sanduicheira Grill;3;532.42;Pix;Baixo
T005221;2026-06-01 05:37:00;Sudeste;Site;Informática;Monitor 24 IPS;1;821.3;Pix;Baixo
T005222;2026-05-28 08:53:00;Sul;Aplicativo;Áudio e Vídeo;Smart TV 55 4K;1;3339.41;Débito;Baixo
T005223;2026-01-26 14:25:00;Sudeste;Aplicativo;Informática;Mouse Sem Fio;1;135.46;Crédito;Baixo
T005224;2026-07-09 19:55:00;Sudeste;Marketplace;Áudio e Vídeo;Projetor Full HD;1;1942.74;Crédito;Baixo
T005225;2026-08-05 07:20:00;Centro-Oeste;Site;Games;Volante Racing;1;1191.18;Pix;Baixo
T005226;2026-02-21 12:13:00;Sudeste;Loja física;Games;Cadeira Gamer;1;1051.92;Pix;Baixo
T005227;2026-02-18 04:36:00;Sudeste;Aplicativo;Escritório;Organizador de Mesa;1;65.5;Pix;Baixo
T005228;2026-05-14 17:32:00;Sudeste;Marketplace;Celulares;Carregador USB-C 30W;1;116.55;Pix;Baixo
T005229;2026-01-27 17:13:00;Sul;Site;Games;Jogo Aventura Lendária;1;308.73;Boleto;Baixo
T005230;2026-02-23 17:54:00;Sul;Site;Áudio e Vídeo;Microfone USB;1;306.27;Crédito;Baixo
T005231;2026-02-24 21:30:00;Sudeste;Site;Celulares;Smartphone Vega 128GB;3;4448.76;Débito;Baixo
T005232;2026-08-04 21:43:00;Sul;Aplicativo;Casa e Cozinha;Kit Potes Herméticos;2;237.83;Pix;Baixo
T005233;2026-06-09 21:50:00;Centro-Oeste;Site;Celulares;Smartphone Orion 128GB;1;1840.17;Crédito;Baixo
T005234;2026-04-25 13:30:00;Sudeste;Marketplace;Celulares;Capa Antichoque;3;222.06;Crédito;Baixo
T005235;2026-01-05 21:27:00;Sudeste;Site;Casa e Cozinha;Liquidificador 1200W;1;291.05;Boleto;Baixo
T005236;2026-06-28 09:05:00;Sul;Loja física;Games;Cadeira Gamer;2;1888.76;Crédito;Baixo
T005237;2026-01-07 07:26:00;Sul;Site;Áudio e Vídeo;Microfone USB;1;352.2;Débito;Baixo
T005238;2026-07-14 13:12:00;Centro-Oeste;Site;Casa e Cozinha;Jogo de Panelas 5 peças;3;1132.01;Débito;Baixo
T005239;2026-02-01 02:29:00;Sul;Aplicativo;Games;Cadeira Gamer;1;1041.57;Pix;Baixo
T005240;2026-04-30 05:41:00;Centro-Oeste;Site;Áudio e Vídeo;Suporte TV Articulado;2;297.34;Crédito;Baixo
T005241;2026-08-28 10:24:00;Nordeste;Site;Casa e Cozinha;Liquidificador 1200W;1;277.12;Crédito;Baixo
T005242;2026-08-16 11:30:00;Sul;Site;Celulares;Smartphone Vega Max 256GB;1;2187.48;Crédito;Baixo
T005243;2026-01-02 12:11:00;Nordeste;Loja física;Games;Volante Racing;1;1287.39;Crédito;Baixo
T005244;2026-06-02 09:48:00;Sudeste;Aplicativo;Games;Cadeira Gamer;1;1048.05;Pix;Baixo
T005245;2026-02-02 16:49:00;Sul;Loja física;Informática;Monitor 24 IPS;2;1801.59;Crédito;Baixo
T005246;2026-04-26 19:40:00;Centro-Oeste;Loja física;Casa e Cozinha;Aspirador Vertical;1;518.13;Pix;Baixo
T005247;2026-07-03 07:55:00;Sudeste;Aplicativo;Celulares;Capa Antichoque;1;64.79;Pix;Baixo
T005248;2026-06-25 16:21:00;Sudeste;Site;Escritório;Organizador de Mesa;2;133.87;Pix;Baixo
T005249;2026-03-22 06:04:00;Norte;Loja física;Escritório;Fragmentadora 10 folhas;2;1401.28;Crédito;Baixo
T005250;2026-08-11 16:43:00;Centro-Oeste;Site;Celulares;Smartphone Orion 128GB;1;1598.21;Pix;Baixo
T005251;2026-05-04 00:53:00;Nordeste;Aplicativo;Celulares;Fone Bluetooth;1;256.13;Crédito;Baixo
T005252;2026-08-24 13:13:00;Sudeste;Marketplace;Áudio e Vídeo;Smart TV 43 4K;1;1958.42;Pix;Baixo
T005253;2026-03-08 23:12:00;Sudeste;Aplicativo;Escritório;Fragmentadora 10 folhas;1;680.87;Crédito;Baixo
T005254;2026-01-20 02:43:00;Norte;Aplicativo;Games;Jogo Corrida Pro;1;313.81;Crédito;Baixo
T005255;2026-08-02 16:26:00;Nordeste;Site;Áudio e Vídeo;Smart TV 55 4K;2;6464.24;Pix;Baixo
T005256;2026-08-26 08:47:00;Nordeste;Marketplace;Escritório;Organizador de Mesa;3;203.49;Crédito;Baixo
T005257;2026-06-24 09:45:00;Sul;Aplicativo;Celulares;Fone Bluetooth;2;442.61;Pix;Baixo
T005258;2026-05-17 16:18:00;Sudeste;Marketplace;Games;Jogo Aventura Lendária;1;316.07;Crédito;Baixo
T005259;2026-08-18 05:52:00;Sul;Loja física;Áudio e Vídeo;Smart TV 43 4K;1;2102.28;Débito;Baixo
T005260;2026-03-30 07:25:00;Sul;Site;Informática;Monitor 27 QHD;2;3142.83;Débito;Baixo
T005261;2026-03-01 01:05:00;Sul;Marketplace;Celulares;Capa Antichoque;3;209.58;Pix;Baixo
T005262;2026-03-13 18:51:00;Sudeste;Site;Celulares;Smartphone Orion 128GB;2;3754.47;Pix;Baixo
T005263;2026-05-17 03:00:00;Sudeste;Aplicativo;Escritório;Suporte para Notebook;1;100.33;Crédito;Baixo
T005264;2026-07-25 05:35:00;Nordeste;Loja física;Celulares;Fone Bluetooth;4;1031.41;Débito;Baixo
T005265;2026-08-22 16:36:00;Sul;Site;Informática;SSD NVMe 1TB;2;932.27;Pix;Baixo
T005266;2026-04-29 04:06:00;Sudeste;Aplicativo;Casa e Cozinha;Cafeteira Programável;1;296.2;Crédito;Baixo
T005267;2026-01-09 19:23:00;Sudeste;Site;Celulares;Smartphone Orion 128GB;3;5499.69;Débito;Baixo
T005268;2026-07-15 07:02:00;Sudeste;Site;Áudio e Vídeo;Suporte TV Articulado;2;320.94;Pix;Baixo
T005269;2026-05-25 05:21:00;Sudeste;Site;Áudio e Vídeo;Smart TV 43 4K;2;4508.99;Pix;Baixo
T005270;2026-05-15 23:38:00;Nordeste;Loja física;Informática;Monitor 27 QHD;3;4297.95;Crédito;Baixo
T005271;2026-05-22 12:20:00;Centro-Oeste;Loja física;Celulares;Carregador USB-C 30W;3;375.84;Pix;Baixo
T005272;2026-07-11 15:38:00;Nordeste;Site;Games;Volante Racing;3;3915.0;Pix;Baixo
T005273;2026-01-02 01:45:00;Sudeste;Site;Informática;Mochila para Notebook;3;581.23;Crédito;Baixo
T005274;2026-02-28 22:56:00;Norte;Aplicativo;Informática;Monitor 27 QHD;1;1477.76;Crédito;Baixo
T005275;2026-04-13 11:58:00;Norte;Loja física;Áudio e Vídeo;Suporte TV Articulado;1;154.52;Crédito;Baixo
T005276;2026-05-09 03:19:00;Sudeste;Loja física;Escritório;Luminária LED;1;124.9;Crédito;Baixo
T005277;2026-03-20 21:46:00;Nordeste;Loja física;Informática;Teclado Mecânico;1;351.94;Crédito;Baixo
T005278;2026-04-15 21:31:00;Sudeste;Site;Celulares;Power Bank 20000mAh;1;227.58;Pix;Baixo
T005279;2026-01-07 09:12:00;Sul;Loja física;Casa e Cozinha;Cafeteira Programável;2;553.58;Crédito;Baixo
T005280;2026-07-11 22:29:00;Sudeste;Site;Áudio e Vídeo;Projetor Full HD;3;5915.24;Crédito;Baixo
T005281;2026-04-29 16:31:00;Centro-Oeste;Aplicativo;Informática;Mouse Sem Fio;1;124.6;Crédito;Baixo
T005282;2026-03-31 00:25:00;Sul;Aplicativo;Áudio e Vídeo;Headset Gamer;1;299.97;Pix;Baixo
T005283;2026-08-01 02:07:00;Sudeste;Site;Áudio e Vídeo;Suporte TV Articulado;3;446.66;Pix;Baixo
T005284;2026-03-09 04:39:00;Centro-Oeste;Site;Casa e Cozinha;Air Fryer 5L;5;2220.33;Débito;Baixo
T005285;2026-07-29 13:48:00;Sudeste;Site;Informática;Memória DDR4 16GB;1;254.93;Débito;Baixo
T005286;2026-07-08 08:11:00;Nordeste;Site;Celulares;Capa Antichoque;1;64.23;Crédito;Baixo
T005287;2026-02-15 19:32:00;Sudeste;Aplicativo;Celulares;Power Bank 20000mAh;2;479.3;Pix;Baixo
T005288;2026-05-03 14:30:00;Sudeste;Site;Games;Jogo Aventura Lendária;1;346.15;Boleto;Baixo
T005289;2026-07-17 01:36:00;Norte;Marketplace;Escritório;Mesa Escritório 120cm;3;1838.35;Crédito;Baixo
T005290;2026-01-18 20:00:00;Sudeste;Loja física;Áudio e Vídeo;Caixa Bluetooth;1;353.18;Crédito;Baixo
T005291;2026-05-24 11:03:00;Sudeste;Aplicativo;Casa e Cozinha;Sanduicheira Grill;2;333.29;Crédito;Baixo
T005292;2026-06-30 00:41:00;Nordeste;Site;Casa e Cozinha;Panela Elétrica 5L;1;370.66;Débito;Baixo
T005293;2026-05-11 06:25:00;Sudeste;Loja física;Celulares;Smartphone Vega Max 256GB;2;4911.18;Crédito;Baixo
T005294;2026-06-28 21:21:00;Sudeste;Loja física;Celulares;Capa Antichoque;2;130.56;Pix;Baixo
T005295;2026-07-17 16:29:00;Norte;Loja física;Informática;SSD NVMe 1TB;1;520.35;Crédito;Baixo
T005296;2026-08-29 23:01:00;Sudeste;Site;Áudio e Vídeo;Caixa Bluetooth;1;413.29;Pix;Baixo
T005297;2026-07-30 00:47:00;Sul;Marketplace;Áudio e Vídeo;Smart TV 55 4K;2;6331.71;Crédito;Médio
T005298;2026-08-26 10:28:00;Sudeste;Site;Celulares;Película 3D;1;35.47;Pix;Baixo
T005299;2026-07-31 14:49:00;Sudeste;Loja física;Games;Controle Sem Fio;3;1161.41;Pix;Baixo
T005300;2026-08-29 00:48:00;Sudeste;Marketplace;Áudio e Vídeo;Projetor Full HD;1;1820.3;Pix;Baixo
T005301;2026-01-11 21:54:00;Sudeste;Aplicativo;Celulares;Smartphone Vega 128GB;3;4024.13;Pix;Baixo
T005302;2026-07-14 19:25:00;Sul;Site;Áudio e Vídeo;Soundbar 2.1;2;1422.28;Pix;Baixo
T005303;2026-08-07 18:13:00;Sudeste;Aplicativo;Informática;SSD NVMe 1TB;1;486.19;Crédito;Baixo
T005304;2026-07-23 04:57:00;Sudeste;Aplicativo;Casa e Cozinha;Cafeteira Programável;1;274.57;Pix;Baixo
T005305;2026-02-28 01:39:00;Sudeste;Marketplace;Games;Headset 7.1;2;838.59;Crédito;Baixo
T005306;2026-01-10 15:29:00;Nordeste;Site;Celulares;Smartphone Vega Max 256GB;2;4349.57;Crédito;Baixo
T005307;2026-04-09 11:44:00;Sudeste;Marketplace;Áudio e Vídeo;Smart TV 43 4K;1;2279.09;Crédito;Baixo
T005308;2026-02-10 19:46:00;Sudeste;Aplicativo;Áudio e Vídeo;Smart TV 43 4K;1;2149.83;Pix;Baixo
T005309;2026-08-08 19:02:00;Sudeste;Site;Games;Cadeira Gamer;3;2939.84;Pix;Baixo
T005310;2026-03-30 06:04:00;Norte;Site;Celulares;Smartphone Orion 128GB;1;1847.83;Boleto;Baixo
T005311;2026-07-12 22:13:00;Nordeste;Loja física;Casa e Cozinha;Kit Potes Herméticos;3;364.3;Crédito;Baixo
T005312;2026-04-02 07:02:00;Sul;Site;Casa e Cozinha;Panela Elétrica 5L;3;1008.98;Pix;Baixo
T005313;2026-02-18 16:49:00;Nordeste;Marketplace;Games;Console PlaySphere 5;3;12068.74;Pix;Alto
T005314;2026-04-18 19:04:00;Sudeste;Aplicativo;Games;Console NovaBox X;2;7420.87;Crédito;Médio
T005315;2026-03-22 04:57:00;Sudeste;Aplicativo;Áudio e Vídeo;Caixa Bluetooth;1;408.9;Crédito;Baixo
T005316;2026-02-23 06:00:00;Sul;Site;Celulares;Smartphone Orion 128GB;1;1870.98;Crédito;Baixo
T005317;2026-01-30 05:14:00;Nordeste;Site;Escritório;Mesa Escritório 120cm;3;1700.95;Crédito;Baixo
T005318;2026-04-01 04:01:00;Sul;Aplicativo;Áudio e Vídeo;Microfone USB;1;334.99;Crédito;Baixo
T005319;2026-01-31 23:00:00;Nordeste;Aplicativo;Celulares;Fone Bluetooth;2;464.97;Pix;Baixo
T005320;2026-02-02 08:43:00;Norte;Aplicativo;Celulares;Capa Antichoque;1;70.29;Crédito;Baixo
T005321;2026-04-06 04:01:00;Sul;Aplicativo;Celulares;Power Bank 20000mAh;2;395.82;Crédito;Baixo
T005322;2026-02-19 10:56:00;Sul;Marketplace;Games;Jogo Corrida Pro;1;305.42;Crédito;Baixo
T005323;2026-04-15 16:39:00;Sudeste;Aplicativo;Games;Cadeira Gamer;2;2141.39;Débito;Baixo
T005324;2026-07-03 11:47:00;Sudeste;Site;Celulares;Película 3D;2;70.89;Débito;Baixo
T005325;2026-03-09 02:40:00;Sudeste;Aplicativo;Informática;Notebook 15 Pro;1;3693.07;Crédito;Baixo
T005326;2026-01-30 23:33:00;Nordeste;Marketplace;Celulares;Smartphone Vega Max 256GB;2;5036.77;Crédito;Médio
T005327;2026-08-07 06:28:00;Sul;Site;Áudio e Vídeo;Projetor Full HD;4;6873.48;Débito;Baixo
T005328;2026-07-18 15:14:00;Sudeste;Aplicativo;Informática;Monitor 24 IPS;1;950.27;Boleto;Baixo
T005329;2026-04-25 18:46:00;Sul;Site;Informática;SSD SATA 480GB;1;239.03;Crédito;Baixo
T005330;2026-05-15 19:03:00;Sudeste;Site;Informática;SSD NVMe 1TB;1;473.3;Crédito;Baixo
T005331;2026-07-06 17:46:00;Sul;Loja física;Escritório;Organizador de Mesa;1;60.85;Crédito;Baixo
T005332;2026-07-04 23:13:00;Norte;Marketplace;Informática;SSD NVMe 1TB;1;480.22;Pix;Baixo
T005333;2026-03-06 03:00:00;Sudeste;Loja física;Informática;Monitor 27 QHD;3;4487.92;Débito;Baixo
T005334;2026-07-07 09:15:00;Sul;Loja física;Áudio e Vídeo;Microfone USB;1;371.92;Débito;Baixo
T005335;2026-01-05 13:36:00;Sul;Marketplace;Casa e Cozinha;Jogo de Panelas 5 peças;1;371.04;Crédito;Baixo
T005336;2026-06-27 23:55:00;Sul;Aplicativo;Informática;Monitor 27 QHD;1;1507.36;Crédito;Baixo
T005337;2026-08-20 21:00:00;Sudeste;Loja física;Áudio e Vídeo;Microfone USB;2;714.12;Crédito;Baixo
T005338;2026-06-18 11:35:00;Norte;Aplicativo;Casa e Cozinha;Kit Potes Herméticos;2;226.16;Pix;Baixo
T005339;2026-05-24 09:30:00;Sul;Site;Celulares;Carregador USB-C 30W;4;485.44;Pix;Baixo
T005340;2026-02-01 13:06:00;Nordeste;Marketplace;Informática;SSD SATA 480GB;2;538.38;Crédito;Baixo
T005341;2026-06-17 03:16:00;Sudeste;Site;Escritório;Fragmentadora 10 folhas;2;1441.0;Crédito;Baixo
T005342;2026-03-19 15:32:00;Sul;Marketplace;Casa e Cozinha;Jogo de Panelas 5 peças;5;2223.98;Débito;Baixo
T005343;2026-02-13 04:34:00;Sul;Site;Games;Controle Sem Fio;1;392.46;Boleto;Baixo
T005344;2026-02-03 21:15:00;Sul;Loja física;Celulares;Película 3D;2;79.11;Boleto;Baixo
T005345;2026-06-11 10:59:00;Centro-Oeste;Marketplace;Celulares;Fone Bluetooth;1;232.51;Crédito;Baixo
T005346;2026-01-08 06:46:00;Nordeste;Site;Áudio e Vídeo;Projetor Full HD;2;3551.96;Crédito;Baixo
T005347;2026-04-10 22:06:00;Nordeste;Site;Escritório;Suporte para Notebook;2;229.49;Crédito;Baixo
T005348;2026-06-29 06:47:00;Nordeste;Marketplace;Celulares;Carregador USB-C 30W;1;126.88;Crédito;Baixo
T005349;2026-08-12 08:54:00;Sudeste;Site;Celulares;Película 3D;1;39.59;Crédito;Baixo
T005350;2026-07-02 11:47:00;Norte;Aplicativo;Casa e Cozinha;Panela Elétrica 5L;1;360.94;Débito;Baixo
T005351;2026-08-14 15:24:00;Nordeste;Site;Informática;Hub USB-C 8 em 1;1;250.66;Pix;Baixo
T005352;2026-04-05 11:03:00;Sul;Site;Games;Controle Sem Fio;1;401.98;Pix;Baixo
T005353;2026-05-20 17:30:00;Sudeste;Loja física;Casa e Cozinha;Balança Digital Cozinha;2;164.29;Débito;Baixo
T005354;2026-01-11 04:24:00;Nordeste;Site;Celulares;Película 3D;1;39.98;Crédito;Baixo
T005355;2026-04-30 02:39:00;Centro-Oeste;Site;Casa e Cozinha;Jogo de Panelas 5 peças;3;1187.97;Pix;Baixo
T005356;2026-08-08 01:36:00;Centro-Oeste;Site;Casa e Cozinha;Cafeteira Programável;3;933.83;Boleto;Baixo
T005357;2026-06-14 21:43:00;Nordeste;Site;Games;Jogo Corrida Pro;1;310.15;Crédito;Baixo
T005358;2026-03-14 06:32:00;Sudeste;Site;Áudio e Vídeo;Suporte TV Articulado;1;165.73;Crédito;Baixo
T005359;2026-02-13 01:38:00;Centro-Oeste;Site;Games;Jogo Aventura Lendária;2;614.53;Crédito;Baixo
T005360;2026-05-11 01:49:00;Nordeste;Site;Casa e Cozinha;Air Fryer 5L;1;462.38;Pix;Baixo
T005361;2026-04-28 05:53:00;Norte;Loja física;Áudio e Vídeo;Soundbar 2.1;4;2982.24;Crédito;Baixo
T005362;2026-07-05 11:19:00;Sudeste;Site;Áudio e Vídeo;Caixa Bluetooth;1;419.65;Débito;Baixo
T005363;2026-02-12 01:48:00;Nordeste;Aplicativo;Games;Console NovaBox X;2;6869.97;Pix;Baixo
T005364;2026-04-26 20:40:00;Nordeste;Loja física;Celulares;Película 3D;2;73.42;Débito;Baixo
T005365;2026-04-23 01:15:00;Nordeste;Loja física;Áudio e Vídeo;Smart TV 55 4K;1;2763.59;Pix;Baixo
T005366;2026-01-07 17:38:00;Sudeste;Loja física;Informática;Teclado Mecânico;4;1308.74;Pix;Baixo
T005367;2026-07-08 04:30:00;Sudeste;Marketplace;Games;Cadeira Gamer;2;2236.67;Boleto;Médio
T005368;2026-04-19 21:56:00;Nordeste;Aplicativo;Escritório;Impressora Multifuncional;2;1862.34;Débito;Baixo
T005369;2026-04-26 18:48:00;Sudeste;Site;Informática;Monitor 24 IPS;1;841.29;Crédito;Baixo
T005370;2026-07-18 21:14:00;Sudeste;Aplicativo;Celulares;Fone Bluetooth;2;477.88;Crédito;Baixo
T005371;2026-03-05 23:49:00;Norte;Loja física;Celulares;Capa Antichoque;2;134.31;Crédito;Baixo
T005372;2026-01-07 16:44:00;Sudeste;Marketplace;Games;Jogo Corrida Pro;1;281.89;Pix;Baixo
T005373;2026-03-02 21:33:00;Nordeste;Marketplace;Celulares;Película 3D;6;210.85;Crédito;Baixo
T005374;2026-01-09 20:19:00;Norte;Marketplace;Informática;Webcam Full HD;5;1192.28;Crédito;Baixo
T005375;2026-02-14 12:53:00;Nordeste;Marketplace;Casa e Cozinha;Balança Digital Cozinha;1;79.18;Crédito;Baixo
T005376;2026-07-10 14:46:00;Sudeste;Site;Informática;Teclado Mecânico;2;664.87;Crédito;Baixo
T005377;2026-04-11 02:00:00;Sudeste;Site;Casa e Cozinha;Air Fryer 5L;2;966.29;Débito;Baixo
T005378;2026-02-09 14:46:00;Sudeste;Aplicativo;Games;Jogo Aventura Lendária;2;679.73;Pix;Baixo
T005379;2026-08-30 11:51:00;Sudeste;Site;Casa e Cozinha;Liquidificador 1200W;5;1442.06;Pix;Baixo
T005380;2026-01-14 05:02:00;Sul;Site;Games;Headset 7.1;1;432.06;Crédito;Baixo
T005381;2026-07-26 22:03:00;Centro-Oeste;Aplicativo;Casa e Cozinha;Liquidificador 1200W;1;257.38;Crédito;Baixo
T005382;2026-07-14 23:45:00;Sul;Marketplace;Informática;Notebook 15 Pro;1;3973.81;Crédito;Médio
T005383;2026-02-26 11:48:00;Norte;Aplicativo;Escritório;Organizador de Mesa;1;71.14;Crédito;Baixo
T005384;2026-06-15 21:20:00;Centro-Oeste;Aplicativo;Informática;Hub USB-C 8 em 1;2;516.26;Débito;Baixo
T005385;2026-03-13 19:23:00;Nordeste;Aplicativo;Celulares;Smartphone Orion 128GB;3;4632.67;Pix;Baixo
T005386;2026-04-05 15:22:00;Sudeste;Marketplace;Informática;Hub USB-C 8 em 1;1;293.42;Crédito;Baixo
T005387;2026-05-14 13:28:00;Nordeste;Site;Games;Jogo Corrida Pro;1;307.53;Boleto;Baixo
T005388;2026-05-12 01:24:00;Norte;Site;Áudio e Vídeo;Smart TV 43 4K;1;2022.3;Crédito;Baixo
T005389;2026-01-10 17:12:00;Nordeste;Site;Áudio e Vídeo;Soundbar 2.1;3;2126.64;Crédito;Baixo
T005390;2026-02-06 06:02:00;Sudeste;Loja física;Informática;Webcam Full HD;1;216.83;Crédito;Baixo
T005391;2026-08-10 18:02:00;Sul;Loja física;Informática;Monitor 24 IPS;1;811.1;Pix;Baixo
T005392;2026-02-08 11:13:00;Nordeste;Aplicativo;Escritório;Cadeira Ergonômica;1;1030.5;Crédito;Baixo
T005393;2026-03-17 08:17:00;Nordeste;Site;Casa e Cozinha;Sanduicheira Grill;1;159.01;Débito;Baixo
T005394;2026-03-09 05:08:00;Nordeste;Aplicativo;Escritório;Impressora Multifuncional;1;808.48;Crédito;Baixo
T005395;2026-08-15 10:53:00;Centro-Oeste;Loja física;Escritório;Luminária LED;1;139.68;Crédito;Baixo
T005396;2026-01-15 05:22:00;Nordeste;Aplicativo;Celulares;Fone Bluetooth;2;431.62;Crédito;Baixo
T005397;2026-03-21 00:23:00;Sul;Site;Celulares;Smartphone Orion Pro 256GB;2;5670.52;Boleto;Médio
T005398;2026-02-08 04:55:00;Sul;Aplicativo;Games;Volante Racing;1;1283.41;Débito;Baixo
T005399;2026-04-25 14:55:00;Centro-Oeste;Marketplace;Informática;Monitor 27 QHD;5;7096.79;Boleto;Alto
T005400;2026-08-22 17:08:00;Sudeste;Marketplace;Celulares;Carregador USB-C 30W;1;114.99;Crédito;Baixo
T005401;2026-08-04 10:11:00;Sudeste;Loja física;Games;Console NovaBox X;1;3417.34;Crédito;Baixo
T005402;2026-01-04 07:36:00;Sudeste;Site;Games;Console PlaySphere 5;1;3917.25;Crédito;Baixo
T005403;2026-06-14 02:49:00;Nordeste;Aplicativo;Escritório;Cadeira Ergonômica;1;1022.74;Débito;Baixo
T005404;2026-02-11 09:14:00;Norte;Site;Games;Console PlaySphere 5;1;3761.31;Crédito;Baixo
T005405;2026-06-11 13:33:00;Centro-Oeste;Site;Celulares;Smartphone Vega Max 256GB;2;4221.79;Crédito;Baixo
T005406;2026-08-08 11:49:00;Sudeste;Site;Celulares;Smartphone Vega Max 256GB;2;4158.51;Pix;Baixo
T005407;2026-07-05 22:20:00;Centro-Oeste;Site;Áudio e Vídeo;Projetor Full HD;1;1701.41;Pix;Baixo
T005408;2026-07-06 23:17:00;Sul;Site;Áudio e Vídeo;Smart TV 43 4K;1;2074.44;Pix;Baixo
T005409;2026-07-19 19:44:00;Sul;Loja física;Informática;Notebook 14 Air;1;3495.4;Crédito;Baixo
T005410;2026-05-06 11:44:00;Norte;Site;Informática;SSD SATA 480GB;1;244.17;Boleto;Baixo
T005411;2026-01-17 23:59:00;Sudeste;Marketplace;Casa e Cozinha;Sanduicheira Grill;2;343.06;Pix;Baixo
T005412;2026-03-26 23:11:00;Sul;Loja física;Celulares;Smartphone Vega 128GB;2;2788.53;Pix;Baixo
T005413;2026-04-26 16:20:00;Sudeste;Aplicativo;Games;Headset 7.1;1;418.43;Débito;Baixo
T005414;2026-03-06 09:59:00;Nordeste;Loja física;Games;Console NovaBox X;1;4021.07;Pix;Baixo
T005415;2026-03-01 00:57:00;Sudeste;Site;Informática;Monitor 24 IPS;1;865.74;Débito;Baixo
T005416;2026-02-12 06:00:00;Sudeste;Site;Celulares;Smartphone Orion 128GB;2;3200.21;Pix;Baixo
T005417;2026-02-21 17:23:00;Centro-Oeste;Site;Casa e Cozinha;Cafeteira Programável;1;275.55;Crédito;Baixo
T005418;2026-01-07 13:35:00;Nordeste;Aplicativo;Celulares;Carregador USB-C 30W;1;124.34;Crédito;Baixo
T005419;2026-06-01 20:22:00;Sudeste;Loja física;Casa e Cozinha;Balança Digital Cozinha;3;241.35;Crédito;Baixo
T005420;2026-05-16 21:20:00;Sudeste;Marketplace;Áudio e Vídeo;Suporte TV Articulado;1;170.49;Pix;Baixo
T005421;2026-02-05 08:02:00;Sudeste;Aplicativo;Informática;Monitor 24 IPS;1;934.85;Crédito;Baixo
T005422;2026-01-15 21:02:00;Nordeste;Aplicativo;Casa e Cozinha;Balança Digital Cozinha;2;178.51;Crédito;Baixo
T005423;2026-01-12 07:22:00;Sudeste;Site;Casa e Cozinha;Liquidificador 1200W;1;283.4;Pix;Baixo
T005424;2026-01-25 13:41:00;Nordeste;Aplicativo;Escritório;Impressora Multifuncional;1;923.56;Crédito;Baixo
T005425;2026-07-05 07:31:00;Sudeste;Loja física;Casa e Cozinha;Kit Potes Herméticos;1;129.73;Crédito;Baixo
T005426;2026-03-03 11:02:00;Nordeste;Site;Áudio e Vídeo;Smart TV 55 4K;3;9406.93;Débito;Médio
T005427;2026-05-02 00:51:00;Sudeste;Loja física;Games;Headset 7.1;2;922.63;Débito;Baixo
T005428;2026-06-07 01:00:00;Sul;Aplicativo;Casa e Cozinha;Aspirador Vertical;4;1886.65;Crédito;Baixo
T005429;2026-05-04 08:49:00;Norte;Marketplace;Áudio e Vídeo;Suporte TV Articulado;2;359.99;Crédito;Baixo
T005430;2026-08-24 13:07:00;Sudeste;Aplicativo;Áudio e Vídeo;Soundbar 2.1;1;710.46;Crédito;Baixo
T005431;2026-01-07 01:35:00;Sudeste;Aplicativo;Casa e Cozinha;Jogo de Panelas 5 peças;3;1244.86;Débito;Baixo
T005432;2026-04-22 01:50:00;Sudeste;Loja física;Celulares;Smartphone Vega 128GB;1;1510.82;Crédito;Baixo
T005433;2026-03-17 16:59:00;Centro-Oeste;Aplicativo;Informática;Teclado Mecânico;4;1350.36;Pix;Baixo
T005434;2026-05-25 09:34:00;Sudeste;Loja física;Informática;Mouse Sem Fio;1;118.57;Crédito;Baixo
T005435;2026-05-19 11:03:00;Nordeste;Site;Games;Volante Racing;2;2334.8;Crédito;Baixo
T005436;2026-08-25 18:56:00;Sudeste;Aplicativo;Áudio e Vídeo;Smart TV 43 4K;2;4654.5;Crédito;Baixo
T005437;2026-07-10 11:01:00;Sudeste;Loja física;Áudio e Vídeo;Suporte TV Articulado;3;502.68;Crédito;Baixo
T005438;2026-08-04 06:41:00;Norte;Aplicativo;Casa e Cozinha;Panela Elétrica 5L;3;1038.61;Pix;Baixo
T005439;2026-06-20 12:18:00;Sudeste;Site;Games;Headset 7.1;4;1797.79;Débito;Baixo
T005440;2026-03-23 08:24:00;Centro-Oeste;Aplicativo;Games;Jogo Corrida Pro;3;904.37;Pix;Baixo
T005441;2026-04-03 01:18:00;Norte;Marketplace;Celulares;Smartphone Orion Pro 256GB;1;2822.63;Crédito;Baixo
T005442;2026-07-08 18:39:00;Sudeste;Site;Games;Jogo Aventura Lendária;2;712.41;Débito;Baixo
T005443;2026-03-11 00:40:00;Centro-Oeste;Marketplace;Áudio e Vídeo;Smart TV 55 4K;2;5769.13;Débito;Médio
T005444;2026-01-07 02:07:00;Centro-Oeste;Site;Áudio e Vídeo;Headset Gamer;2;521.96;Pix;Baixo
T005445;2026-05-24 17:51:00;Sudeste;Site;Informática;Mouse Sem Fio;1;129.63;Débito;Baixo
T005446;2026-03-09 00:01:00;Sudeste;Loja física;Celulares;Película 3D;3;118.26;Crédito;Baixo
T005447;2026-07-12 12:16:00;Sudeste;Site;Casa e Cozinha;Liquidificador 1200W;4;1126.12;Pix;Baixo
T005448;2026-02-07 23:19:00;Nordeste;Aplicativo;Casa e Cozinha;Aspirador Vertical;2;1162.97;Boleto;Baixo
T005449;2026-02-01 03:24:00;Nordeste;Site;Áudio e Vídeo;Headset Gamer;5;1282.68;Pix;Baixo
T005450;2026-06-10 21:43:00;Nordeste;Loja física;Escritório;Suporte para Notebook;4;419.91;Pix;Baixo
T005451;2026-07-31 11:02:00;Sul;Loja física;Informática;Teclado Mecânico;3;894.53;Boleto;Baixo
T005452;2026-03-03 13:43:00;Nordeste;Loja física;Games;Volante Racing;4;5347.22;Pix;Baixo
T005453;2026-04-22 14:56:00;Sul;Marketplace;Áudio e Vídeo;Suporte TV Articulado;1;176.11;Pix;Baixo
T005454;2026-07-03 13:57:00;Sudeste;Site;Games;Headset 7.1;2;903.7;Pix;Baixo
T005455;2026-03-05 03:12:00;Sudeste;Loja física;Informática;Hub USB-C 8 em 1;1;241.49;Débito;Baixo
T005456;2026-04-18 05:53:00;Nordeste;Site;Informática;Notebook 14 Air;1;3026.72;Pix;Baixo
T005457;2026-08-01 00:28:00;Centro-Oeste;Aplicativo;Informática;Webcam Full HD;3;613.1;Pix;Baixo
T005458;2026-03-21 03:15:00;Sudeste;Site;Áudio e Vídeo;Smart TV 43 4K;2;4049.4;Crédito;Baixo
T005459;2026-02-01 16:21:00;Sudeste;Site;Games;Console NovaBox X;1;3465.66;Crédito;Baixo
T005460;2026-01-26 06:07:00;Nordeste;Aplicativo;Casa e Cozinha;Panela Elétrica 5L;1;365.39;Débito;Baixo
T005461;2026-02-09 17:38:00;Centro-Oeste;Aplicativo;Áudio e Vídeo;Headset Gamer;2;552.41;Pix;Baixo
T005462;2026-08-13 19:40:00;Sudeste;Loja física;Informática;Notebook 15 Pro;1;3982.62;Pix;Baixo
T005463;2026-07-24 02:57:00;Sul;Loja física;Áudio e Vídeo;Projetor Full HD;1;1736.97;Pix;Baixo
T005464;2026-07-04 21:31:00;Sudeste;Marketplace;Escritório;Cadeira Ergonômica;1;1049.35;Débito;Baixo
T005465;2026-01-01 10:07:00;Sudeste;Aplicativo;Escritório;Suporte para Notebook;1;116.37;Crédito;Baixo
T005466;2026-08-20 07:03:00;Sudeste;Marketplace;Casa e Cozinha;Kit Potes Herméticos;1;121.61;Boleto;Médio
T005467;2026-06-01 07:21:00;Norte;Site;Celulares;Carregador USB-C 30W;1;126.22;Pix;Baixo
T005468;2026-03-26 13:10:00;Sudeste;Marketplace;Casa e Cozinha;Cafeteira Programável;1;320.35;Débito;Baixo
T005469;2026-05-03 09:46:00;Centro-Oeste;Marketplace;Celulares;Fone Bluetooth;1;213.65;Pix;Baixo
T005470;2026-05-28 06:30:00;Sul;Aplicativo;Escritório;Suporte para Notebook;1;96.33;Crédito;Baixo
T005471;2026-05-03 14:52:00;Sudeste;Marketplace;Games;Controle Sem Fio;1;399.33;Crédito;Baixo
T005472;2026-05-23 20:21:00;Nordeste;Aplicativo;Informática;Notebook 15 Pro;1;3924.59;Pix;Baixo
T005473;2026-06-13 14:41:00;Centro-Oeste;Site;Informática;SSD SATA 480GB;2;543.72;Pix;Baixo
T005474;2026-03-24 23:08:00;Sudeste;Aplicativo;Games;Controle Sem Fio;1;393.18;Crédito;Baixo
T005475;2026-05-29 10:29:00;Sudeste;Site;Áudio e Vídeo;Soundbar 2.1;1;681.43;Pix;Baixo
T005476;2026-06-02 18:15:00;Centro-Oeste;Site;Escritório;Suporte para Notebook;5;542.7;Pix;Baixo
T005477;2026-04-04 05:05:00;Norte;Loja física;Games;Jogo Aventura Lendária;1;306.78;Débito;Baixo
T005478;2026-01-13 09:01:00;Sudeste;Site;Escritório;Luminária LED;1;131.08;Pix;Baixo
T005479;2026-04-04 01:43:00;Sudeste;Loja física;Games;Controle Sem Fio;2;716.73;Pix;Baixo
T005480;2026-02-27 12:44:00;Nordeste;Aplicativo;Áudio e Vídeo;Caixa Bluetooth;2;766.71;Pix;Baixo
T005481;2026-08-10 10:33:00;Sudeste;Loja física;Casa e Cozinha;Kit Potes Herméticos;4;482.43;Crédito;Baixo
T005482;2026-06-25 17:39:00;Sudeste;Site;Casa e Cozinha;Balança Digital Cozinha;1;81.97;Crédito;Baixo
T005483;2026-02-07 13:20:00;Sudeste;Aplicativo;Casa e Cozinha;Air Fryer 5L;1;486.77;Pix;Baixo
T005484;2026-03-02 17:50:00;Sul;Loja física;Informática;Mouse Sem Fio;1;115.12;Pix;Baixo
T005485;2026-08-11 00:16:00;Sul;Site;Celulares;Fone Bluetooth;3;668.14;Crédito;Baixo
T005486;2026-08-12 19:21:00;Nordeste;Site;Informática;Notebook 14 Air;2;6006.11;Débito;Baixo
T005487;2026-06-22 01:17:00;Sudeste;Site;Games;Controle Sem Fio;2;745.92;Crédito;Baixo
T005488;2026-06-10 13:31:00;Sudeste;Aplicativo;Informática;SSD SATA 480GB;1;232.04;Crédito;Baixo
T005489;2026-04-05 00:58:00;Centro-Oeste;Site;Games;Volante Racing;2;2342.89;Crédito;Baixo
T005490;2026-01-08 15:13:00;Sudeste;Loja física;Escritório;Luminária LED;1;133.72;Pix;Baixo
T005491;2026-02-17 06:21:00;Sul;Site;Áudio e Vídeo;Headset Gamer;1;285.2;Crédito;Baixo
T005492;2026-04-09 22:39:00;Norte;Site;Celulares;Carregador USB-C 30W;1;118.94;Crédito;Baixo
T005493;2026-02-13 23:05:00;Sul;Site;Escritório;Papel A4 500 folhas;2;72.45;Débito;Baixo
T005494;2026-08-24 18:48:00;Sudeste;Site;Games;Console PlaySphere 5;3;12922.77;Débito;Médio
T005495;2026-04-02 11:48:00;Sudeste;Aplicativo;Casa e Cozinha;Kit Potes Herméticos;2;227.66;Crédito;Baixo
T005496;2026-03-29 07:06:00;Sudeste;Site;Games;Console NovaBox X;2;6998.61;Crédito;Baixo
T005497;2026-07-16 05:17:00;Sul;Aplicativo;Games;Console PlaySphere 5;2;7470.87;Crédito;Médio
T005498;2026-04-30 01:12:00;Sudeste;Aplicativo;Celulares;Capa Antichoque;1;63.78;Boleto;Baixo
T005499;2026-08-21 01:24:00;Sul;Loja física;Games;Console NovaBox X;1;3418.01;Crédito;Baixo
T005500;2026-06-04 04:03:00;Nordeste;Loja física;Informática;Mochila para Notebook;3;497.87;Pix;Baixo
T005501;2026-06-23 16:57:00;Norte;Aplicativo;Celulares;Capa Antichoque;2;119.68;Pix;Baixo
T005502;2026-05-19 03:33:00;Sudeste;Site;Games;Headset 7.1;4;1940.68;Crédito;Baixo
T005503;2026-01-10 14:53:00;Sul;Site;Escritório;Fragmentadora 10 folhas;1;684.5;Débito;Baixo
T005504;2026-05-06 06:30:00;Nordeste;Site;Informática;SSD NVMe 1TB;3;1383.53;Crédito;Baixo
T005505;2026-04-24 22:39:00;Sul;Site;Áudio e Vídeo;Projetor Full HD;2;3486.56;Débito;Baixo
T005506;2026-02-23 00:38:00;Sul;Aplicativo;Informática;Memória DDR4 16GB;1;275.37;Crédito;Baixo
T005507;2026-03-31 08:17:00;Sul;Marketplace;Informática;SSD SATA 480GB;1;248.83;Crédito;Baixo
T005508;2026-03-10 06:41:00;Nordeste;Aplicativo;Informática;Mouse Sem Fio;1;122.87;Crédito;Baixo
T005509;2026-05-31 07:02:00;Nordeste;Marketplace;Celulares;Capa Antichoque;2;144.78;Crédito;Baixo
T005510;2026-01-28 03:43:00;Centro-Oeste;Loja física;Games;Console PlaySphere 5;2;7418.58;Boleto;Alto
T005511;2026-01-05 19:33:00;Sudeste;Site;Casa e Cozinha;Air Fryer 5L;1;527.14;Pix;Baixo
T005512;2026-08-02 20:36:00;Nordeste;Marketplace;Informática;Teclado Mecânico;2;733.79;Crédito;Baixo
T005513;2026-01-27 01:30:00;Sudeste;Site;Áudio e Vídeo;Microfone USB;2;678.44;Pix;Baixo
T005514;2026-03-10 23:34:00;Sul;Loja física;Informática;Mochila para Notebook;5;947.81;Crédito;Baixo
T005515;2026-06-12 18:45:00;Nordeste;Marketplace;Celulares;Smartphone Vega 128GB;1;1452.37;Crédito;Baixo
T005516;2026-03-04 00:13:00;Sudeste;Site;Casa e Cozinha;Cafeteira Programável;2;634.0;Pix;Baixo
T005517;2026-07-30 18:51:00;Sudeste;Loja física;Informática;Mouse Sem Fio;1;120.24;Crédito;Baixo
T005518;2026-07-16 13:04:00;Nordeste;Aplicativo;Áudio e Vídeo;Headset Gamer;1;286.32;Crédito;Baixo
T005519;2026-07-11 00:01:00;Sudeste;Marketplace;Informática;Mouse Sem Fio;1;130.91;Crédito;Baixo
T005520;2026-02-01 12:50:00;Sul;Loja física;Casa e Cozinha;Jogo de Panelas 5 peças;1;438.28;Crédito;Baixo
T005521;2026-05-26 02:27:00;Centro-Oeste;Aplicativo;Informática;SSD SATA 480GB;1;247.28;Pix;Baixo
T005522;2026-06-07 15:44:00;Sudeste;Loja física;Casa e Cozinha;Liquidificador 1200W;1;277.38;Débito;Baixo
T005523;2026-07-05 19:56:00;Sul;Aplicativo;Games;Controle Sem Fio;1;422.86;Crédito;Baixo
T005524;2026-03-04 13:30:00;Sul;Aplicativo;Games;Console PlaySphere 5;3;11873.21;Crédito;Médio
T005525;2026-08-25 01:53:00;Sudeste;Aplicativo;Áudio e Vídeo;Suporte TV Articulado;5;839.38;Pix;Baixo
T005526;2026-04-06 05:16:00;Nordeste;Loja física;Informática;Monitor 24 IPS;1;930.3;Pix;Baixo
T005527;2026-02-06 11:56:00;Sudeste;Site;Áudio e Vídeo;Smart TV 43 4K;1;2285.87;Crédito;Baixo
T005528;2026-05-09 10:11:00;Sudeste;Site;Informática;Hub USB-C 8 em 1;1;280.45;Crédito;Baixo
T005529;2026-02-17 16:57:00;Nordeste;Aplicativo;Áudio e Vídeo;Suporte TV Articulado;2;316.14;Boleto;Baixo
T005530;2026-04-14 09:41:00;Nordeste;Aplicativo;Casa e Cozinha;Aspirador Vertical;2;1075.73;Crédito;Baixo
T005531;2026-04-23 07:15:00;Sudeste;Aplicativo;Escritório;Fragmentadora 10 folhas;4;2562.03;Crédito;Baixo
T005532;2026-04-03 23:17:00;Sul;Aplicativo;Informática;Hub USB-C 8 em 1;3;785.53;Pix;Baixo
T005533;2026-04-29 16:35:00;Sudeste;Site;Informática;Monitor 24 IPS;1;882.2;Crédito;Baixo
T005534;2026-07-25 06:31:00;Sul;Loja física;Games;Headset 7.1;2;902.64;Boleto;Baixo
T005535;2026-07-16 21:01:00;Sudeste;Site;Casa e Cozinha;Aspirador Vertical;1;491.96;Boleto;Baixo
T005536;2026-08-31 06:47:00;Nordeste;Aplicativo;Games;Jogo Corrida Pro;1;271.84;Crédito;Baixo
T005537;2026-04-08 01:07:00;Sul;Loja física;Escritório;Luminária LED;1;123.57;Pix;Baixo
T005538;2026-06-09 12:56:00;Sudeste;Aplicativo;Informática;Notebook 15 Pro;2;7189.7;Débito;Médio
T005539;2026-02-01 01:01:00;Sul;Loja física;Escritório;Papel A4 500 folhas;4;143.15;Pix;Baixo
T005540;2026-03-09 06:15:00;Sul;Site;Escritório;Organizador de Mesa;3;189.06;Pix;Baixo
T005541;2026-01-30 17:02:00;Sudeste;Site;Games;Controle Sem Fio;4;1651.65;Crédito;Baixo
T005542;2026-02-09 08:20:00;Nordeste;Site;Casa e Cozinha;Kit Potes Herméticos;1;113.54;Crédito;Baixo
T005543;2026-05-18 20:39:00;Nordeste;Site;Celulares;Película 3D;2;82.32;Boleto;Baixo
T005544;2026-04-23 08:39:00;Centro-Oeste;Site;Celulares;Capa Antichoque;2;124.93;Crédito;Baixo
T005545;2026-04-18 12:12:00;Sudeste;Loja física;Escritório;Impressora Multifuncional;2;1811.93;Crédito;Baixo
T005546;2026-04-29 15:28:00;Centro-Oeste;Loja física;Celulares;Smartphone Orion 128GB;2;3606.82;Pix;Baixo
T005547;2026-02-09 05:26:00;Sudeste;Site;Casa e Cozinha;Air Fryer 5L;1;425.04;Débito;Baixo
T005548;2026-05-25 00:01:00;Sul;Aplicativo;Informática;Hub USB-C 8 em 1;1;240.93;Débito;Baixo
T005549;2026-08-10 12:47:00;Nordeste;Aplicativo;Casa e Cozinha;Balança Digital Cozinha;1;88.01;Crédito;Baixo
T005550;2026-08-30 05:41:00;Centro-Oeste;Aplicativo;Áudio e Vídeo;Headset Gamer;3;768.5;Pix;Baixo
T005551;2026-04-17 09:53:00;Centro-Oeste;Aplicativo;Áudio e Vídeo;Projetor Full HD;1;1737.39;Crédito;Baixo
T005552;2026-04-19 23:20:00;Sudeste;Site;Casa e Cozinha;Jogo de Panelas 5 peças;2;800.58;Crédito;Baixo
T005553;2026-03-07 20:48:00;Sudeste;Site;Casa e Cozinha;Cafeteira Programável;4;1134.18;Crédito;Baixo
T005554;2026-03-04 04:22:00;Centro-Oeste;Loja física;Games;Console NovaBox X;1;3921.08;Pix;Baixo
T005555;2026-04-19 05:46:00;Sudeste;Aplicativo;Áudio e Vídeo;Suporte TV Articulado;1;158.05;Débito;Baixo
T005556;2026-03-18 04:54:00;Sudeste;Aplicativo;Áudio e Vídeo;Smart TV 55 4K;6;19571.65;Crédito;Médio
T005557;2026-04-03 10:09:00;Centro-Oeste;Loja física;Celulares;Smartphone Orion 128GB;1;1835.95;Pix;Baixo
T005558;2026-05-24 20:44:00;Nordeste;Aplicativo;Celulares;Smartphone Vega 128GB;4;5287.7;Boleto;Médio
T005559;2026-04-25 21:56:00;Nordeste;Aplicativo;Celulares;Fone Bluetooth;3;647.49;Pix;Baixo
T005560;2026-05-23 06:06:00;Sudeste;Site;Celulares;Capa Antichoque;2;141.47;Pix;Baixo
T005561;2026-01-05 18:22:00;Nordeste;Aplicativo;Casa e Cozinha;Jogo de Panelas 5 peças;2;873.08;Débito;Baixo
T005562;2026-04-17 10:35:00;Sul;Site;Escritório;Papel A4 500 folhas;1;31.01;Crédito;Baixo
T005563;2026-07-12 22:07:00;Sudeste;Aplicativo;Informática;Monitor 27 QHD;1;1633.08;Crédito;Baixo
T005564;2026-04-02 17:41:00;Nordeste;Site;Games;Headset 7.1;5;2202.42;Débito;Baixo
T005565;2026-05-31 23:38:00;Sudeste;Site;Games;Headset 7.1;1;395.5;Débito;Baixo
T005566;2026-07-15 09:14:00;Centro-Oeste;Marketplace;Escritório;Suporte para Notebook;4;464.9;Pix;Baixo
T005567;2026-02-11 21:59:00;Sul;Loja física;Informática;SSD NVMe 1TB;1;539.71;Crédito;Baixo
T005568;2026-05-23 12:33:00;Sul;Loja física;Informática;Memória DDR4 16GB;1;264.48;Boleto;Baixo
T005569;2026-07-14 12:54:00;Sul;Site;Áudio e Vídeo;Microfone USB;1;336.83;Crédito;Baixo
T005570;2026-08-15 17:11:00;Sudeste;Aplicativo;Informática;Monitor 27 QHD;1;1473.57;Crédito;Baixo
T005571;2026-06-11 08:22:00;Sul;Aplicativo;Celulares;Fone Bluetooth;1;241.82;Pix;Baixo
T005572;2026-06-18 01:36:00;Sudeste;Loja física;Áudio e Vídeo;Suporte TV Articulado;4;678.11;Crédito;Baixo
T005573;2026-06-25 18:16:00;Norte;Aplicativo;Escritório;Mesa Escritório 120cm;5;2969.56;Pix;Baixo
T005574;2026-04-03 06:44:00;Centro-Oeste;Loja física;Escritório;Papel A4 500 folhas;3;106.16;Boleto;Baixo
T005575;2026-06-02 00:44:00;Sudeste;Loja física;Celulares;Power Bank 20000mAh;1;235.67;Pix;Baixo
T005576;2026-01-14 02:10:00;Sudeste;Site;Games;Jogo Corrida Pro;2;614.59;Crédito;Baixo
T005577;2026-05-31 06:16:00;Nordeste;Aplicativo;Informática;Webcam Full HD;1;231.34;Crédito;Baixo
T005578;2026-08-02 14:37:00;Sudeste;Aplicativo;Informática;Notebook 15 Pro;1;3770.39;Crédito;Baixo
T005579;2026-03-27 05:40:00;Nordeste;Loja física;Celulares;Smartphone Vega 128GB;2;3141.4;Pix;Baixo
T005580;2026-01-21 06:48:00;Centro-Oeste;Loja física;Informática;SSD SATA 480GB;1;268.4;Crédito;Baixo
T005581;2026-06-03 15:49:00;Centro-Oeste;Site;Celulares;Smartphone Vega Max 256GB;1;2218.34;Débito;Baixo
T005582;2026-07-29 09:22:00;Sudeste;Marketplace;Games;Console NovaBox X;3;10287.32;Crédito;Alto
T005583;2026-02-05 01:09:00;Nordeste;Marketplace;Games;Jogo Aventura Lendária;1;353.74;Débito;Baixo
T005584;2026-04-29 04:59:00;Nordeste;Loja física;Casa e Cozinha;Jogo de Panelas 5 peças;1;405.17;Débito;Baixo
T005585;2026-07-25 04:55:00;Nordeste;Site;Áudio e Vídeo;Smart TV 43 4K;5;10803.03;Crédito;Médio
T005586;2026-02-05 21:36:00;Sudeste;Aplicativo;Games;Console PlaySphere 5;1;4490.57;Débito;Baixo
T005587;2026-05-08 10:03:00;Nordeste;Site;Informática;Mouse Sem Fio;1;133.52;Pix;Baixo
T005588;2026-01-05 18:09:00;Nordeste;Site;Games;Volante Racing;3;3746.32;Pix;Baixo
T005589;2026-04-14 00:42:00;Centro-Oeste;Loja física;Informática;Notebook 15 Pro;2;7992.36;Crédito;Médio
T005590;2026-08-02 16:59:00;Sudeste;Aplicativo;Celulares;Smartphone Vega 128GB;3;3994.28;Crédito;Baixo
T005591;2026-01-19 10:03:00;Sudeste;Site;Celulares;Smartphone Orion Pro 256GB;1;2928.79;Crédito;Baixo
T005592;2026-05-13 22:56:00;Nordeste;Site;Escritório;Mesa Escritório 120cm;1;626.7;Crédito;Baixo
T005593;2026-04-16 10:03:00;Centro-Oeste;Loja física;Games;Headset 7.1;3;1326.75;Débito;Baixo
T005594;2026-06-03 16:13:00;Sul;Marketplace;Casa e Cozinha;Liquidificador 1200W;3;862.88;Débito;Baixo
T005595;2026-02-07 01:25:00;Sudeste;Loja física;Games;Console NovaBox X;3;10720.73;Crédito;Médio
T005596;2026-07-20 04:29:00;Nordeste;Loja física;Celulares;Smartphone Orion 128GB;2;3814.07;Pix;Baixo
T005597;2026-06-15 05:50:00;Sul;Loja física;Áudio e Vídeo;Projetor Full HD;3;5953.44;Pix;Baixo
T005598;2026-04-03 04:17:00;Sudeste;Loja física;Áudio e Vídeo;Smart TV 43 4K;2;3791.5;Crédito;Baixo
T005599;2026-03-09 02:15:00;Sudeste;Marketplace;Escritório;Fragmentadora 10 folhas;5;3331.24;Crédito;Baixo
T005600;2026-06-21 19:43:00;Nordeste;Site;Games;Console NovaBox X;1;3841.25;Pix;Baixo
T005601;2026-05-19 02:00:00;Nordeste;Loja física;Games;Console PlaySphere 5;6;24685.52;Débito;Médio
T005602;2026-07-13 22:48:00;Nordeste;Aplicativo;Games;Jogo Aventura Lendária;5;1494.03;Pix;Baixo
T005603;2026-05-12 03:21:00;Sudeste;Site;Celulares;Fone Bluetooth;1;254.44;Pix;Baixo
T005604;2026-08-29 04:26:00;Sul;Aplicativo;Casa e Cozinha;Sanduicheira Grill;3;473.6;Pix;Baixo
T005605;2026-02-05 23:43:00;Sudeste;Site;Casa e Cozinha;Liquidificador 1200W;3;847.11;Crédito;Baixo
T005606;2026-07-11 10:17:00;Sul;Marketplace;Informática;Monitor 27 QHD;2;3030.88;Débito;Baixo
T005607;2026-06-08 16:10:00;Sudeste;Site;Informática;Monitor 24 IPS;4;3133.85;Crédito;Baixo
T005608;2026-04-02 12:10:00;Centro-Oeste;Site;Celulares;Power Bank 20000mAh;1;208.65;Crédito;Baixo
T005609;2026-05-21 08:19:00;Centro-Oeste;Loja física;Áudio e Vídeo;Smart TV 55 4K;1;3373.52;Débito;Baixo
T005610;2026-06-13 01:09:00;Sudeste;Aplicativo;Informática;Webcam Full HD;1;238.99;Pix;Baixo
T005611;2026-03-02 00:28:00;Nordeste;Loja física;Áudio e Vídeo;Suporte TV Articulado;1;166.28;Crédito;Baixo
T005612;2026-01-30 06:16:00;Nordeste;Loja física;Casa e Cozinha;Cafeteira Programável;1;301.28;Pix;Baixo
T005613;2026-05-07 07:14:00;Nordeste;Loja física;Informática;Mouse Sem Fio;1;132.96;Débito;Baixo
T005614;2026-01-05 15:57:00;Sudeste;Loja física;Informática;Hub USB-C 8 em 1;1;252.66;Débito;Baixo
T005615;2026-06-26 23:07:00;Nordeste;Loja física;Informática;Mouse Sem Fio;2;256.86;Boleto;Baixo
T005616;2026-01-14 22:55:00;Nordeste;Site;Áudio e Vídeo;Suporte TV Articulado;1;169.48;Pix;Baixo
T005617;2026-08-15 05:43:00;Sudeste;Aplicativo;Escritório;Impressora Multifuncional;3;2484.27;Pix;Baixo
T005618;2026-01-30 01:43:00;Sudeste;Site;Informática;Teclado Mecânico;1;337.92;Crédito;Baixo
T005619;2026-03-21 09:41:00;Nordeste;Loja física;Celulares;Smartphone Orion Pro 256GB;1;2670.29;Crédito;Baixo
T005620;2026-04-29 03:40:00;Norte;Aplicativo;Informática;SSD NVMe 1TB;1;459.25;Crédito;Baixo
T005621;2026-06-25 08:17:00;Sudeste;Aplicativo;Casa e Cozinha;Air Fryer 5L;2;900.76;Crédito;Baixo
T005622;2026-04-30 05:24:00;Sul;Aplicativo;Informática;Notebook 14 Air;2;6506.56;Débito;Baixo
T005623;2026-06-27 02:48:00;Sudeste;Aplicativo;Áudio e Vídeo;Projetor Full HD;2;3408.6;Crédito;Baixo
T005624;2026-01-29 00:17:00;Sudeste;Aplicativo;Informática;Hub USB-C 8 em 1;1;276.94;Boleto;Baixo
T005625;2026-01-06 06:33:00;Nordeste;Loja física;Escritório;Luminária LED;3;393.24;Crédito;Baixo
T005626;2026-08-01 04:10:00;Nordeste;Site;Casa e Cozinha;Balança Digital Cozinha;1;93.32;Pix;Baixo
T005627;2026-01-13 15:19:00;Sudeste;Site;Games;Console PlaySphere 5;2;8143.47;Crédito;Médio
T005628;2026-08-04 07:51:00;Nordeste;Loja física;Escritório;Suporte para Notebook;1;112.07;Débito;Baixo
T005629;2026-04-01 11:12:00;Centro-Oeste;Site;Celulares;Película 3D;4;154.82;Crédito;Baixo
T005630;2026-03-14 23:06:00;Sul;Site;Celulares;Smartphone Vega Max 256GB;3;7586.48;Débito;Médio
T005631;2026-01-25 10:45:00;Sul;Site;Escritório;Cadeira Ergonômica;1;1074.2;Crédito;Baixo
T005632;2026-05-19 11:59:00;Sul;Site;Celulares;Fone Bluetooth;1;215.1;Crédito;Baixo
T005633;2026-06-14 15:31:00;Sul;Site;Celulares;Smartphone Vega Max 256GB;1;2132.82;Pix;Baixo
T005634;2026-02-26 23:22:00;Sudeste;Aplicativo;Áudio e Vídeo;Smart TV 43 4K;1;1918.65;Pix;Baixo
T005635;2026-01-23 13:35:00;Sul;Site;Games;Jogo Corrida Pro;4;1243.37;Boleto;Baixo
T005636;2026-07-16 22:47:00;Centro-Oeste;Site;Casa e Cozinha;Balança Digital Cozinha;6;460.61;Débito;Baixo
T005637;2026-01-03 15:22:00;Sudeste;Loja física;Games;Controle Sem Fio;4;1554.65;Pix;Baixo
T005638;2026-07-06 21:47:00;Sudeste;Loja física;Escritório;Impressora Multifuncional;6;5315.53;Crédito;Baixo
T005639;2026-06-01 05:36:00;Norte;Loja física;Informática;Monitor 27 QHD;1;1550.84;Pix;Baixo
T005640;2026-04-14 21:16:00;Sudeste;Site;Informática;Monitor 27 QHD;2;3154.96;Crédito;Baixo
T005641;2026-06-07 22:41:00;Sudeste;Site;Informática;Memória DDR4 16GB;1;271.7;Crédito;Baixo
T005642;2026-07-28 05:14:00;Sudeste;Site;Áudio e Vídeo;Headset Gamer;2;576.45;Crédito;Baixo
T005643;2026-07-21 01:36:00;Sudeste;Aplicativo;Áudio e Vídeo;Smart TV 55 4K;6;17579.78;Pix;Médio
T005644;2026-08-30 12:37:00;Centro-Oeste;Aplicativo;Games;Jogo Corrida Pro;2;601.88;Pix;Baixo
T005645;2026-05-27 21:19:00;Sul;Aplicativo;Escritório;Papel A4 500 folhas;1;35.02;Débito;Baixo
T005646;2026-01-30 13:08:00;Nordeste;Site;Celulares;Fone Bluetooth;1;263.0;Débito;Baixo
T005647;2026-07-29 04:59:00;Nordeste;Site;Casa e Cozinha;Balança Digital Cozinha;1;77.95;Crédito;Baixo
T005648;2026-01-30 20:30:00;Sul;Loja física;Casa e Cozinha;Aspirador Vertical;5;2512.05;Crédito;Baixo
T005649;2026-05-17 18:54:00;Nordeste;Loja física;Casa e Cozinha;Kit Potes Herméticos;2;252.14;Pix;Baixo
T005650;2026-04-16 16:54:00;Sudeste;Aplicativo;Áudio e Vídeo;Headset Gamer;3;755.27;Pix;Baixo
T005651;2026-08-02 04:00:00;Sudeste;Loja física;Games;Jogo Aventura Lendária;2;694.19;Débito;Baixo
T005652;2026-08-20 09:50:00;Nordeste;Aplicativo;Celulares;Power Bank 20000mAh;3;701.96;Débito;Baixo
T005653;2026-06-11 02:57:00;Sudeste;Loja física;Celulares;Capa Antichoque;1;64.75;Crédito;Baixo
T005654;2026-04-01 10:26:00;Sudeste;Loja física;Escritório;Impressora Multifuncional;1;874.87;Débito;Baixo
T005655;2026-08-26 14:16:00;Sudeste;Site;Celulares;Smartphone Orion 128GB;1;1658.47;Débito;Baixo
T005656;2026-08-03 21:10:00;Sudeste;Marketplace;Escritório;Mesa Escritório 120cm;1;626.56;Pix;Baixo
T005657;2026-05-01 04:21:00;Sudeste;Loja física;Áudio e Vídeo;Smart TV 43 4K;2;4015.03;Pix;Baixo
T005658;2026-04-08 23:03:00;Sul;Site;Games;Jogo Corrida Pro;1;309.89;Crédito;Baixo
T005659;2026-08-01 08:30:00;Centro-Oeste;Loja física;Informática;Notebook 14 Air;2;6203.4;Pix;Baixo
T005660;2026-05-28 01:26:00;Sudeste;Loja física;Escritório;Suporte para Notebook;1;96.03;Crédito;Baixo
T005661;2026-07-08 00:33:00;Sul;Site;Escritório;Luminária LED;3;371.25;Crédito;Baixo
T005662;2026-08-11 23:21:00;Sudeste;Site;Celulares;Película 3D;4;167.89;Pix;Baixo
T005663;2026-04-15 05:37:00;Centro-Oeste;Site;Áudio e Vídeo;Headset Gamer;4;1072.77;Pix;Baixo
T005664;2026-03-15 00:14:00;Centro-Oeste;Marketplace;Áudio e Vídeo;Smart TV 43 4K;1;2173.35;Pix;Baixo
T005665;2026-03-26 08:55:00;Sudeste;Site;Casa e Cozinha;Air Fryer 5L;1;503.74;Boleto;Baixo
T005666;2026-03-01 17:02:00;Sul;Loja física;Informática;Monitor 24 IPS;1;889.58;Crédito;Baixo
T005667;2026-03-17 19:09:00;Sudeste;Site;Games;Jogo Aventura Lendária;1;303.66;Crédito;Baixo
T005668;2026-02-04 11:08:00;Sul;Site;Áudio e Vídeo;Smart TV 55 4K;2;6131.44;Pix;Baixo
T005669;2026-02-10 05:33:00;Sudeste;Site;Áudio e Vídeo;Soundbar 2.1;1;714.14;Pix;Baixo
T005670;2026-01-27 14:11:00;Sudeste;Site;Informática;Webcam Full HD;1;242.1;Débito;Baixo
T005671;2026-07-05 11:13:00;Nordeste;Site;Escritório;Organizador de Mesa;1;67.18;Crédito;Baixo
T005672;2026-04-17 09:07:00;Sudeste;Aplicativo;Casa e Cozinha;Aspirador Vertical;2;998.8;Pix;Baixo
T005673;2026-07-18 05:53:00;Sul;Site;Games;Jogo Aventura Lendária;2;660.79;Pix;Baixo
T005674;2026-01-26 16:07:00;Nordeste;Site;Áudio e Vídeo;Projetor Full HD;2;3309.4;Crédito;Baixo
T005675;2026-02-05 17:16:00;Sul;Site;Áudio e Vídeo;Smart TV 55 4K;3;9363.03;Pix;Médio
T005676;2026-04-15 00:43:00;Norte;Aplicativo;Escritório;Papel A4 500 folhas;4;140.04;Crédito;Baixo
T005677;2026-05-21 01:18:00;Centro-Oeste;Site;Celulares;Smartphone Orion Pro 256GB;4;11446.21;Crédito;Médio
T005678;2026-08-21 07:40:00;Sul;Aplicativo;Games;Cadeira Gamer;1;1009.98;Débito;Baixo
T005679;2026-04-07 08:30:00;Sudeste;Site;Informática;Teclado Mecânico;3;1083.1;Débito;Baixo
T005680;2026-07-28 06:27:00;Sudeste;Loja física;Casa e Cozinha;Kit Potes Herméticos;2;274.11;Pix;Baixo
T005681;2026-08-05 03:02:00;Nordeste;Loja física;Escritório;Luminária LED;1;132.62;Crédito;Baixo
T005682;2026-01-08 09:53:00;Nordeste;Aplicativo;Áudio e Vídeo;Soundbar 2.1;1;770.61;Pix;Baixo
T005683;2026-02-25 08:16:00;Sudeste;Site;Games;Jogo Corrida Pro;3;838.05;Pix;Baixo
T005684;2026-07-31 12:35:00;Nordeste;Aplicativo;Casa e Cozinha;Liquidificador 1200W;1;250.92;Crédito;Baixo
T005685;2026-07-05 15:39:00;Sudeste;Site;Casa e Cozinha;Aspirador Vertical;1;542.45;Crédito;Baixo
T005686;2026-08-27 09:19:00;Centro-Oeste;Loja física;Informática;Notebook 15 Pro;4;14660.58;Crédito;Médio
T005687;2026-06-28 16:04:00;Sudeste;Site;Games;Volante Racing;1;1327.44;Crédito;Baixo
T005688;2026-07-08 12:18:00;Sul;Aplicativo;Casa e Cozinha;Liquidificador 1200W;2;508.68;Débito;Baixo
T005689;2026-07-25 13:55:00;Sudeste;Site;Celulares;Power Bank 20000mAh;1;210.04;Crédito;Baixo
T005690;2026-04-30 15:06:00;Sudeste;Site;Celulares;Smartphone Vega Max 256GB;5;10863.39;Boleto;Alto
T005691;2026-02-27 13:47:00;Sudeste;Site;Áudio e Vídeo;Caixa Bluetooth;1;344.31;Crédito;Baixo
T005692;2026-01-29 04:31:00;Centro-Oeste;Site;Casa e Cozinha;Aspirador Vertical;2;1058.07;Débito;Baixo
T005693;2026-06-12 06:22:00;Centro-Oeste;Site;Celulares;Smartphone Vega 128GB;1;1567.7;Pix;Baixo
T005694;2026-05-13 11:15:00;Nordeste;Loja física;Games;Headset 7.1;2;924.16;Pix;Baixo
T005695;2026-04-29 01:17:00;Sudeste;Aplicativo;Casa e Cozinha;Kit Potes Herméticos;1;118.19;Débito;Baixo
T005696;2026-05-26 13:48:00;Sudeste;Site;Games;Jogo Aventura Lendária;1;356.13;Crédito;Baixo
T005697;2026-01-13 21:52:00;Sudeste;Site;Casa e Cozinha;Liquidificador 1200W;2;539.7;Pix;Baixo
T005698;2026-02-13 22:41:00;Sul;Loja física;Áudio e Vídeo;Soundbar 2.1;2;1596.36;Crédito;Baixo
T005699;2026-01-06 20:06:00;Sudeste;Aplicativo;Informática;Teclado Mecânico;4;1212.68;Pix;Baixo
T005700;2026-08-01 15:36:00;Nordeste;Loja física;Informática;Memória DDR4 16GB;1;289.08;Pix;Baixo
T005701;2026-03-22 10:34:00;Sudeste;Aplicativo;Informática;Monitor 27 QHD;6;10102.09;Crédito;Médio
T005702;2026-06-23 20:45:00;Sudeste;Site;Celulares;Power Bank 20000mAh;1;235.16;Crédito;Baixo
T005703;2026-05-09 01:20:00;Centro-Oeste;Aplicativo;Celulares;Smartphone Vega Max 256GB;1;2493.5;Crédito;Baixo
T005704;2026-08-03 14:57:00;Nordeste;Marketplace;Games;Headset 7.1;1;462.92;Crédito;Baixo
T005705;2026-04-09 07:05:00;Nordeste;Loja física;Áudio e Vídeo;Microfone USB;1;373.91;Crédito;Baixo
T005706;2026-03-01 08:36:00;Centro-Oeste;Site;Games;Volante Racing;3;3494.68;Débito;Baixo
T005707;2026-05-12 04:45:00;Sudeste;Loja física;Casa e Cozinha;Air Fryer 5L;1;525.63;Crédito;Baixo
T005708;2026-08-26 23:36:00;Sul;Site;Celulares;Smartphone Orion Pro 256GB;1;2633.62;Crédito;Baixo
T005709;2026-04-18 23:43:00;Sudeste;Site;Informática;Mouse Sem Fio;1;122.0;Crédito;Baixo
T005710;2026-05-20 14:45:00;Sudeste;Aplicativo;Informática;Mochila para Notebook;1;173.97;Débito;Baixo
T005711;2026-05-20 00:49:00;Sudeste;Aplicativo;Celulares;Capa Antichoque;1;66.0;Crédito;Baixo
T005712;2026-05-20 03:41:00;Nordeste;Loja física;Games;Volante Racing;1;1170.39;Crédito;Baixo
T005713;2026-01-13 10:18:00;Sudeste;Aplicativo;Celulares;Smartphone Vega Max 256GB;4;8337.31;Crédito;Médio
T005714;2026-06-16 00:20:00;Norte;Aplicativo;Informática;Monitor 27 QHD;1;1476.91;Crédito;Baixo
T005715;2026-02-21 22:45:00;Sul;Site;Informática;Hub USB-C 8 em 1;4;1152.74;Crédito;Baixo
T005716;2026-05-18 16:41:00;Sudeste;Aplicativo;Áudio e Vídeo;Smart TV 55 4K;1;2790.7;Crédito;Baixo
T005717;2026-04-29 06:32:00;Sudeste;Loja física;Celulares;Smartphone Orion Pro 256GB;3;8321.48;Pix;Médio
T005718;2026-04-07 20:52:00;Sul;Site;Games;Console NovaBox X;1;4137.0;Crédito;Baixo
T005719;2026-06-25 08:38:00;Centro-Oeste;Aplicativo;Informática;Webcam Full HD;1;216.14;Pix;Baixo
T005720;2026-02-24 07:31:00;Sudeste;Marketplace;Celulares;Capa Antichoque;1;67.82;Crédito;Baixo
T005721;2026-03-09 05:51:00;Sul;Loja física;Áudio e Vídeo;Suporte TV Articulado;1;166.51;Crédito;Baixo
T005722;2026-01-28 13:15:00;Sudeste;Site;Celulares;Smartphone Orion 128GB;1;1763.05;Pix;Baixo
T005723;2026-05-10 05:01:00;Sudeste;Aplicativo;Informática;SSD NVMe 1TB;1;516.08;Pix;Baixo
T005724;2026-05-06 02:34:00;Sul;Aplicativo;Informática;Notebook 15 Pro;4;15022.02;Crédito;Médio
T005725;2026-08-19 17:17:00;Sudeste;Site;Celulares;Capa Antichoque;1;70.62;Crédito;Baixo
T005726;2026-06-14 09:37:00;Sudeste;Site;Games;Jogo Corrida Pro;1;270.77;Pix;Baixo
T005727;2026-05-06 16:12:00;Sul;Aplicativo;Áudio e Vídeo;Headset Gamer;1;273.57;Débito;Baixo
T005728;2026-06-09 21:08:00;Nordeste;Aplicativo;Informática;SSD SATA 480GB;1;273.45;Crédito;Baixo
T005729;2026-02-26 00:42:00;Sudeste;Site;Casa e Cozinha;Cafeteira Programável;1;288.74;Crédito;Baixo
T005730;2026-05-03 23:44:00;Nordeste;Site;Áudio e Vídeo;Smart TV 43 4K;2;4500.34;Crédito;Baixo
T005731;2026-03-07 10:22:00;Sul;Marketplace;Informática;Notebook 15 Pro;4;15754.35;Débito;Alto
T005732;2026-02-09 23:11:00;Sudeste;Marketplace;Informática;Monitor 27 QHD;6;8336.87;Crédito;Alto
T005733;2026-04-09 21:03:00;Sudeste;Loja física;Escritório;Cadeira Ergonômica;1;1038.56;Pix;Baixo
T005734;2026-02-05 22:15:00;Sudeste;Site;Informática;SSD NVMe 1TB;4;1884.09;Pix;Baixo
T005735;2026-03-10 12:03:00;Sudeste;Loja física;Áudio e Vídeo;Smart TV 55 4K;1;3061.44;Crédito;Baixo
T005736;2026-07-20 08:19:00;Sul;Aplicativo;Games;Jogo Corrida Pro;1;301.62;Crédito;Baixo
T005737;2026-03-16 08:46:00;Centro-Oeste;Site;Informática;Notebook 15 Pro;4;14892.99;Pix;Médio
T005738;2026-04-13 09:26:00;Nordeste;Aplicativo;Games;Console PlaySphere 5;3;11961.56;Crédito;Médio
T005739;2026-03-29 15:12:00;Centro-Oeste;Site;Games;Console PlaySphere 5;2;8448.66;Pix;Médio
T005740;2026-08-19 17:05:00;Sul;Loja física;Escritório;Luminária LED;2;248.11;Pix;Baixo
T005741;2026-04-17 19:35:00;Centro-Oeste;Aplicativo;Áudio e Vídeo;Soundbar 2.1;6;4466.82;Pix;Baixo
T005742;2026-01-23 12:09:00;Sudeste;Aplicativo;Games;Console NovaBox X;1;3957.48;Pix;Baixo
T005743;2026-01-25 21:12:00;Sudeste;Marketplace;Escritório;Mesa Escritório 120cm;2;1125.22;Crédito;Baixo
T005744;2026-06-07 03:12:00;Nordeste;Marketplace;Áudio e Vídeo;Smart TV 55 4K;1;3210.99;Crédito;Baixo
T005745;2026-03-17 12:27:00;Centro-Oeste;Site;Games;Console NovaBox X;2;7545.3;Crédito;Médio
T005746;2026-03-21 17:26:00;Norte;Site;Games;Jogo Corrida Pro;2;558.81;Crédito;Baixo
T005747;2026-07-11 12:53:00;Sudeste;Marketplace;Games;Jogo Aventura Lendária;4;1326.89;Crédito;Baixo
T005748;2026-08-02 15:26:00;Nordeste;Aplicativo;Celulares;Smartphone Vega 128GB;4;5331.38;Crédito;Baixo
T005749;2026-07-22 15:22:00;Nordeste;Site;Escritório;Impressora Multifuncional;1;917.6;Pix;Baixo
T005750;2026-04-14 12:41:00;Sudeste;Loja física;Escritório;Organizador de Mesa;1;62.89;Crédito;Baixo
T005751;2026-08-30 15:16:00;Sudeste;Loja física;Escritório;Impressora Multifuncional;4;3580.88;Crédito;Baixo
T005752;2026-05-19 13:19:00;Sudeste;Site;Informática;Webcam Full HD;2;409.36;Crédito;Baixo
T005753;2026-06-04 21:28:00;Sudeste;Site;Escritório;Impressora Multifuncional;1;837.1;Crédito;Baixo
T005754;2026-08-29 19:30:00;Norte;Site;Celulares;Carregador USB-C 30W;1;105.24;Crédito;Baixo
T005755;2026-02-01 13:16:00;Sudeste;Loja física;Games;Headset 7.1;2;911.54;Débito;Baixo
T005756;2026-01-14 20:32:00;Sudeste;Loja física;Escritório;Mesa Escritório 120cm;1;614.68;Crédito;Baixo
T005757;2026-08-26 16:56:00;Centro-Oeste;Aplicativo;Informática;Webcam Full HD;2;423.81;Débito;Baixo
T005758;2026-08-13 21:45:00;Sul;Aplicativo;Escritório;Suporte para Notebook;1;115.81;Boleto;Baixo
T005759;2026-03-16 19:26:00;Sudeste;Loja física;Casa e Cozinha;Liquidificador 1200W;1;295.39;Pix;Baixo
T005760;2026-02-18 21:00:00;Centro-Oeste;Marketplace;Celulares;Smartphone Vega 128GB;1;1449.9;Débito;Baixo
T005761;2026-06-10 06:11:00;Nordeste;Site;Áudio e Vídeo;Smart TV 43 4K;4;8585.76;Crédito;Médio
T005762;2026-03-08 18:32:00;Centro-Oeste;Loja física;Games;Headset 7.1;1;444.93;Crédito;Baixo
T005763;2026-02-20 15:28:00;Norte;Site;Áudio e Vídeo;Smart TV 43 4K;4;8707.98;Boleto;Alto
T005764;2026-08-19 05:23:00;Sudeste;Aplicativo;Casa e Cozinha;Liquidificador 1200W;1;289.72;Crédito;Baixo
T005765;2026-05-05 03:31:00;Sudeste;Marketplace;Casa e Cozinha;Air Fryer 5L;1;517.44;Crédito;Baixo
T005766;2026-03-02 14:55:00;Sudeste;Aplicativo;Escritório;Suporte para Notebook;1;97.7;Crédito;Baixo
T005767;2026-05-18 07:07:00;Centro-Oeste;Site;Informática;Mouse Sem Fio;3;337.56;Crédito;Baixo
T005768;2026-01-08 09:09:00;Centro-Oeste;Marketplace;Informática;Monitor 27 QHD;1;1624.91;Crédito;Baixo
T005769;2026-08-01 11:04:00;Sudeste;Loja física;Escritório;Mesa Escritório 120cm;1;569.19;Débito;Baixo
T005770;2026-07-02 23:04:00;Sul;Loja física;Informática;Memória DDR4 16GB;1;261.48;Pix;Baixo
T005771;2026-07-29 13:03:00;Sul;Site;Informática;Mochila para Notebook;2;328.69;Pix;Baixo
T005772;2026-02-10 10:13:00;Sudeste;Aplicativo;Celulares;Fone Bluetooth;1;252.59;Débito;Baixo
T005773;2026-06-30 08:27:00;Nordeste;Site;Casa e Cozinha;Cafeteira Programável;1;279.08;Pix;Baixo
T005774;2026-04-01 14:23:00;Nordeste;Site;Casa e Cozinha;Panela Elétrica 5L;1;353.36;Crédito;Baixo
T005775;2026-03-31 20:05:00;Sudeste;Marketplace;Games;Volante Racing;5;6571.1;Pix;Médio
T005776;2026-05-16 23:06:00;Sudeste;Aplicativo;Áudio e Vídeo;Caixa Bluetooth;4;1530.2;Crédito;Baixo
T005777;2026-05-25 23:22:00;Sudeste;Aplicativo;Casa e Cozinha;Jogo de Panelas 5 peças;3;1280.47;Pix;Baixo
T005778;2026-04-30 17:17:00;Nordeste;Site;Escritório;Fragmentadora 10 folhas;1;703.91;Pix;Baixo
T005779;2026-06-17 19:16:00;Sul;Loja física;Informática;SSD SATA 480GB;2;567.44;Crédito;Baixo
T005780;2026-05-17 08:22:00;Sudeste;Site;Informática;SSD NVMe 1TB;1;501.86;Crédito;Baixo
T005781;2026-03-24 10:51:00;Sul;Loja física;Informática;Webcam Full HD;4;1000.08;Pix;Baixo
T005782;2026-03-15 02:40:00;Sudeste;Site;Áudio e Vídeo;Projetor Full HD;1;1686.81;Boleto;Baixo
T005783;2026-07-08 12:24:00;Sudeste;Site;Escritório;Mesa Escritório 120cm;1;585.4;Boleto;Baixo
T005784;2026-06-22 21:13:00;Sudeste;Loja física;Games;Jogo Corrida Pro;1;261.47;Pix;Baixo
T005785;2026-07-28 18:12:00;Sudeste;Marketplace;Casa e Cozinha;Panela Elétrica 5L;2;743.41;Pix;Baixo
T005786;2026-06-12 12:02:00;Sudeste;Site;Casa e Cozinha;Sanduicheira Grill;3;518.08;Boleto;Baixo
T005787;2026-04-18 17:18:00;Sudeste;Marketplace;Informática;Hub USB-C 8 em 1;1;241.36;Pix;Baixo
T005788;2026-02-12 04:46:00;Sudeste;Aplicativo;Áudio e Vídeo;Suporte TV Articulado;1;170.13;Crédito;Baixo
T005789;2026-02-09 08:27:00;Sudeste;Site;Áudio e Vídeo;Smart TV 55 4K;2;6748.06;Débito;Baixo
T005790;2026-04-24 14:30:00;Norte;Site;Áudio e Vídeo;Headset Gamer;3;740.91;Boleto;Baixo
T005791;2026-06-08 23:55:00;Sul;Aplicativo;Casa e Cozinha;Kit Potes Herméticos;1;133.07;Pix;Baixo
T005792;2026-07-23 22:11:00;Sudeste;Loja física;Celulares;Power Bank 20000mAh;1;237.1;Crédito;Baixo
T005793;2026-03-29 02:23:00;Norte;Site;Áudio e Vídeo;Caixa Bluetooth;3;1147.24;Crédito;Baixo
T005794;2026-07-08 21:59:00;Sudeste;Loja física;Escritório;Organizador de Mesa;1;69.5;Débito;Baixo
T005795;2026-06-06 04:51:00;Sudeste;Site;Informática;SSD NVMe 1TB;4;1991.34;Pix;Baixo
T005796;2026-04-11 09:45:00;Sudeste;Site;Games;Console PlaySphere 5;1;3948.6;Débito;Baixo
T005797;2026-06-01 21:16:00;Nordeste;Loja física;Celulares;Película 3D;5;210.9;Crédito;Baixo
T005798;2026-07-19 21:32:00;Sul;Marketplace;Informática;SSD NVMe 1TB;1;462.44;Boleto;Médio
T005799;2026-04-18 06:59:00;Sul;Site;Games;Console PlaySphere 5;1;3952.11;Crédito;Baixo
T005800;2026-03-31 20:44:00;Sudeste;Site;Informática;SSD SATA 480GB;3;715.3;Pix;Baixo
T005801;2026-05-28 02:57:00;Sul;Marketplace;Celulares;Película 3D;2;71.99;Pix;Baixo
T005802;2026-01-01 23:33:00;Sudeste;Site;Informática;Notebook 14 Air;1;2994.82;Pix;Baixo
T005803;2026-06-11 17:18:00;Norte;Marketplace;Informática;Hub USB-C 8 em 1;2;552.82;Crédito;Baixo
T005804;2026-05-02 10:58:00;Centro-Oeste;Marketplace;Informática;Memória DDR4 16GB;1;302.41;Crédito;Baixo
T005805;2026-04-10 05:22:00;Centro-Oeste;Aplicativo;Áudio e Vídeo;Caixa Bluetooth;1;403.99;Débito;Baixo
T005806;2026-03-18 22:44:00;Sudeste;Site;Escritório;Impressora Multifuncional;3;2754.54;Débito;Baixo
T005807;2026-01-03 04:12:00;Sul;Loja física;Games;Headset 7.1;5;2279.65;Crédito;Baixo
T005808;2026-01-16 23:57:00;Sudeste;Site;Casa e Cozinha;Air Fryer 5L;6;2794.77;Boleto;Baixo
T005809;2026-02-12 13:00:00;Nordeste;Aplicativo;Áudio e Vídeo;Projetor Full HD;1;1979.2;Crédito;Baixo
T005810;2026-06-23 13:00:00;Sudeste;Loja física;Informática;Monitor 24 IPS;3;2613.74;Boleto;Baixo
T005811;2026-02-18 16:04:00;Sudeste;Marketplace;Informática;Monitor 27 QHD;1;1627.83;Pix;Baixo
T005812;2026-01-06 22:04:00;Centro-Oeste;Loja física;Informática;Teclado Mecânico;1;338.95;Pix;Baixo
T005813;2026-01-29 16:26:00;Sudeste;Aplicativo;Games;Console PlaySphere 5;2;8838.53;Débito;Médio
T005814;2026-05-05 02:40:00;Sudeste;Site;Áudio e Vídeo;Microfone USB;2;667.49;Crédito;Baixo
T005815;2026-03-18 19:03:00;Sul;Loja física;Celulares;Capa Antichoque;1;62.25;Boleto;Baixo
T005816;2026-04-10 01:08:00;Sudeste;Marketplace;Informática;Hub USB-C 8 em 1;1;245.05;Boleto;Médio
T005817;2026-06-24 08:12:00;Sudeste;Site;Informática;Mouse Sem Fio;2;221.34;Pix;Baixo
T005818;2026-04-15 13:46:00;Sul;Loja física;Escritório;Mesa Escritório 120cm;2;1285.43;Pix;Baixo
T005819;2026-06-11 00:14:00;Sul;Loja física;Games;Jogo Corrida Pro;1;271.19;Crédito;Baixo
T005820;2026-04-26 23:10:00;Sul;Site;Informática;Teclado Mecânico;2;606.39;Boleto;Baixo
T005821;2026-01-18 13:32:00;Sudeste;Site;Casa e Cozinha;Kit Potes Herméticos;1;120.86;Pix;Baixo
T005822;2026-01-22 08:05:00;Sul;Marketplace;Informática;Memória DDR4 16GB;2;569.18;Pix;Baixo
T005823;2026-03-16 00:37:00;Sudeste;Loja física;Informática;Hub USB-C 8 em 1;2;494.73;Crédito;Baixo
T005824;2026-04-29 19:12:00;Sudeste;Loja física;Celulares;Capa Antichoque;1;62.03;Pix;Baixo
T005825;2026-07-20 13:03:00;Sudeste;Site;Casa e Cozinha;Aspirador Vertical;3;1538.9;Pix;Baixo
T005826;2026-01-13 03:30:00;Centro-Oeste;Marketplace;Celulares;Power Bank 20000mAh;1;213.92;Crédito;Baixo
T005827;2026-01-10 19:03:00;Nordeste;Loja física;Celulares;Smartphone Orion 128GB;2;3545.83;Crédito;Baixo
T005828;2026-01-31 16:28:00;Sudeste;Aplicativo;Celulares;Fone Bluetooth;2;474.03;Crédito;Baixo
T005829;2026-08-28 08:03:00;Nordeste;Site;Escritório;Organizador de Mesa;1;66.19;Crédito;Baixo
T005830;2026-05-17 18:02:00;Nordeste;Site;Games;Console NovaBox X;2;6993.28;Crédito;Baixo
T005831;2026-04-13 09:56:00;Sul;Aplicativo;Informática;Mochila para Notebook;2;363.19;Pix;Baixo
T005832;2026-07-01 17:13:00;Centro-Oeste;Loja física;Áudio e Vídeo;Microfone USB;4;1283.02;Crédito;Baixo
T005833;2026-03-25 00:10:00;Sul;Aplicativo;Games;Jogo Aventura Lendária;3;1111.23;Crédito;Baixo
T005834;2026-07-27 08:14:00;Sul;Site;Informática;Monitor 27 QHD;1;1560.22;Boleto;Baixo
T005835;2026-01-22 03:09:00;Norte;Site;Celulares;Smartphone Vega Max 256GB;1;2529.65;Crédito;Baixo
T005836;2026-08-28 14:47:00;Sudeste;Loja física;Casa e Cozinha;Panela Elétrica 5L;1;352.96;Débito;Baixo
T005837;2026-05-22 11:43:00;Sul;Aplicativo;Áudio e Vídeo;Projetor Full HD;1;1955.68;Débito;Baixo
T005838;2026-01-25 20:58:00;Sudeste;Marketplace;Informática;Notebook 15 Pro;1;3493.97;Crédito;Baixo
T005839;2026-01-13 07:05:00;Sudeste;Site;Games;Cadeira Gamer;1;1009.18;Pix;Baixo
T005840;2026-04-16 13:19:00;Norte;Aplicativo;Informática;Monitor 24 IPS;1;847.09;Pix;Baixo
T005841;2026-08-29 20:19:00;Nordeste;Site;Escritório;Organizador de Mesa;1;60.64;Pix;Baixo
T005842;2026-01-03 17:10:00;Sudeste;Loja física;Áudio e Vídeo;Smart TV 55 4K;2;6150.95;Pix;Baixo
T005843;2026-01-29 07:35:00;Sudeste;Loja física;Áudio e Vídeo;Headset Gamer;1;299.34;Crédito;Baixo
T005844;2026-05-14 14:59:00;Sudeste;Loja física;Informática;Monitor 24 IPS;5;3854.96;Crédito;Baixo
T005845;2026-01-10 15:47:00;Sudeste;Site;Celulares;Smartphone Vega Max 256GB;3;7324.36;Crédito;Médio
T005846;2026-06-14 22:53:00;Sudeste;Loja física;Games;Volante Racing;2;2483.29;Crédito;Baixo
T005847;2026-06-29 03:24:00;Centro-Oeste;Site;Escritório;Luminária LED;1;119.7;Crédito;Baixo
T005848;2026-05-10 18:32:00;Sudeste;Marketplace;Celulares;Capa Antichoque;1;74.09;Crédito;Baixo
T005849;2026-07-01 04:08:00;Sudeste;Aplicativo;Informática;Teclado Mecânico;3;917.29;Crédito;Baixo
T005850;2026-01-13 00:19:00;Sudeste;Aplicativo;Informática;Hub USB-C 8 em 1;1;285.08;Débito;Baixo
T005851;2026-02-20 00:53:00;Sudeste;Aplicativo;Celulares;Smartphone Orion Pro 256GB;2;5207.82;Crédito;Baixo
T005852;2026-04-28 23:15:00;Sudeste;Aplicativo;Escritório;Cadeira Ergonômica;3;3251.16;Crédito;Baixo
T005853;2026-08-18 14:57:00;Sudeste;Site;Casa e Cozinha;Panela Elétrica 5L;2;770.29;Pix;Baixo
T005854;2026-03-18 15:03:00;Sul;Loja física;Informática;Memória DDR4 16GB;2;606.28;Crédito;Baixo
T005855;2026-01-09 01:56:00;Sudeste;Site;Celulares;Smartphone Orion Pro 256GB;2;4998.84;Crédito;Baixo
T005856;2026-04-15 16:20:00;Sudeste;Loja física;Casa e Cozinha;Panela Elétrica 5L;2;689.67;Pix;Baixo
T005857;2026-06-15 01:00:00;Sudeste;Marketplace;Casa e Cozinha;Kit Potes Herméticos;2;255.65;Pix;Baixo
T005858;2026-02-16 00:42:00;Sul;Site;Áudio e Vídeo;Microfone USB;4;1386.45;Pix;Baixo
T005859;2026-05-27 06:08:00;Sudeste;Loja física;Celulares;Carregador USB-C 30W;2;207.39;Pix;Baixo
T005860;2026-05-23 17:19:00;Sudeste;Aplicativo;Games;Headset 7.1;1;408.31;Crédito;Baixo
T005861;2026-03-26 17:45:00;Sudeste;Site;Celulares;Smartphone Vega 128GB;3;4240.63;Pix;Baixo
T005862;2026-02-07 16:25:00;Sul;Aplicativo;Celulares;Smartphone Orion Pro 256GB;3;7953.31;Crédito;Médio
T005863;2026-05-29 00:16:00;Sudeste;Site;Escritório;Suporte para Notebook;2;192.8;Pix;Baixo
T005864;2026-05-14 01:16:00;Centro-Oeste;Aplicativo;Games;Headset 7.1;5;2423.59;Débito;Baixo
T005865;2026-03-25 19:57:00;Sudeste;Site;Games;Volante Racing;6;7967.67;Pix;Médio
T005866;2026-04-24 00:33:00;Sul;Site;Áudio e Vídeo;Smart TV 43 4K;1;1962.85;Pix;Baixo
T005867;2026-02-12 17:27:00;Sul;Marketplace;Áudio e Vídeo;Headset Gamer;1;276.96;Crédito;Baixo
T005868;2026-04-02 09:40:00;Sudeste;Site;Celulares;Smartphone Vega 128GB;2;3165.4;Débito;Baixo
T005869;2026-03-09 20:06:00;Sul;Site;Áudio e Vídeo;Suporte TV Articulado;2;316.93;Débito;Baixo
T005870;2026-04-03 07:27:00;Nordeste;Site;Celulares;Smartphone Orion 128GB;1;1555.56;Boleto;Baixo
T005871;2026-03-24 16:29:00;Sul;Marketplace;Áudio e Vídeo;Smart TV 55 4K;1;3243.2;Crédito;Baixo
T005872;2026-04-03 05:24:00;Sudeste;Aplicativo;Games;Jogo Aventura Lendária;1;319.02;Pix;Baixo
T005873;2026-01-22 14:12:00;Sudeste;Loja física;Escritório;Impressora Multifuncional;1;878.55;Débito;Baixo
T005874;2026-03-30 18:30:00;Sudeste;Site;Celulares;Película 3D;2;78.29;Boleto;Baixo
T005875;2026-07-22 03:51:00;Sudeste;Aplicativo;Games;Console NovaBox X;3;12707.67;Crédito;Médio
T005876;2026-01-28 10:27:00;Sudeste;Site;Celulares;Smartphone Vega 128GB;1;1286.78;Crédito;Baixo
T005877;2026-06-26 03:59:00;Centro-Oeste;Aplicativo;Celulares;Smartphone Orion 128GB;1;1569.72;Boleto;Baixo
T005878;2026-05-19 13:24:00;Sudeste;Aplicativo;Celulares;Power Bank 20000mAh;4;844.69;Crédito;Baixo
T005879;2026-03-03 06:50:00;Centro-Oeste;Loja física;Games;Jogo Corrida Pro;3;859.16;Pix;Baixo
T005880;2026-04-11 03:18:00;Sudeste;Loja física;Áudio e Vídeo;Microfone USB;1;328.63;Boleto;Baixo
T005881;2026-06-01 11:35:00;Centro-Oeste;Marketplace;Informática;Hub USB-C 8 em 1;3;777.94;Crédito;Baixo
T005882;2026-01-15 06:51:00;Sudeste;Aplicativo;Escritório;Papel A4 500 folhas;6;217.28;Pix;Baixo
T005883;2026-02-12 10:40:00;Sul;Aplicativo;Celulares;Carregador USB-C 30W;1;111.88;Pix;Baixo
T005884;2026-01-01 19:34:00;Sul;Loja física;Celulares;Smartphone Orion Pro 256GB;1;2809.74;Crédito;Baixo
T005885;2026-07-02 20:07:00;Nordeste;Loja física;Informática;Mochila para Notebook;5;959.85;Boleto;Baixo
T005886;2026-01-24 11:24:00;Norte;Loja física;Games;Console NovaBox X;1;3644.56;Crédito;Baixo
T005887;2026-07-05 06:43:00;Sudeste;Site;Celulares;Smartphone Vega 128GB;1;1414.39;Crédito;Baixo
T005888;2026-02-13 02:03:00;Sudeste;Aplicativo;Casa e Cozinha;Kit Potes Herméticos;1;125.28;Pix;Baixo
T005889;2026-07-10 05:58:00;Nordeste;Site;Games;Jogo Corrida Pro;1;261.75;Crédito;Baixo
T005890;2026-01-01 19:01:00;Nordeste;Loja física;Celulares;Fone Bluetooth;1;219.75;Crédito;Baixo
T005891;2026-02-26 14:30:00;Sudeste;Aplicativo;Celulares;Power Bank 20000mAh;1;203.07;Débito;Baixo
T005892;2026-05-22 12:10:00;Sudeste;Site;Escritório;Suporte para Notebook;5;496.22;Crédito;Baixo
T005893;2026-03-14 08:56:00;Norte;Aplicativo;Áudio e Vídeo;Headset Gamer;1;266.5;Pix;Baixo
T005894;2026-08-12 02:50:00;Sudeste;Aplicativo;Áudio e Vídeo;Smart TV 55 4K;2;6350.79;Pix;Baixo
T005895;2026-02-05 18:04:00;Sudeste;Loja física;Celulares;Fone Bluetooth;5;1147.52;Débito;Baixo
T005896;2026-03-02 18:31:00;Sudeste;Marketplace;Casa e Cozinha;Kit Potes Herméticos;1;137.53;Crédito;Baixo
T005897;2026-08-22 12:50:00;Nordeste;Aplicativo;Informática;Monitor 24 IPS;1;891.06;Pix;Baixo
T005898;2026-02-13 08:28:00;Sudeste;Aplicativo;Games;Jogo Aventura Lendária;3;953.32;Débito;Baixo
T005899;2026-04-12 11:22:00;Sudeste;Site;Escritório;Impressora Multifuncional;3;2606.35;Crédito;Baixo
T005900;2026-04-15 15:25:00;Sul;Aplicativo;Escritório;Fragmentadora 10 folhas;2;1220.25;Crédito;Baixo
T005901;2026-06-08 04:04:00;Sudeste;Aplicativo;Áudio e Vídeo;Soundbar 2.1;4;3291.33;Crédito;Baixo
T005902;2026-05-07 06:31:00;Nordeste;Site;Casa e Cozinha;Sanduicheira Grill;1;173.13;Pix;Baixo
T005903;2026-02-12 07:27:00;Nordeste;Aplicativo;Escritório;Luminária LED;3;412.88;Crédito;Baixo
T005904;2026-06-09 12:49:00;Sul;Site;Escritório;Organizador de Mesa;4;245.55;Boleto;Baixo
T005905;2026-08-03 21:42:00;Nordeste;Aplicativo;Celulares;Smartphone Vega 128GB;2;3086.37;Débito;Baixo
T005906;2026-03-19 00:32:00;Nordeste;Aplicativo;Casa e Cozinha;Jogo de Panelas 5 peças;2;791.01;Débito;Baixo
T005907;2026-06-20 12:32:00;Sul;Aplicativo;Celulares;Capa Antichoque;2;144.8;Boleto;Baixo
T005908;2026-01-16 14:30:00;Nordeste;Aplicativo;Escritório;Suporte para Notebook;1;105.3;Crédito;Baixo
T005909;2026-08-25 17:45:00;Sudeste;Marketplace;Escritório;Impressora Multifuncional;3;2474.49;Débito;Baixo
T005910;2026-01-13 03:20:00;Sul;Aplicativo;Celulares;Capa Antichoque;3;209.02;Crédito;Baixo
T005911;2026-05-30 09:58:00;Sudeste;Aplicativo;Games;Console NovaBox X;1;3708.43;Pix;Baixo
T005912;2026-04-15 08:37:00;Nordeste;Loja física;Informática;Monitor 24 IPS;1;884.43;Crédito;Baixo
T005913;2026-05-13 05:39:00;Sudeste;Site;Casa e Cozinha;Liquidificador 1200W;2;499.83;Crédito;Baixo
T005914;2026-01-08 20:59:00;Sudeste;Site;Casa e Cozinha;Liquidificador 1200W;4;1151.89;Pix;Baixo
T005915;2026-06-11 21:29:00;Sudeste;Aplicativo;Escritório;Cadeira Ergonômica;3;3192.44;Débito;Baixo
T005916;2026-03-26 14:43:00;Sudeste;Loja física;Games;Console PlaySphere 5;1;4424.4;Débito;Baixo
T005917;2026-02-03 23:45:00;Sudeste;Site;Celulares;Smartphone Vega 128GB;1;1341.79;Débito;Baixo
T005918;2026-08-12 20:09:00;Sul;Site;Casa e Cozinha;Cafeteira Programável;3;893.25;Pix;Baixo
T005919;2026-07-23 10:35:00;Nordeste;Loja física;Informática;Mochila para Notebook;2;332.54;Crédito;Baixo
T005920;2026-01-03 09:42:00;Sul;Aplicativo;Áudio e Vídeo;Projetor Full HD;1;1764.17;Crédito;Baixo
T005921;2026-07-28 23:22:00;Sudeste;Site;Games;Console PlaySphere 5;4;15591.52;Pix;Médio
T005922;2026-05-16 05:12:00;Centro-Oeste;Aplicativo;Celulares;Fone Bluetooth;1;254.13;Pix;Baixo
T005923;2026-05-19 22:46:00;Sul;Aplicativo;Informática;Mochila para Notebook;4;757.71;Crédito;Baixo
T005924;2026-04-23 10:33:00;Nordeste;Aplicativo;Casa e Cozinha;Balança Digital Cozinha;2;165.38;Crédito;Baixo
T005925;2026-04-04 15:05:00;Sudeste;Loja física;Celulares;Película 3D;1;38.45;Pix;Baixo
T005926;2026-06-04 16:07:00;Sudeste;Site;Games;Volante Racing;2;2285.48;Débito;Baixo
T005927;2026-02-17 07:28:00;Sudeste;Aplicativo;Games;Jogo Corrida Pro;1;274.18;Pix;Baixo
T005928;2026-07-31 09:31:00;Sul;Site;Áudio e Vídeo;Headset Gamer;1;263.21;Pix;Baixo
T005929;2026-07-26 09:31:00;Nordeste;Aplicativo;Casa e Cozinha;Panela Elétrica 5L;1;396.99;Pix;Baixo
T005930;2026-02-11 22:10:00;Nordeste;Aplicativo;Celulares;Smartphone Orion Pro 256GB;5;15001.19;Crédito;Médio
T005931;2026-08-03 19:06:00;Sudeste;Site;Games;Cadeira Gamer;1;1046.54;Débito;Baixo
T005932;2026-04-03 11:38:00;Sudeste;Marketplace;Escritório;Cadeira Ergonômica;6;6205.44;Pix;Médio
T005933;2026-03-16 03:48:00;Sudeste;Site;Áudio e Vídeo;Caixa Bluetooth;1;399.38;Pix;Baixo
T005934;2026-01-19 14:02:00;Nordeste;Site;Celulares;Película 3D;3;118.71;Crédito;Baixo
T005935;2026-03-17 09:19:00;Sudeste;Site;Games;Console NovaBox X;2;8068.4;Pix;Médio
T005936;2026-07-09 16:31:00;Sudeste;Marketplace;Áudio e Vídeo;Suporte TV Articulado;2;304.99;Débito;Baixo
T005937;2026-01-21 07:38:00;Nordeste;Marketplace;Informática;Hub USB-C 8 em 1;2;575.32;Pix;Baixo
T005938;2026-01-10 18:13:00;Sul;Site;Celulares;Smartphone Vega 128GB;1;1298.71;Crédito;Baixo
T005939;2026-06-19 11:19:00;Nordeste;Site;Games;Volante Racing;1;1198.17;Crédito;Baixo
T005940;2026-04-19 09:05:00;Nordeste;Aplicativo;Informática;Monitor 24 IPS;4;3203.87;Pix;Baixo
T005941;2026-05-22 00:55:00;Nordeste;Site;Casa e Cozinha;Air Fryer 5L;3;1327.68;Débito;Baixo
T005942;2026-06-09 00:44:00;Nordeste;Aplicativo;Áudio e Vídeo;Projetor Full HD;1;1639.63;Pix;Baixo
T005943;2026-04-17 00:52:00;Sul;Loja física;Escritório;Luminária LED;2;274.55;Débito;Baixo
T005944;2026-06-29 14:47:00;Sudeste;Loja física;Informática;Memória DDR4 16GB;1;251.96;Boleto;Baixo
T005945;2026-02-23 04:30:00;Sul;Aplicativo;Escritório;Cadeira Ergonômica;3;3753.62;Débito;Baixo
T005946;2026-07-17 01:53:00;Sudeste;Loja física;Informática;Teclado Mecânico;5;1626.1;Débito;Baixo
T005947;2026-04-11 00:46:00;Sudeste;Loja física;Informática;SSD SATA 480GB;1;260.01;Débito;Baixo
T005948;2026-02-22 15:00:00;Sudeste;Marketplace;Games;Console NovaBox X;1;3578.19;Boleto;Alto
T005949;2026-08-28 11:58:00;Norte;Aplicativo;Escritório;Organizador de Mesa;1;60.94;Débito;Baixo
T005950;2026-08-24 09:53:00;Sudeste;Site;Celulares;Smartphone Orion Pro 256GB;1;2471.12;Pix;Baixo
T005951;2026-05-25 00:30:00;Sudeste;Site;Informática;Notebook 15 Pro;1;3490.03;Pix;Baixo
T005952;2026-08-14 06:09:00;Sudeste;Site;Informática;Monitor 27 QHD;5;7144.43;Boleto;Alto
T005953;2026-04-16 18:33:00;Sudeste;Aplicativo;Áudio e Vídeo;Caixa Bluetooth;1;362.96;Débito;Baixo
T005954;2026-02-26 02:33:00;Sudeste;Loja física;Celulares;Power Bank 20000mAh;6;1172.72;Pix;Baixo
T005955;2026-03-18 16:54:00;Nordeste;Site;Informática;Hub USB-C 8 em 1;2;476.74;Pix;Baixo
T005956;2026-03-02 08:28:00;Sudeste;Aplicativo;Informática;Teclado Mecânico;1;344.53;Crédito;Baixo
T005957;2026-02-06 07:51:00;Sul;Aplicativo;Áudio e Vídeo;Smart TV 43 4K;1;2002.33;Crédito;Baixo
T005958;2026-06-16 04:57:00;Nordeste;Loja física;Celulares;Carregador USB-C 30W;2;243.61;Crédito;Baixo
T005959;2026-08-28 15:47:00;Nordeste;Marketplace;Informática;Notebook 14 Air;1;3281.61;Pix;Baixo
T005960;2026-02-26 13:07:00;Nordeste;Aplicativo;Áudio e Vídeo;Projetor Full HD;1;1934.61;Crédito;Baixo
T005961;2026-04-08 17:42:00;Nordeste;Site;Games;Volante Racing;1;1173.0;Boleto;Baixo
T005962;2026-07-12 18:40:00;Sudeste;Aplicativo;Áudio e Vídeo;Suporte TV Articulado;1;148.77;Boleto;Baixo
T005963;2026-07-15 13:47:00;Centro-Oeste;Aplicativo;Escritório;Organizador de Mesa;1;67.59;Boleto;Baixo
T005964;2026-04-07 00:19:00;Sudeste;Site;Casa e Cozinha;Aspirador Vertical;1;512.87;Crédito;Baixo
T005965;2026-04-01 12:34:00;Sudeste;Aplicativo;Celulares;Capa Antichoque;2;139.88;Crédito;Baixo
T005966;2026-02-28 15:21:00;Sudeste;Aplicativo;Áudio e Vídeo;Smart TV 43 4K;1;2256.52;Crédito;Baixo
T005967;2026-04-22 08:26:00;Nordeste;Aplicativo;Informática;Memória DDR4 16GB;4;1195.67;Boleto;Baixo
T005968;2026-08-07 00:33:00;Sul;Site;Games;Console PlaySphere 5;1;4042.06;Pix;Baixo
T005969;2026-06-09 16:44:00;Nordeste;Loja física;Celulares;Fone Bluetooth;5;1321.95;Pix;Baixo
T005970;2026-01-24 10:15:00;Sudeste;Site;Celulares;Capa Antichoque;1;64.73;Pix;Baixo
T005971;2026-01-07 05:10:00;Nordeste;Aplicativo;Escritório;Papel A4 500 folhas;4;130.01;Boleto;Baixo
T005972;2026-02-23 19:59:00;Sul;Loja física;Casa e Cozinha;Cafeteira Programável;1;302.47;Débito;Baixo
T005973;2026-03-23 09:30:00;Sul;Site;Celulares;Capa Antichoque;1;73.33;Pix;Baixo
T005974;2026-08-17 22:23:00;Sudeste;Marketplace;Informática;SSD NVMe 1TB;4;2083.45;Débito;Baixo
T005975;2026-07-22 05:21:00;Sudeste;Aplicativo;Casa e Cozinha;Sanduicheira Grill;3;555.3;Débito;Baixo
T005976;2026-03-05 22:33:00;Sudeste;Site;Casa e Cozinha;Liquidificador 1200W;4;1168.04;Crédito;Baixo
T005977;2026-08-27 03:58:00;Sul;Aplicativo;Informática;Teclado Mecânico;1;321.31;Pix;Baixo
T005978;2026-01-09 19:11:00;Nordeste;Aplicativo;Games;Console NovaBox X;1;3813.5;Pix;Baixo
T005979;2026-02-03 22:01:00;Sudeste;Loja física;Games;Console PlaySphere 5;2;8055.42;Crédito;Médio
T005980;2026-02-04 23:34:00;Sudeste;Site;Games;Cadeira Gamer;1;959.34;Crédito;Baixo
T005981;2026-06-05 23:15:00;Sudeste;Aplicativo;Celulares;Smartphone Orion Pro 256GB;1;3004.74;Pix;Baixo
T005982;2026-03-21 05:13:00;Sudeste;Loja física;Games;Jogo Corrida Pro;2;604.01;Crédito;Baixo
T005983;2026-06-30 05:29:00;Sudeste;Aplicativo;Escritório;Mesa Escritório 120cm;1;555.5;Boleto;Baixo
T005984;2026-03-19 21:02:00;Sudeste;Aplicativo;Escritório;Luminária LED;1;130.16;Crédito;Baixo
T005985;2026-06-29 15:41:00;Sul;Loja física;Informática;Memória DDR4 16GB;1;267.17;Débito;Baixo
T005986;2026-02-05 23:29:00;Sudeste;Marketplace;Escritório;Cadeira Ergonômica;1;1074.39;Crédito;Baixo
T005987;2026-06-17 21:13:00;Sudeste;Aplicativo;Games;Jogo Aventura Lendária;1;334.32;Crédito;Baixo
T005988;2026-04-05 22:15:00;Nordeste;Site;Áudio e Vídeo;Smart TV 55 4K;2;6631.07;Pix;Baixo
T005989;2026-01-25 02:32:00;Sudeste;Loja física;Games;Volante Racing;3;3649.35;Crédito;Baixo
T005990;2026-07-10 01:35:00;Norte;Aplicativo;Casa e Cozinha;Kit Potes Herméticos;1;134.41;Crédito;Baixo
T005991;2026-03-29 22:17:00;Nordeste;Marketplace;Informática;Hub USB-C 8 em 1;2;560.54;Débito;Baixo
T005992;2026-01-14 23:38:00;Sudeste;Site;Informática;Memória DDR4 16GB;1;261.62;Débito;Baixo
T005993;2026-04-04 03:06:00;Norte;Marketplace;Casa e Cozinha;Cafeteira Programável;3;828.75;Crédito;Baixo
T005994;2026-04-18 08:52:00;Sul;Site;Informática;Hub USB-C 8 em 1;1;288.5;Pix;Baixo
T005995;2026-08-08 17:50:00;Sudeste;Site;Games;Cadeira Gamer;1;1048.71;Pix;Baixo
T005996;2026-01-05 18:52:00;Sudeste;Aplicativo;Casa e Cozinha;Balança Digital Cozinha;1;77.26;Débito;Baixo
T005997;2026-05-22 01:24:00;Sudeste;Site;Escritório;Organizador de Mesa;1;67.47;Pix;Baixo
T005998;2026-02-27 18:05:00;Sudeste;Site;Celulares;Capa Antichoque;6;432.29;Pix;Baixo
T005999;2026-01-31 06:05:00;Sul;Loja física;Áudio e Vídeo;Microfone USB;1;349.24;Pix;Baixo
T006000;2026-01-04 12:38:00;Sudeste;Loja física;Celulares;Película 3D;1;38.56;Crédito;Baixo
