id_venda;data;regiao;canal;categoria;produto;quantidade;preco_unitario;desconto;forma_pagamento
V000001;2026-02-24;Sudeste;Marketplace;Escritório;Organizador de Mesa;1;69.7;0;Cartão de crédito
V000002;2026-04-08;Sul;Site;Celulares;Smartphone Vega 128GB;2;1600.93;0;Cartão de crédito
V000003;2026-08-30;Nordeste;Site;Escritório;Fragmentadora 10 folhas;2;659.19;0.08;Cartão de débito
V000004;2026-04-02;Centro-Oeste;Site;Informática;Hub USB-C 8 em 1;6;267.83;0.2;Pix
V000005;2026-04-09;Nordeste;Site;Celulares;Smartphone Orion 128GB;1;1816.14;0.05;Boleto
V000006;2026-03-12;Sul;Aplicativo;Informática;Monitor 27 QHD;1;1513.02;0.12;Cartão de crédito
V000007;2026-07-25;Nordeste;Aplicativo;Áudio e Vídeo;Projetor Full HD;2;1960.02;0.1;Pix
V000008;2026-01-01;Sul;Site;Informática;Monitor 24 IPS;1;944.2;;Cartão de crédito
V000009;2026-03-24;Norte;Marketplace;Áudio e Vídeo;Smart TV 55 4K;2;3191.24;0.1;Cartão de crédito
V000010;2026-08-09;Sul;Aplicativo;Casa e Cozinha;Jogo de Panelas 5 peças;1;420.97;0.08;Pix
V000011;2026-05-06;Sudeste;Site;Casa e Cozinha;Liquidificador 1200W;4;263.25;0;Cartão de crédito
V000012;2026-04-11;Sudeste;Site;Celulares;Fone Bluetooth;1;258.22;0.12;Pix
V000013;2026-07-03;Sudeste;Site;Games;Console NovaBox X;1;3929.42;0;Pix
V000014;2026-05-01;Centro-Oeste;Aplicativo;Informática;Monitor 24 IPS;1;862.35;0;Cartão de crédito
V000015;2026-02-24;Norte;Site;Casa e Cozinha;Air Fryer 5L;1;524.0;0.08;Pix
V000016;2026-07-17;Nordeste;Site;Games;Controle Sem Fio;2;408.81;0.2;Cartão de débito
V000017;2026-03-12;Sudeste;Aplicativo;Informática;Teclado Mecânico;1;371.16;0.1;Pix
V000018;2026-08-07;Sul;Marketplace;Escritório;Mesa Escritório 120cm;1;624.01;0;Cartão de crédito
V000019;2026-03-11;Sudeste;Site;Casa e Cozinha;Cafeteira Programável;2;314.07;0.12;Cartão de crédito
V000020;2026-06-26;Nordeste;Marketplace;Escritório;Fragmentadora 10 folhas;5;711.56;0.1;Cartão de crédito
V000021;2026-06-25;Sul;Aplicativo;Celulares;Smartphone Vega Max 256GB;2;2444.32;0.1;Pix
V000022;2026-02-26;Nordeste;Aplicativo;Informática;SSD SATA 480GB;3;256.32;0.05;Pix
V000023;2026-05-04;Centro-Oeste;Marketplace;Informática;SSD NVMe 1TB;1;532.61;0.15;Cartão de crédito
V000024;2026-03-14;Norte;Aplicativo;Informática;Monitor 24 IPS;1;877.44;0.08;Pix
V000025;2026-06-16;Centro-Oeste;Site;Informática;SSD SATA 480GB;3;285.4;0;Pix
V000026;2026-02-26;Centro-Oeste;Site;Casa e Cozinha;Cafeteira Programável;1;328.52;0.08;Cartão de crédito
V000027;2026-06-17;Norte;Site;Celulares;Smartphone Vega Max 256GB;2;2269.32;0;Cartão de crédito
V000028;2026-01-15;Sudeste;Site;Games;Jogo Corrida Pro;1;320.49;0.15;Pix
V000029;2026-02-23;Norte;Aplicativo;Casa e Cozinha;Panela Elétrica 5L;3;403.17;0;Pix
V000030;2026-01-17;Sudeste;Site;Áudio e Vídeo;Headset Gamer;1;303.61;0.08;Pix
V000031;2026-04-26;Centro-Oeste;Aplicativo;Informática;Hub USB-C 8 em 1;6;279.98;0.08;Cartão de crédito
V000032;2026-06-05;Sudeste;Site;Games;Console NovaBox X;2;4231.08;0;Cartão de crédito
V000033;2026-01-26;Sul;Aplicativo;Celulares;Capa Antichoque;1;68.14;0.1;Cartão de crédito
V000034;2026-07-25;Nordeste;Marketplace;Informática;SSD SATA 480GB;1;263.63;0;Cartão de débito
V000035;2026-04-12;Nordeste;Site;Casa e Cozinha;Liquidificador 1200W;1;276.61;0.08;Cartão de crédito
V000036;2026-07-05;Nordeste;Site;Escritório;Cadeira Ergonômica;1;1188.28;0.08;Cartão de débito
V000037;2026-01-21;Norte;Aplicativo;Celulares;Fone Bluetooth;1;250.03;0;Cartão de débito
V000038;2026-08-25;Sul;Aplicativo;Games;Controle Sem Fio;2;427.74;0;Pix
V000039;2026-05-04;Sudeste;Site;Informática;Hub USB-C 8 em 1;1;294.05;0.08;Cartão de crédito
V000040;2026-08-16;Sudeste;Site;Casa e Cozinha;Air Fryer 5L;1;501.21;0.08;Cartão de crédito
V000041;2026-03-19;Centro-Oeste;Site;Casa e Cozinha;Sanduicheira Grill;1;190.78;0.05;Pix
V000042;2026-07-26;Centro-Oeste;Aplicativo;Celulares;Smartphone Vega Max 256GB;2;2294.93;0.15;Cartão de crédito
V000043;2026-06-02;Sudeste;Site;Informática;Monitor 24 IPS;2;912.45;0;Boleto
V000044;2026-02-15;Centro-Oeste;Marketplace;Celulares;Capa Antichoque;1;70.13;0.1;Cartão de crédito
V000045;2026-01-21;Sul;Site;Celulares;Smartphone Orion Pro 256GB;1;2789.98;0.05;Pix
V000046;2026-05-08;Sudeste;Site;Escritório;Papel A4 500 folhas;1;33.08;0.1;Cartão de crédito
V000047;2026-06-05;Centro-Oeste;Site;Celulares;Smartphone Vega 128GB;5;1451.38;0.2;Pix
V000048;2026-08-17;Sudeste;Aplicativo;Celulares;Smartphone Orion 128GB;8;1857.86;0.08;Cartão de crédito
V000049;2026-03-02;Sudeste;Aplicativo;Casa e Cozinha;Panela Elétrica 5L;1;374.18;0.08;Cartão de débito
V000050;2026-04-03;Nordeste;Aplicativo;Escritório;Cadeira Ergonômica;1;1179.13;0;Pix
V000051;2026-03-07;Sudeste;Marketplace;Informática;Notebook 14 Air;2;3265.13;0.05;Cartão de crédito
V000052;2026-02-02;Nordeste;Site;Informática;Notebook 14 Air;1;3147.75;0.05;Cartão de débito
V000053;2026-01-20;Sudeste;Site;Games;Console PlaySphere 5;1;4120.89;0.08;Cartão de crédito
V000054;2026-08-29;Sul;Aplicativo;Escritório;Organizador de Mesa;2;74.0;0;Pix
V000055;2026-07-23;Nordeste;Aplicativo;Áudio e Vídeo;Smart TV 55 4K;2;3258.15;0.08;Pix
V000056;2026-04-15;Sudeste;Site;Áudio e Vídeo;Soundbar 2.1;1;760.2;0.1;Boleto
V000057;2026-08-02;Sudeste;Site;Informática;Teclado Mecânico;1;372.63;0.1;Cartão de crédito
V000058;2026-01-27;Sudeste;Site;Áudio e Vídeo;Smart TV 43 4K;2;2173.85;0.1;Cartão de crédito
V000059;2026-03-22;Sudeste;Aplicativo;Informática;SSD NVMe 1TB;2;530.5;0;Pix
V000060;2026-01-29;Sudeste;Site;Informática;Webcam Full HD;1;255.07;0;Cartão de crédito
V000061;2026-07-03;Centro-Oeste;Aplicativo;Celulares;Smartphone Vega 128GB;3;1495.47;0.12;Cartão de crédito
V000062;2026-06-03;Sul;Site;Casa e Cozinha;Sanduicheira Grill;4;170.97;0;Cartão de débito
V000063;2026-06-16;Sudeste;Marketplace;Celulares;Power Bank 20000mAh;1;221.15;0.08;Cartão de crédito
V000064;2026-03-28;Sudeste;Aplicativo;Celulares;Fone Bluetooth;3;262.29;0.08;Cartão de crédito
V000065;2026-04-30;Nordeste;Site;Informática;SSD SATA 480GB;2;268.93;0.08;Cartão de crédito
V000066;2026-07-08;Sul;Marketplace;Informática;Teclado Mecânico;2;373.97;0;Cartão de crédito
V000067;2026-07-18;Centro-Oeste;Site;Informática;Memória DDR4 16GB;1;298.61;0.1;Cartão de crédito
V000068;2026-07-28;Sudeste;Site;Celulares;Capa Antichoque;3;74.7;0;Cartão de débito
V000069;2026-06-19;Sudeste;Marketplace;Informática;Hub USB-C 8 em 1;2;269.32;0.1;Cartão de crédito
V000070;2026-05-11;Sudeste;Marketplace;Informática;Notebook 14 Air;2;3347.51;0.1;Cartão de crédito
V000071;2026-05-13;Nordeste;Site;Celulares;Power Bank 20000mAh;3;224.21;0.12;Pix
V000072;2026-03-07;Sul;Marketplace;Games;Console PlaySphere 5;2;4090.19;0.1;Cartão de débito
V000073;2026-01-22;Sudeste;Site;Escritório;Fragmentadora 10 folhas;10;670.33;0;Pix
V000074;2026-04-12;Sudeste;Site;Celulares;Película 3D;1;41.42;0.05;Pix
V000075;2026-03-18;Sudeste;Aplicativo;Escritório;Suporte para Notebook;1;104.78;0.1;Cartão de crédito
V000076;2026-01-15;Sudeste;Site;Celulares;Smartphone Orion Pro 256GB;1;2769.07;0;Cartão de crédito
V000077;2026-03-26;Sul;Aplicativo;Informática;SSD SATA 480GB;1;271.82;0.05;Pix
V000078;2026-03-12;Sudeste;Site;Casa e Cozinha;Balança Digital Cozinha;2;94.47;0.12;Cartão de débito
V000079;2026-05-20;Nordeste;Aplicativo;Áudio e Vídeo;Smart TV 43 4K;1;2280.91;0.05;Cartão de crédito
V000080;2026-02-13;Sudeste;Aplicativo;Informática;SSD NVMe 1TB;3;517.87;0.05;Pix
V000081;2026-01-03;Sudeste;Site;Informática;Webcam Full HD;1;248.77;0;Cartão de crédito
V000082;2026-04-19;Sudeste;Site;Celulares;Smartphone Vega 128GB;2;1421.62;0;Cartão de crédito
V000083;2026-01-30;Sul;Site;Games;Jogo Corrida Pro;1;306.88;0.1;Cartão de crédito
V000084;2026-05-01;Sudeste;Aplicativo;Escritório;Luminária LED;3;139.26;0.05;Cartão de crédito
V000085;2026-02-13;Sudeste;Aplicativo;Celulares;Power Bank 20000mAh;1;232.05;0.1;Pix
V000086;2026-08-07;Sudeste;Site;Escritório;Papel A4 500 folhas;8;32.94;0;Cartão de crédito
V000087;2026-06-07;Sul;Marketplace;Informática;Hub USB-C 8 em 1;2;278.99;0;Cartão de crédito
V000088;2026-05-14;Sul;Site;Casa e Cozinha;Aspirador Vertical;2;555.61;0.1;Cartão de crédito
V000089;2026-08-15;Sul;Marketplace;Escritório;Organizador de Mesa;6;67.71;0.1;Cartão de débito
V000090;2026-06-19;Centro-Oeste;Site;Casa e Cozinha;Liquidificador 1200W;1;283.69;0.1;Boleto
V000091;2026-05-29;Sudeste;Marketplace;Celulares;Fone Bluetooth;1;247.25;0.15;Cartão de crédito
V000092;2026-07-12;Sul;Site;Celulares;Capa Antichoque;2;70.16;0.15;Cartão de crédito
V000093;2026-08-17;Sul;Aplicativo;Celulares;Smartphone Orion 128GB;1;1881.84;0;Cartão de crédito
V000094;2026-04-16;Sudeste;Aplicativo;Casa e Cozinha;Balança Digital Cozinha;1;84.85;0.15;Cartão de crédito
V000095;2026-04-20;Sul;Aplicativo;Games;Volante Racing;1;1334.12;0.12;Cartão de crédito
V000096;2026-06-23;Sudeste;Aplicativo;Games;Jogo Corrida Pro;1;288.1;0;Pix
V000097;2026-05-07;Sudeste;Site;Escritório;Cadeira Ergonômica;3;1267.53;0;Cartão de crédito
V000098;2026-03-30;Norte;Marketplace;Escritório;Impressora Multifuncional;3;852.23;0.15;Cartão de crédito
V000099;2026-06-22;Norte;Aplicativo;Celulares;Smartphone Vega Max 256GB;5;2335.14;0.05;Pix
V000100;2026-01-04;Nordeste;Site;Celulares;Smartphone Vega Max 256GB;1;2267.72;0;Cartão de crédito
V000101;2026-07-18;Nordeste;Aplicativo;Escritório;Mesa Escritório 120cm;2;625.07;0.08;Pix
V000102;2026-05-03;Sudeste;Aplicativo;Celulares;Smartphone Orion 128GB;1;1891.15;0.05;Pix
V000103;2026-07-26;Sudeste;Aplicativo;Áudio e Vídeo;Headset Gamer;8;273.64;0.05;Cartão de crédito
V000104;2026-06-29;Sudeste;Site;Casa e Cozinha;Kit Potes Herméticos;1;135.15;0.15;Pix
V000105;2026-04-26;Centro-Oeste;Site;Celulares;Smartphone Orion 128GB;3;1697.96;0.2;Cartão de crédito
V000106;2026-02-04;Centro-Oeste;Site;Informática;Notebook 14 Air;2;3469.66;0.08;Cartão de débito
V000107;2026-06-24;Sudeste;Aplicativo;Casa e Cozinha;Balança Digital Cozinha;1;92.2;0.05;Boleto
V000108;2026-01-28;Sul;Site;Informática;Webcam Full HD;4;244.02;0.15;Cartão de crédito
V000109;2026-08-04;Sul;Aplicativo;Informática;SSD NVMe 1TB;2;565.76;0.1;Boleto
V000110;2026-08-30;Nordeste;Aplicativo;Casa e Cozinha;Air Fryer 5L;2;499.53;0;Cartão de crédito
V000111;2026-08-17;Nordeste;Aplicativo;Informática;SSD NVMe 1TB;2;548.66;0.1;Pix
V000112;2026-03-28;Nordeste;Aplicativo;Áudio e Vídeo;Suporte TV Articulado;1;173.56;0.2;Pix
V000113;2026-07-16;Sudeste;Marketplace;Celulares;Carregador USB-C 30W;1;118.29;0;Cartão de crédito
V000114;2026-08-02;Sul;Marketplace;Escritório;Papel A4 500 folhas;4;34.93;0;Cartão de débito
V000115;2026-04-12;Sudeste;Site;Casa e Cozinha;Jogo de Panelas 5 peças;2;440.4;0.1;Boleto
V000116;2026-01-18;Sudeste;Site;Casa e Cozinha;Jogo de Panelas 5 peças;1;425.28;0;Cartão de crédito
V000117;2026-03-27;Sul;Site;Áudio e Vídeo;Caixa Bluetooth;2;403.58;0.1;Boleto
V000118;2026-04-12;Sul;Marketplace;Informática;Hub USB-C 8 em 1;3;268.95;0;Cartão de débito
V000119;2026-02-14;Nordeste;Aplicativo;Games;Console NovaBox X;1;4092.09;0.05;Cartão de crédito
V000120;2026-07-01;Nordeste;Marketplace;Celulares;Carregador USB-C 30W;4;121.28;0;Pix
V000121;2026-07-17;Sul;Aplicativo;Informática;Monitor 27 QHD;3;1550.07;0.1;Pix
V000122;2026-03-21;Sudeste;Aplicativo;Informática;Teclado Mecânico;1;346.91;0;Cartão de crédito
V000123;2026-02-26;Centro-Oeste;Site;Escritório;Luminária LED;1;149.33;0.12;Cartão de crédito
V000124;2026-08-31;Sudeste;Site;Informática;Mouse Sem Fio;3;131.48;0.15;Cartão de débito
V000125;2026-06-20;Nordeste;Site;Celulares;Power Bank 20000mAh;2;227.3;0;Cartão de débito
V000126;2026-03-17;Sul;Aplicativo;Áudio e Vídeo;Caixa Bluetooth;1;421.83;0.1;Cartão de crédito
V000127;2026-06-27;Sudeste;Site;Casa e Cozinha;Balança Digital Cozinha;2;84.8;0.12;Cartão de crédito
V000128;2026-05-21;Sul;Aplicativo;Games;Headset 7.1;1;448.91;0.15;Pix
V000129;2026-07-18;Sul;Marketplace;Casa e Cozinha;Jogo de Panelas 5 peças;1;418.88;0.08;Pix
V000130;2026-03-02;Nordeste;Site;Celulares;Smartphone Orion Pro 256GB;3;2775.6;0.05;Cartão de crédito
V000131;2026-06-12;Nordeste;Site;Games;Console NovaBox X;1;3778.77;0.1;Cartão de crédito
V000132;2026-05-23;Sul;Aplicativo;Games;Console PlaySphere 5;3;4454.75;0.05;Cartão de crédito
V000133;2026-07-14;Centro-Oeste;Site;Escritório;Cadeira Ergonômica;3;1233.01;0;Pix
V000134;2026-05-11;Nordeste;Site;Celulares;Carregador USB-C 30W;6;123.29;0.08;Boleto
V000135;2026-07-13;Norte;Aplicativo;Celulares;Power Bank 20000mAh;2;244.93;0;Pix
V000136;2026-01-26;Sul;Site;Casa e Cozinha;Panela Elétrica 5L;2;401.1;0.08;Boleto
V000137;2026-07-14;Centro-Oeste;Marketplace;Casa e Cozinha;Balança Digital Cozinha;1;88.67;0.05;Cartão de crédito
V000138;2026-04-11;Sul;Site;Informática;Memória DDR4 16GB;4;;0;Pix
V000139;2026-01-27;Sudeste;Marketplace;Escritório;Suporte para Notebook;1;105.04;0.08;Pix
V000140;2026-08-06;Nordeste;Marketplace;Celulares;Smartphone Vega 128GB;3;1599.2;0.05;Cartão de crédito
V000141;2026-08-07;Sudeste;Aplicativo;Informática;Mouse Sem Fio;3;137.93;0.08;Boleto
V000142;2026-02-19;Sudeste;Aplicativo;Celulares;Fone Bluetooth;2;258.27;0;Pix
V000143;2026-08-22;Centro-Oeste;Marketplace;Informática;Mochila para Notebook;2;195.55;0.05;Cartão de crédito
V000144;2026-05-12;Centro-Oeste;Site;Casa e Cozinha;Cafeteira Programável;2;333.93;0.1;Pix
V000145;2026-05-01;Sul;Aplicativo;Games;Console NovaBox X;2;4076.74;0.08;Pix
V000146;2026-04-25;Nordeste;Site;Informática;SSD NVMe 1TB;3;499.11;0.05;Pix
V000147;2026-04-25;Centro-Oeste;Site;Celulares;Power Bank 20000mAh;1;224.83;0.05;Cartão de crédito
V000148;2026-01-06;Nordeste;Marketplace;Celulares;Smartphone Vega Max 256GB;4;2370.98;0.1;Cartão de débito
V000149;2026-07-26;Nordeste;Site;Casa e Cozinha;Kit Potes Herméticos;1;129.74;0;Pix
V000150;2026-02-19;Norte;Aplicativo;Informática;SSD NVMe 1TB;5;560.78;0.1;Cartão de débito
V000151;2026-03-12;Sul;Site;Informática;Monitor 24 IPS;4;944.05;0.1;Cartão de crédito
V000152;2026-07-20;Sudeste;Site;Informática;Mochila para Notebook;1;179.26;0.15;Cartão de crédito
V000153;2026-08-16;Sudeste;Aplicativo;Áudio e Vídeo;Microfone USB;1;384.28;0.15;Cartão de crédito
V000154;2026-01-18;Sudeste;Aplicativo;Escritório;Mesa Escritório 120cm;1;666.46;0;Cartão de crédito
V000155;2026-01-05;Centro-Oeste;Aplicativo;Informática;Monitor 24 IPS;1;958.65;0;Pix
V000156;2026-08-16;Sudeste;Aplicativo;Celulares;Smartphone Vega 128GB;10;1579.64;0.08;Cartão de crédito
V000157;2026-03-08;Nordeste;Site;Áudio e Vídeo;Suporte TV Articulado;1;169.49;0.05;Cartão de débito
V000158;2026-04-07;Sudeste;Site;Celulares;Smartphone Vega 128GB;1;1415.56;0;Cartão de crédito
V000159;2026-04-22;Sudeste;Site;Celulares;Smartphone Orion Pro 256GB;5;2873.41;0.15;Pix
V000160;2026-06-02;Sul;Site;Games;Cadeira Gamer;1;1167.06;0.08;Cartão de débito
V000161;2026-06-01;Nordeste;Site;Celulares;Smartphone Orion Pro 256GB;1;3045.91;0.1;Cartão de crédito
V000162;2026-07-08;Nordeste;Site;Áudio e Vídeo;Microfone USB;3;375.28;0.12;Pix
V000163;2026-02-27;Nordeste;Marketplace;Celulares;Smartphone Vega Max 256GB;1;2546.99;0.1;Pix
V000164;2026-07-09;Sudeste;Site;Informática;Notebook 15 Pro;1;3790.29;0.05;Pix
V000165;2026-02-24;Sudeste;Aplicativo;Áudio e Vídeo;Smart TV 43 4K;2;2247.61;0.1;Cartão de crédito
V000166;2026-05-21;Sul;Aplicativo;Celulares;Carregador USB-C 30W;4;114.6;0;Cartão de débito
V000167;2026-01-04;Sudeste;Marketplace;Casa e Cozinha;Cafeteira Programável;4;320.38;0;Cartão de crédito
V000168;2026-03-01;Sudeste;Site;Áudio e Vídeo;Soundbar 2.1;1;777.85;0.12;Cartão de crédito
V000169;2026-01-26;Sudeste;Marketplace;Informática;SSD NVMe 1TB;2;502.59;0.2;Cartão de crédito
V000170;2026-07-30;Sudeste;Site;Celulares;Capa Antichoque;6;68.02;0.05;Cartão de débito
V000171;2026-08-20;Norte;Site;Escritório;Luminária LED;1;135.57;0.2;Cartão de débito
V000172;2026-05-02;Sudeste;Site;Games;Headset 7.1;3;467.28;0.1;Cartão de débito
V000173;2026-03-26;Sudeste;Marketplace;Áudio e Vídeo;Projetor Full HD;1;1929.13;0.1;Cartão de débito
V000174;2026-03-24;Centro-Oeste;Aplicativo;Casa e Cozinha;Kit Potes Herméticos;3;127.82;0.1;Cartão de crédito
V000175;2026-03-06;Sudeste;Aplicativo;Celulares;Smartphone Orion 128GB;2;1866.9;0.1;Cartão de crédito
V000176;2026-03-26;Sul;Aplicativo;Áudio e Vídeo;Smart TV 55 4K;2;3009.95;0.05;Cartão de crédito
V000177;2026-08-20;Sudeste;Site;Informática;Monitor 24 IPS;1;872.14;0;Cartão de débito
V000178;2026-02-18;Nordeste;Aplicativo;Informática;Hub USB-C 8 em 1;1;293.25;0.05;Boleto
V000179;2026-02-15;Sudeste;Site;Escritório;Cadeira Ergonômica;1;1137.47;0.2;Cartão de débito
V000180;2026-01-29;Sul;Site;Escritório;Mesa Escritório 120cm;1;636.97;0;Cartão de débito
V000181;2026-04-22;Centro-Oeste;Aplicativo;Celulares;Película 3D;8;41.08;0;Boleto
V000182;2026-04-12;Sudeste;Marketplace;Informática;Mochila para Notebook;2;180.89;0.12;Cartão de crédito
V000183;2026-03-21;Nordeste;Site;Celulares;Carregador USB-C 30W;3;118.39;0;Boleto
V000184;2026-07-14;Nordeste;Site;Informática;Webcam Full HD;5;248.48;0.05;Cartão de crédito
V000185;2026-02-17;Norte;Aplicativo;Escritório;Luminária LED;1;132.16;0.2;Cartão de crédito
V000186;2026-04-11;Centro-Oeste;Site;Escritório;Organizador de Mesa;1;74.71;0;Cartão de débito
V000187;2026-01-31;Nordeste;Site;Escritório;Papel A4 500 folhas;6;36.96;0.2;Cartão de crédito
V000188;2026-08-28;Sudeste;Marketplace;Escritório;Luminária LED;1;138.68;0.1;Pix
V000189;2026-05-15;Sul;Site;Casa e Cozinha;Sanduicheira Grill;1;174.91;0.05;Pix
V000190;2026-03-17;Sudeste;Site;Casa e Cozinha;Kit Potes Herméticos;1;127.87;0;Cartão de crédito
V000191;2026-05-05;Sudeste;Site;Escritório;Impressora Multifuncional;2;958.22;0;Pix
V000192;2026-02-14;Norte;Site;Informática;Mouse Sem Fio;3;127.26;0.15;Pix
V000193;2026-02-12;Nordeste;Site;Casa e Cozinha;Panela Elétrica 5L;1;406.31;0;Cartão de crédito
V000194;2026-03-10;Sudeste;Site;Informática;Notebook 14 Air;1;3304.09;0;Cartão de crédito
V000195;2026-01-20;Nordeste;Site;Games;Console PlaySphere 5;1;4580.54;0;Cartão de crédito
V000196;2026-07-28;Sudeste;Site;Informática;Webcam Full HD;4;227.23;0.08;Cartão de crédito
V000197;2026-03-07;Sudeste;Site;Celulares;Carregador USB-C 30W;10;122.54;0.08;Cartão de débito
V000198;2026-06-05;Sudeste;Site;Áudio e Vídeo;Projetor Full HD;1;1826.05;0.1;Pix
V000199;2026-01-25;Sudeste;Site;Áudio e Vídeo;Headset Gamer;1;289.21;0.05;Cartão de débito
V000200;2026-07-28;Nordeste;Aplicativo;Celulares;Carregador USB-C 30W;1;114.68;0;Pix
V000201;2026-05-15;Sudeste;Aplicativo;Celulares;Fone Bluetooth;1;238.21;0.12;Cartão de débito
V000202;2026-01-28;Sul;Aplicativo;Casa e Cozinha;Air Fryer 5L;2;497.57;0.05;Cartão de crédito
V000203;2026-03-08;Nordeste;Marketplace;Escritório;Suporte para Notebook;1;104.31;0;Cartão de crédito
V000204;2026-02-23;Sudeste;Site;Celulares;Smartphone Orion Pro 256GB;3;2880.1;0.05;Cartão de crédito
V000205;2026-04-01;Sudeste;Aplicativo;Casa e Cozinha;Liquidificador 1200W;3;270.17;0;Cartão de débito
V000206;2026-03-10;Sul;Aplicativo;Casa e Cozinha;Air Fryer 5L;4;490.13;0;Pix
V000207;2026-05-05;Sul;Aplicativo;Informática;Teclado Mecânico;2;370.35;0.08;Cartão de débito
V000208;2026-06-23;Nordeste;Site;Informática;SSD NVMe 1TB;1;511.76;0.05;Cartão de crédito
V000209;2026-07-01;Centro-Oeste;Aplicativo;Celulares;Carregador USB-C 30W;1;119.76;0.05;Cartão de débito
V000210;2026-07-30;Sul;Aplicativo;Informática;Memória DDR4 16GB;1;277.19;0;Cartão de crédito
V000211;2026-02-22;Nordeste;Site;Áudio e Vídeo;Smart TV 43 4K;1;2198.73;0.2;Cartão de crédito
V000212;2026-05-18;Norte;Site;Celulares;Película 3D;1;40.77;0.05;Pix
V000213;2026-06-09;Sudeste;Site;Informática;Monitor 27 QHD;1;1690.3;0.1;Cartão de crédito
V000214;2026-01-10;Centro-Oeste;Marketplace;Celulares;Smartphone Vega 128GB;6;1454.93;0.15;Cartão de crédito
V000215;2026-08-01;;Site;Informática;Hub USB-C 8 em 1;6;283.0;0.15;Cartão de débito
V000216;2026-03-20;Sudeste;Marketplace;Celulares;Smartphone Vega Max 256GB;1;2445.12;0;Cartão de crédito
V000217;2026-07-01;Sudeste;Aplicativo;Escritório;Papel A4 500 folhas;1;37.31;0.15;Cartão de débito
V000218;2026-07-25;Sul;Site;Celulares;Capa Antichoque;1;70.43;0;Pix
V000219;2026-06-25;Sudeste;Site;Escritório;Suporte para Notebook;1;111.32;0.05;Cartão de crédito
V000220;2026-06-01;Sudeste;Site;Celulares;Smartphone Orion Pro 256GB;1;3051.78;0;Cartão de débito
V000221;2026-01-08;Sul;Aplicativo;Informática;Notebook 15 Pro;3;3903.61;0.12;Cartão de débito
V000222;2026-05-19;Sudeste;Marketplace;Escritório;Suporte para Notebook;4;104.76;0;Cartão de crédito
V000223;2026-03-25;Nordeste;Site;Celulares;Fone Bluetooth;2;251.61;0.05;Cartão de crédito
V000224;2026-03-11;Sudeste;Site;Informática;Monitor 24 IPS;1;867.19;0.1;Pix
V000225;2026-07-20;Sudeste;Site;Informática;Memória DDR4 16GB;1;287.41;0.12;Cartão de débito
V000226;2026-04-17;Sudeste;Aplicativo;Celulares;Carregador USB-C 30W;4;113.96;0;Cartão de débito
V000227;2026-06-10;Sudeste;Site;Informática;Monitor 27 QHD;1;1622.73;0.05;Cartão de crédito
V000228;2026-05-23;Sul;Marketplace;Celulares;Carregador USB-C 30W;2;113.03;0;Cartão de crédito
V000229;2026-04-21;Sudeste;Site;Escritório;Fragmentadora 10 folhas;1;731.64;0.12;Pix
V000230;2026-01-17;Sudeste;Marketplace;Games;Console NovaBox X;1;4150.09;0;Pix
V000231;2026-06-07;Sudeste;Site;Informática;Monitor 27 QHD;1;1530.56;0.1;Pix
V000232;2026-04-17;Sul;Site;Casa e Cozinha;Liquidificador 1200W;1;268.04;0.1;Cartão de débito
V000233;2026-04-04;Sul;Aplicativo;Games;Headset 7.1;1;486.56;0.15;Pix
V000234;2026-04-17;Sul;Marketplace;Escritório;Impressora Multifuncional;1;937.08;0;Pix
V000235;2026-07-06;Sudeste;Marketplace;Celulares;Smartphone Orion Pro 256GB;3;2796.7;0.05;Cartão de crédito
V000236;2026-08-22;Nordeste;Site;Celulares;Smartphone Orion 128GB;1;1727.76;0.08;Cartão de crédito
V000237;2026-06-25;Sudeste;Site;Games;Controle Sem Fio;1;419.33;0.08;Cartão de crédito
V000238;2026-04-14;Sul;Aplicativo;Informática;Hub USB-C 8 em 1;2;278.48;0.1;Cartão de débito
V000239;2026-07-15;Sudeste;Site;Celulares;Smartphone Vega 128GB;1;1575.82;0.05;Pix
V000240;2026-04-21;Sul;Site;Games;Cadeira Gamer;1;1043.49;0;Cartão de crédito
V000241;2026-06-20;Nordeste;Aplicativo;Áudio e Vídeo;Soundbar 2.1;1;799.05;0.15;Cartão de débito
V000242;2026-06-30;Centro-Oeste;Site;Casa e Cozinha;Cafeteira Programável;1;334.24;0;Cartão de crédito
V000243;2026-05-28;Sul;Site;Escritório;Papel A4 500 folhas;3;36.63;0.15;Pix
V000244;2026-02-25;Norte;Site;Áudio e Vídeo;Smart TV 55 4K;1;3295.07;0.08;Pix
V000245;2026-02-25;Sul;Site;Informática;Notebook 14 Air;4;3416.45;0.08;Cartão de crédito
V000246;2026-04-05;Centro-Oeste;Marketplace;Informática;Monitor 24 IPS;2;954.76;0.05;Pix
V000247;2026-01-30;Sudeste;Site;Escritório;Fragmentadora 10 folhas;2;660.97;0;Cartão de crédito
V000248;2026-08-16;Sudeste;Marketplace;Casa e Cozinha;Aspirador Vertical;2;580.89;0.05;Cartão de crédito
V000249;2026-07-14;Sudeste;Aplicativo;Áudio e Vídeo;Smart TV 55 4K;4;3037.97;0.08;Cartão de débito
V000250;2026-07-23;Sudeste;Marketplace;Casa e Cozinha;Balança Digital Cozinha;5;88.69;0.12;Pix
V000251;2026-08-29;Sul;Site;Áudio e Vídeo;Smart TV 55 4K;1;3044.48;0.1;Cartão de crédito
V000252;2026-06-14;Sudeste;Site;Casa e Cozinha;Aspirador Vertical;1;568.32;0.1;Cartão de débito
V000253;2026-05-04;Sudeste;Aplicativo;Celulares;Carregador USB-C 30W;1;113.54;0.08;Cartão de crédito
V000254;2026-06-06;Centro-Oeste;Site;Casa e Cozinha;Sanduicheira Grill;4;185.49;0.05;Cartão de crédito
V000255;2026-03-20;Sudeste;Marketplace;Celulares;Smartphone Vega Max 256GB;5;2457.34;0.2;Cartão de crédito
V000256;2026-08-04;Norte;Marketplace;Celulares;Smartphone Vega Max 256GB;1;2436.74;0;Cartão de crédito
V000257;2026-02-05;Nordeste;Site;Informática;Mochila para Notebook;1;201.7;0;Boleto
V000258;2026-01-28;Centro-Oeste;Aplicativo;Informática;Hub USB-C 8 em 1;1;284.1;0.05;Cartão de crédito
V000259;2026-06-11;Sul;Site;Casa e Cozinha;Kit Potes Herméticos;2;130.0;0;Cartão de crédito
V000260;2026-02-23;Sul;Site;Informática;Monitor 24 IPS;2;945.74;0.05;Pix
V000261;2026-06-29;Sudeste;Aplicativo;Informática;Webcam Full HD;1;247.75;0.2;Cartão de débito
V000262;2026-03-17;Sul;Site;Áudio e Vídeo;Projetor Full HD;2;1797.16;0.05;Cartão de crédito
V000263;2026-07-01;Sudeste;Site;Casa e Cozinha;Aspirador Vertical;2;557.75;0.15;Cartão de crédito
V000264;2026-06-18;Nordeste;Site;Celulares;Carregador USB-C 30W;1;126.71;0;Cartão de crédito
V000265;2026-08-01;Sul;Aplicativo;Celulares;Película 3D;1;42.39;0.08;Cartão de crédito
V000266;2026-02-03;Nordeste;Site;Casa e Cozinha;Air Fryer 5L;5;500.95;0.08;Pix
V000267;2026-07-02;Sudeste;Aplicativo;Informática;Monitor 27 QHD;1;1702.45;0.15;Pix
V000268;2026-08-04;Nordeste;Aplicativo;Casa e Cozinha;Cafeteira Programável;1;326.6;0.2;Pix
V000269;2026-08-17;Sul;Marketplace;Casa e Cozinha;Balança Digital Cozinha;1;89.35;0;Cartão de débito
V000270;2026-03-15;Nordeste;Site;Informática;Notebook 14 Air;1;3486.58;0;Pix
V000271;2026-03-01;Norte;Aplicativo;Informática;Monitor 24 IPS;3;947.17;0;Boleto
V000272;2026-01-18;Sudeste;Aplicativo;Celulares;Smartphone Vega Max 256GB;1;2506.22;0.1;Cartão de crédito
V000273;2026-04-15;Centro-Oeste;Aplicativo;Casa e Cozinha;Jogo de Panelas 5 peças;3;418.36;0.1;Cartão de débito
V000274;2026-05-03;Nordeste;Site;Celulares;Power Bank 20000mAh;2;243.16;0;Cartão de crédito
V000275;2026-01-18;Sudeste;Site;Informática;Monitor 24 IPS;1;904.43;0;Pix
V000276;2026-06-04;Sudeste;Aplicativo;Informática;SSD SATA 480GB;3;267.59;0.1;Cartão de crédito
V000277;2026-07-24;Sudeste;Aplicativo;Áudio e Vídeo;Headset Gamer;1;289.84;0.15;Cartão de crédito
V000278;2026-04-22;Sul;Site;Casa e Cozinha;Panela Elétrica 5L;3;399.01;0.08;Cartão de débito
V000279;2026-07-30;Sudeste;Site;Informática;Notebook 15 Pro;1;3724.7;0;Cartão de crédito
V000280;2026-05-08;Nordeste;Aplicativo;Celulares;Power Bank 20000mAh;5;227.29;0.05;Cartão de crédito
V000281;2026-08-04;Sudeste;Site;Áudio e Vídeo;Headset Gamer;2;304.21;0.1;Cartão de crédito
V000282;2026-06-22;Nordeste;Site;Escritório;Mesa Escritório 120cm;2;656.77;0;Cartão de crédito
V000283;2026-04-01;Sudeste;Site;Escritório;Organizador de Mesa;1;74.71;0.05;Cartão de crédito
V000284;2026-05-13;Nordeste;Aplicativo;Informática;Mouse Sem Fio;2;137.6;0;Pix
V000285;2026-06-26;Sudeste;Site;Casa e Cozinha;Air Fryer 5L;1;514.66;0;Boleto
V000286;2026-04-20;Sudeste;Site;Casa e Cozinha;Balança Digital Cozinha;2;92.17;0.1;Cartão de débito
V000287;2026-06-30;Sudeste;Site;Games;Volante Racing;1;1315.46;0.08;Pix
V000288;2026-05-20;Sul;Site;Informática;Monitor 27 QHD;1;1652.38;0.1;Pix
V000289;2026-04-05;Sudeste;Site;Informática;Mouse Sem Fio;4;137.89;0;Cartão de débito
V000290;2026-03-11;Sudeste;Marketplace;Celulares;Fone Bluetooth;1;246.06;0.15;Pix
V000291;2026-02-28;Sudeste;Site;Games;Controle Sem Fio;1;384.82;0.15;Cartão de débito
V000292;2026-05-24;Sudeste;Aplicativo;Informática;Memória DDR4 16GB;2;297.51;0;Pix
V000293;2026-03-06;Centro-Oeste;Aplicativo;Celulares;Capa Antichoque;1;72.96;0;Cartão de débito
V000294;2026-06-18;Sul;Marketplace;Celulares;Capa Antichoque;6;71.4;0.12;Pix
V000295;2026-08-09;Sudeste;Aplicativo;Escritório;Fragmentadora 10 folhas;1;734.94;0.1;Cartão de crédito
V000296;2026-06-05;Nordeste;Site;Informática;Notebook 14 Air;1;3412.88;0.1;Cartão de crédito
V000297;2026-03-21;Sudeste;Aplicativo;Informática;Mouse Sem Fio;1;123.27;0.05;Pix
V000298;2026-06-18;Centro-Oeste;Marketplace;Casa e Cozinha;Aspirador Vertical;6;558.52;0.08;Cartão de crédito
V000299;2026-08-25;Sul;Aplicativo;Celulares;Smartphone Orion 128GB;1;1758.04;0;Cartão de crédito
V000300;2026-06-18;Sudeste;Aplicativo;Informática;Webcam Full HD;1;234.7;0.08;Cartão de débito
V000301;2026-01-08;Sudeste;Site;Áudio e Vídeo;Suporte TV Articulado;1;;0.1;Cartão de débito
V000302;2026-06-02;Sudeste;Aplicativo;Casa e Cozinha;Panela Elétrica 5L;1;399.6;0;Boleto
V000303;2026-08-31;Sudeste;Aplicativo;Celulares;Smartphone Vega Max 256GB;3;2418.46;0.12;Cartão de crédito
V000304;2026-06-02;Sudeste;Site;Informática;Monitor 24 IPS;1;861.91;0.1;Cartão de débito
V000305;2026-08-08;Norte;Marketplace;Áudio e Vídeo;Suporte TV Articulado;1;160.29;0.05;Pix
V000306;2026-06-07;Sudeste;Site;Casa e Cozinha;Liquidificador 1200W;1;289.83;0.05;Cartão de crédito
V000307;2026-03-09;Norte;Marketplace;Informática;Notebook 15 Pro;1;4099.75;0;Cartão de crédito
V000308;2026-07-21;Sul;Marketplace;Escritório;Suporte para Notebook;4;103.72;0;Cartão de crédito
V000309;2026-03-17;Sudeste;Marketplace;Informática;SSD NVMe 1TB;2;543.87;0.08;Cartão de crédito
V000310;2026-05-26;Sudeste;Site;Áudio e Vídeo;Caixa Bluetooth;3;391.27;0;Cartão de crédito
V000311;2026-08-25;Norte;Site;Casa e Cozinha;Sanduicheira Grill;2;183.88;0.08;Cartão de crédito
V000312;2026-01-09;Sudeste;Marketplace;Informática;Hub USB-C 8 em 1;3;286.6;0;Cartão de crédito
V000313;2026-02-27;Sudeste;Site;Casa e Cozinha;Kit Potes Herméticos;1;131.3;0.08;Cartão de débito
V000314;2026-04-06;Sul;Site;Escritório;Fragmentadora 10 folhas;1;706.57;0.05;Cartão de crédito
V000315;2026-01-04;Centro-Oeste;Site;Casa e Cozinha;Cafeteira Programável;1;316.94;0.08;Cartão de crédito
V000316;2026-06-14;Sudeste;Site;Casa e Cozinha;Jogo de Panelas 5 peças;1;433.41;0.08;Cartão de crédito
V000317;2026-03-08;Sudeste;Site;Informática;Notebook 15 Pro;1;3994.15;0;Cartão de crédito
V000318;2026-07-04;Sudeste;Aplicativo;Informática;Webcam Full HD;2;231.55;0.15;Cartão de crédito
V000319;2026-05-11;Sul;Site;Casa e Cozinha;Sanduicheira Grill;1;180.2;0;Pix
V000320;2026-07-09;Sul;Site;Informática;SSD NVMe 1TB;1;508.85;0.15;Cartão de débito
V000321;2026-05-26;Sudeste;Site;Casa e Cozinha;Cafeteira Programável;1;303.69;0.05;Boleto
V000322;2026-03-03;Sudeste;Aplicativo;Casa e Cozinha;Cafeteira Programável;1;305.73;0.05;Cartão de crédito
V000323;2026-02-12;Sudeste;Aplicativo;Celulares;Smartphone Orion Pro 256GB;2;2892.72;0.12;Pix
V000324;2026-05-10;Sudeste;Site;Games;Cadeira Gamer;1;1062.64;0.05;Pix
V000325;2026-06-01;Sudeste;Marketplace;Informática;Mouse Sem Fio;1;122.19;0;Cartão de débito
V000326;2026-01-29;Sul;Site;Informática;Notebook 14 Air;1;3390.32;0;Cartão de crédito
V000327;2026-06-05;Norte;Marketplace;Celulares;Capa Antichoque;6;73.41;0.1;Pix
V000328;2026-08-15;Sudeste;Aplicativo;Informática;Webcam Full HD;1;230.06;0.08;Cartão de débito
V000329;2026-02-12;Sudeste;Aplicativo;Informática;Notebook 14 Air;1;3405.18;0.1;Boleto
V000330;2026-07-26;Nordeste;Site;Áudio e Vídeo;Soundbar 2.1;4;768.12;0;Pix
V000331;2026-08-02;Norte;Aplicativo;Áudio e Vídeo;Smart TV 43 4K;1;2146.86;0.05;Pix
V000332;2026-04-10;Centro-Oeste;Site;Escritório;Cadeira Ergonômica;2;1238.63;0.05;Cartão de débito
V000333;2026-04-10;Sudeste;Aplicativo;Games;Controle Sem Fio;3;413.82;0;Pix
V000334;2026-04-05;Norte;Marketplace;Informática;Teclado Mecânico;4;371.04;0.2;Cartão de crédito
V000335;2026-07-08;Sudeste;Site;Informática;SSD SATA 480GB;1;285.27;0.1;Cartão de crédito
V000336;2026-04-27;Sudeste;Aplicativo;Informática;Memória DDR4 16GB;2;275.04;0.1;Pix
V000337;2026-08-30;Nordeste;Aplicativo;Informática;Notebook 15 Pro;2;3693.26;0.1;Cartão de débito
V000338;2026-04-18;Nordeste;Site;Casa e Cozinha;Aspirador Vertical;1;548.31;0.15;Cartão de crédito
V000339;2026-08-01;Sul;Site;Escritório;Mesa Escritório 120cm;2;642.18;0.05;Cartão de crédito
V000340;2026-06-12;Centro-Oeste;Aplicativo;Informática;Notebook 14 Air;2;3295.82;0.05;Pix
V000341;2026-02-09;Sul;Aplicativo;Áudio e Vídeo;Microfone USB;4;356.28;0.1;Cartão de débito
V000342;2026-08-26;Sudeste;Aplicativo;Escritório;Luminária LED;1;132.06;0.1;Cartão de crédito
V000343;2026-05-19;Sul;Site;Informática;Teclado Mecânico;2;351.74;0.05;Cartão de crédito
V000344;2026-05-29;;Site;Informática;Memória DDR4 16GB;1;277.33;0;Cartão de crédito
V000345;2026-06-04;Centro-Oeste;Aplicativo;Escritório;Luminária LED;1;134.64;0.1;Cartão de crédito
V000346;2026-08-19;Sul;Aplicativo;Escritório;Suporte para Notebook;1;113.79;0.1;Cartão de débito
V000347;2026-01-25;Nordeste;Aplicativo;Áudio e Vídeo;Caixa Bluetooth;2;394.18;0.12;Pix
V000348;2026-02-18;;Aplicativo;Informática;Notebook 14 Air;3;3188.58;0.1;Cartão de crédito
V000349;2026-02-28;Sudeste;Marketplace;Casa e Cozinha;Jogo de Panelas 5 peças;1;430.97;0.08;Cartão de crédito
V000350;2026-06-07;Sul;Site;Games;Console NovaBox X;2;4045.89;0;Cartão de crédito
V000351;2026-06-11;Sudeste;Site;Áudio e Vídeo;Smart TV 55 4K;1;3106.49;0;Pix
V000352;2026-03-04;Sudeste;Site;Áudio e Vídeo;Headset Gamer;1;293.79;0.08;Cartão de débito
V000353;2026-08-26;Sudeste;Marketplace;Informática;Notebook 14 Air;1;3246.59;0.08;Cartão de crédito
V000354;2026-06-15;Nordeste;Marketplace;Áudio e Vídeo;Microfone USB;2;347.54;0;Cartão de crédito
V000355;2026-05-06;Sudeste;Site;Áudio e Vídeo;Smart TV 43 4K;2;2149.97;0.08;Cartão de crédito
V000356;2026-06-15;Centro-Oeste;Aplicativo;Games;Jogo Corrida Pro;1;294.44;0.08;Cartão de crédito
V000357;2026-04-14;Sul;Site;Games;Cadeira Gamer;1;1158.26;0.08;Cartão de crédito
V000358;2026-04-30;Sul;Site;Informática;Notebook 14 Air;1;3433.81;0.05;Cartão de crédito
V000359;2026-07-27;Nordeste;Marketplace;Celulares;Carregador USB-C 30W;1;126.95;0;Pix
V000360;2026-03-10;Nordeste;Marketplace;Celulares;Smartphone Vega Max 256GB;3;2477.88;0.1;Pix
V000361;2026-03-29;Nordeste;Aplicativo;Áudio e Vídeo;Projetor Full HD;1;1932.69;0.05;Cartão de débito
V000362;2026-03-21;Sudeste;Aplicativo;Celulares;Smartphone Vega Max 256GB;2;2371.3;0;Pix
V000363;2026-08-14;Sudeste;Marketplace;Casa e Cozinha;Cafeteira Programável;1;322.04;0.1;Cartão de crédito
V000364;2026-03-19;Sudeste;Aplicativo;Games;Jogo Aventura Lendária;1;341.39;0.1;Cartão de crédito
V000365;2026-06-08;Sudeste;Site;Informática;SSD NVMe 1TB;2;501.42;0.08;Boleto
V000366;2026-08-18;Nordeste;Marketplace;Informática;SSD NVMe 1TB;1;531.14;0;Boleto
V000367;2026-06-02;Nordeste;Site;Escritório;Organizador de Mesa;3;70.74;0;Cartão de débito
V000368;2026-03-13;Centro-Oeste;Aplicativo;Games;Headset 7.1;1;433.61;0;Cartão de crédito
V000369;2026-06-18;Sudeste;Site;Áudio e Vídeo;Projetor Full HD;1;2008.48;0;Pix
V000370;2026-07-15;Sudeste;Site;Áudio e Vídeo;Microfone USB;2;365.12;0.08;Pix
V000371;2026-05-31;Sul;Site;Casa e Cozinha;Liquidificador 1200W;3;291.05;0;Pix
V000372;2026-08-04;Nordeste;Aplicativo;Informática;Mouse Sem Fio;1;124.35;0.15;Boleto
V000373;2026-08-31;Sudeste;Site;Casa e Cozinha;Jogo de Panelas 5 peças;8;410.97;0.2;Boleto
V000374;2026-07-12;Norte;Aplicativo;Informática;Webcam Full HD;1;236.65;0.05;Pix
V000375;2026-07-05;Sudeste;Site;Informática;Memória DDR4 16GB;8;278.53;0;Boleto
V000376;2026-06-11;Sudeste;Site;Celulares;Capa Antichoque;1;74.58;0.08;Cartão de crédito
V000377;2026-02-12;Sul;Marketplace;Informática;Hub USB-C 8 em 1;1;;0.05;Cartão de crédito
V000378;2026-04-27;Sul;Aplicativo;Escritório;Fragmentadora 10 folhas;1;698.95;0.1;Cartão de crédito
V000379;2026-03-11;Nordeste;Aplicativo;Casa e Cozinha;Balança Digital Cozinha;3;93.36;0.05;Pix
V000380;2026-03-07;Sul;Site;Celulares;Smartphone Vega 128GB;4;1447.63;0;Cartão de débito
V000381;2026-07-06;Sul;Site;Informática;Webcam Full HD;1;240.65;0.12;Cartão de crédito
V000382;2026-06-06;Sudeste;Site;Informática;Monitor 24 IPS;1;933.39;0.1;Pix
V000383;2026-06-13;Sudeste;Aplicativo;Informática;SSD SATA 480GB;1;269.24;0.05;Pix
V000384;2026-05-14;Sudeste;Marketplace;Informática;Notebook 15 Pro;1;3803.22;0.12;Cartão de débito
V000385;2026-07-22;Sul;Marketplace;Casa e Cozinha;Sanduicheira Grill;4;170.2;0.15;Cartão de crédito
V000386;2026-06-05;Sul;Aplicativo;Casa e Cozinha;Panela Elétrica 5L;1;407.55;0;Cartão de crédito
V000387;2026-07-20;Sudeste;Aplicativo;Áudio e Vídeo;Suporte TV Articulado;2;170.13;0;Pix
V000388;2026-03-25;Sul;Aplicativo;Casa e Cozinha;Sanduicheira Grill;1;173.66;0;Pix
V000389;2026-03-19;Sudeste;Site;Escritório;Luminária LED;2;148.47;0.15;Cartão de crédito
V000390;2026-05-20;Sudeste;Site;Escritório;Organizador de Mesa;1;73.01;0;Cartão de crédito
V000391;2026-05-11;Sul;Site;Games;Controle Sem Fio;1;395.71;0.1;Cartão de crédito
V000392;2026-02-03;Sudeste;Aplicativo;Celulares;Capa Antichoque;2;69.04;0.12;Cartão de crédito
V000393;2026-06-12;Sudeste;Aplicativo;Escritório;Fragmentadora 10 folhas;3;728.86;0.08;Pix
V000394;2026-03-19;Sul;Marketplace;Informática;Webcam Full HD;2;246.44;0;Cartão de débito
V000395;2026-01-13;Sul;Site;Casa e Cozinha;Kit Potes Herméticos;1;131.24;0;Cartão de débito
V000396;2026-02-28;Sudeste;Aplicativo;Casa e Cozinha;Sanduicheira Grill;1;175.64;0;Cartão de crédito
V000397;2026-07-02;Sudeste;Site;Informática;Mouse Sem Fio;4;134.85;0.08;Cartão de crédito
V000398;2026-01-07;Sul;Marketplace;Casa e Cozinha;Cafeteira Programável;1;317.14;0.15;Cartão de crédito
V000399;2026-03-18;Sudeste;Marketplace;Celulares;Smartphone Orion 128GB;1;1817.95;0;Pix
V000400;2026-01-06;Sudeste;Marketplace;Áudio e Vídeo;Smart TV 43 4K;1;2340.67;0.05;Cartão de crédito
V000401;2026-07-26;Sul;Aplicativo;Escritório;Luminária LED;3;136.67;0.2;Cartão de débito
V000402;2026-08-21;Sudeste;Marketplace;Celulares;Fone Bluetooth;1;249.65;0;Pix
V000403;2026-04-04;Nordeste;Site;Escritório;Fragmentadora 10 folhas;1;691.19;0;Cartão de crédito
V000404;2026-07-18;Centro-Oeste;Site;Celulares;Capa Antichoque;2;72.56;0.12;Cartão de crédito
V000405;2026-08-16;Sudeste;Site;Celulares;Smartphone Vega Max 256GB;1;2525.93;0.05;Cartão de crédito
V000406;2026-07-09;Sul;Site;Informática;Webcam Full HD;1;240.98;0;Pix
V000407;2026-02-27;Nordeste;Site;Áudio e Vídeo;Headset Gamer;3;301.74;0.2;Cartão de crédito
V000408;2026-03-11;Centro-Oeste;Aplicativo;Escritório;Organizador de Mesa;1;65.74;0.15;Cartão de crédito
V000409;2026-06-15;Sul;Aplicativo;Áudio e Vídeo;Microfone USB;1;358.21;0.1;Cartão de crédito
V000410;2026-02-22;Nordeste;Site;Áudio e Vídeo;Smart TV 43 4K;2;2315.66;0.15;Pix
V000411;2026-06-13;Sudeste;Aplicativo;Casa e Cozinha;Air Fryer 5L;1;475.07;0.05;Cartão de crédito
V000412;2026-04-12;Sudeste;Site;Casa e Cozinha;Kit Potes Herméticos;3;133.19;0;Cartão de crédito
V000413;2026-06-22;Sudeste;Aplicativo;Informática;SSD SATA 480GB;4;276.78;0.1;Cartão de crédito
V000414;2026-03-10;Sudeste;Site;Casa e Cozinha;Liquidificador 1200W;8;285.88;0.2;Cartão de crédito
V000415;2026-04-11;Sudeste;Marketplace;Celulares;Power Bank 20000mAh;1;230.63;0;Pix
V000416;2026-03-27;Sudeste;Site;Informática;Notebook 15 Pro;2;3715.41;0;Cartão de crédito
V000417;2026-05-01;Sudeste;Marketplace;Escritório;Suporte para Notebook;1;107.26;0;Pix
V000418;2026-03-31;Sul;Site;Áudio e Vídeo;Smart TV 43 4K;1;2093.07;0;Cartão de crédito
V000419;2026-08-18;Sul;Site;Casa e Cozinha;Sanduicheira Grill;1;170.78;0;Pix
V000420;2026-04-19;Norte;Marketplace;Casa e Cozinha;Sanduicheira Grill;4;188.87;0;Cartão de crédito
V000421;2026-04-18;Sudeste;Aplicativo;Informática;Memória DDR4 16GB;3;295.22;0.08;Boleto
V000422;2026-06-28;Nordeste;Marketplace;Escritório;Impressora Multifuncional;1;914.42;0.08;Pix
V000423;2026-08-21;Sudeste;Site;Escritório;Suporte para Notebook;1;108.62;0.05;Pix
V000424;2026-04-08;Sudeste;Aplicativo;Casa e Cozinha;Kit Potes Herméticos;1;128.85;0.05;Pix
V000425;2026-08-03;Sudeste;Marketplace;Escritório;Cadeira Ergonômica;3;1247.05;0.15;Cartão de crédito
V000426;2026-01-06;Sul;Site;Informática;Mouse Sem Fio;1;129.98;0.2;Pix
V000427;2026-05-01;Centro-Oeste;Aplicativo;Celulares;Smartphone Orion Pro 256GB;2;2753.67;0;Cartão de crédito
V000428;2026-01-08;Nordeste;Aplicativo;Informática;Teclado Mecânico;6;351.59;0.05;Pix
V000429;2026-04-29;Sul;Marketplace;Celulares;Smartphone Vega Max 256GB;2;2456.21;0;Cartão de crédito
V000430;2026-03-11;Norte;Site;Áudio e Vídeo;Caixa Bluetooth;2;421.53;0.05;Cartão de crédito
V000431;2026-03-17;Sul;Aplicativo;Celulares;Película 3D;1;42.59;0.1;Cartão de débito
V000432;2026-01-25;Sul;Site;Áudio e Vídeo;Projetor Full HD;1;1858.66;0.05;Cartão de crédito
V000433;2026-07-16;Sudeste;Aplicativo;Casa e Cozinha;Balança Digital Cozinha;1;93.14;0;Boleto
V000434;2026-06-18;Sul;Site;Celulares;Carregador USB-C 30W;1;113.6;0.12;Cartão de crédito
V000435;2026-03-02;Sudeste;Aplicativo;Áudio e Vídeo;Smart TV 43 4K;2;2344.28;0.15;Cartão de crédito
V000436;2026-07-23;Sudeste;Site;Casa e Cozinha;Sanduicheira Grill;1;170.56;0;Pix
V000437;2026-02-25;Nordeste;Site;Áudio e Vídeo;Smart TV 55 4K;1;3378.87;0.15;Pix
V000438;2026-08-12;Sudeste;Aplicativo;Informática;Teclado Mecânico;2;360.0;0.15;Cartão de crédito
V000439;2026-05-04;Nordeste;Site;Games;Volante Racing;1;1281.19;0;Cartão de crédito
V000440;2026-07-23;Sul;Aplicativo;Casa e Cozinha;Cafeteira Programável;4;307.23;0;Pix
V000441;2026-07-12;Sul;Aplicativo;Celulares;Capa Antichoque;2;72.38;0.1;Boleto
V000442;2026-03-31;Nordeste;Site;Casa e Cozinha;Kit Potes Herméticos;1;131.31;0.05;Cartão de crédito
V000443;2026-03-05;Centro-Oeste;Aplicativo;Celulares;Película 3D;2;42.18;0;Cartão de crédito
V000444;2026-01-18;Sudeste;Marketplace;Games;Headset 7.1;6;490.05;0.2;Cartão de débito
V000445;2026-08-08;Sul;Site;Informática;Mochila para Notebook;1;198.98;0.08;Pix
V000446;2026-06-10;Sudeste;Aplicativo;Games;Headset 7.1;1;438.11;0;Cartão de débito
V000447;2026-06-26;Sudeste;Site;Escritório;Mesa Escritório 120cm;1;655.35;0.15;Pix
V000448;2026-04-16;Norte;Site;Games;Jogo Aventura Lendária;1;350.44;0.05;Cartão de crédito
V000449;2026-03-23;Sudeste;Site;Informática;Monitor 24 IPS;1;849.43;0.05;Cartão de crédito
V000450;2026-08-26;Nordeste;Site;Informática;Memória DDR4 16GB;1;290.72;0;Cartão de crédito
V000451;2026-02-06;Sudeste;Marketplace;Informática;Notebook 15 Pro;1;4129.9;0;Cartão de crédito
V000452;2026-01-27;Sul;Aplicativo;Celulares;Carregador USB-C 30W;1;120.26;0.1;Cartão de crédito
V000453;2026-01-02;Centro-Oeste;Aplicativo;Informática;Teclado Mecânico;2;365.34;0.15;Pix
V000454;2026-02-27;Sudeste;Aplicativo;Celulares;Smartphone Vega 128GB;1;1505.12;0.1;Cartão de crédito
V000455;2026-06-30;Nordeste;Aplicativo;Informática;Mochila para Notebook;1;185.51;0.05;Cartão de crédito
V000456;2026-05-15;Centro-Oeste;Site;Escritório;Impressora Multifuncional;2;931.06;0.08;Pix
V000457;2026-04-04;Sudeste;Aplicativo;Informática;Hub USB-C 8 em 1;2;289.16;0.1;Boleto
V000458;2026-03-04;Sudeste;Aplicativo;Áudio e Vídeo;Headset Gamer;2;307.92;0;Cartão de crédito
V000459;2026-07-28;Sudeste;Site;Informática;Monitor 24 IPS;2;866.85;0.1;Cartão de débito
V000460;2026-02-28;Sudeste;Site;Áudio e Vídeo;Headset Gamer;1;294.65;0.08;Pix
V000461;2026-07-21;Sudeste;Site;Games;Controle Sem Fio;1;403.73;0.05;Cartão de crédito
V000462;2026-06-25;Nordeste;Marketplace;Informática;Teclado Mecânico;4;339.92;0;Pix
V000463;2026-06-18;Nordeste;Aplicativo;Informática;Notebook 15 Pro;3;3927.32;0.05;Cartão de crédito
V000464;2026-02-12;Sudeste;Aplicativo;Casa e Cozinha;Panela Elétrica 5L;3;416.51;0.05;Cartão de crédito
V000465;2026-08-03;Centro-Oeste;Site;Celulares;Power Bank 20000mAh;1;220.81;0;Pix
V000466;2026-01-05;Norte;Aplicativo;Informática;SSD NVMe 1TB;2;553.96;0.05;Cartão de crédito
V000467;2026-08-12;Sudeste;Aplicativo;Informática;Monitor 27 QHD;1;1683.11;0;Cartão de crédito
V000468;2026-06-14;Sudeste;Site;Casa e Cozinha;Liquidificador 1200W;6;267.43;0;Pix
V000469;2026-05-06;Sudeste;Site;Games;Headset 7.1;4;487.78;0.08;Cartão de crédito
V000470;2026-03-17;Sudeste;Site;Informática;Monitor 27 QHD;4;1577.03;0.15;Cartão de crédito
V000471;2026-07-09;Sudeste;Aplicativo;Celulares;Fone Bluetooth;1;260.91;0.12;Cartão de crédito
V000472;2026-06-02;Sudeste;Aplicativo;Escritório;Suporte para Notebook;3;106.46;0;Pix
V000473;2026-08-07;Norte;Site;Celulares;Fone Bluetooth;1;264.49;0;Boleto
V000474;2026-07-09;Centro-Oeste;Aplicativo;Escritório;Cadeira Ergonômica;1;1177.98;0;Cartão de débito
V000475;2026-02-01;Sudeste;Aplicativo;Áudio e Vídeo;Microfone USB;4;344.91;0.1;Cartão de crédito
V000476;2026-06-03;Sudeste;Aplicativo;Celulares;Smartphone Vega 128GB;1;1547.5;0.08;Cartão de crédito
V000477;2026-03-09;Sudeste;Site;Informática;Monitor 27 QHD;1;1506.59;0;Cartão de crédito
V000478;2026-03-08;Centro-Oeste;Aplicativo;Celulares;Smartphone Orion Pro 256GB;2;2765.9;0.08;Pix
V000479;2026-04-25;Sul;Marketplace;Informática;SSD SATA 480GB;1;256.7;0;Cartão de débito
V000480;2026-06-22;Sudeste;Site;Escritório;Mesa Escritório 120cm;6;665.84;0.08;Boleto
V000481;2026-08-23;Sudeste;Marketplace;Escritório;Papel A4 500 folhas;1;36.82;0.05;Pix
V000482;2026-05-19;Sudeste;Site;Celulares;Fone Bluetooth;2;249.75;0.05;Cartão de débito
V000483;2026-05-01;Centro-Oeste;Site;Casa e Cozinha;Cafeteira Programável;8;338.02;0.05;Cartão de débito
V000484;2026-08-25;Sudeste;Site;Informática;Monitor 27 QHD;1;1640.63;0;Cartão de débito
V000485;2026-07-27;Sudeste;Site;Informática;Teclado Mecânico;2;341.52;0.08;Cartão de crédito
V000486;2026-08-01;Sul;Aplicativo;Informática;SSD SATA 480GB;2;276.01;0.1;Cartão de crédito
V000487;2026-05-01;Sudeste;Aplicativo;Áudio e Vídeo;Smart TV 43 4K;1;2157.95;0.05;Cartão de débito
V000488;2026-08-20;Nordeste;Site;Casa e Cozinha;Cafeteira Programável;3;314.95;0.08;Pix
V000489;2026-03-25;Centro-Oeste;Site;Áudio e Vídeo;Smart TV 43 4K;2;2217.81;0;Pix
V000490;2026-05-19;Sudeste;Site;Casa e Cozinha;Cafeteira Programável;1;309.76;0.08;Pix
V000491;2026-01-06;Sudeste;Site;Informática;Mochila para Notebook;1;190.6;0;Cartão de crédito
V000492;2026-01-18;Norte;Site;Casa e Cozinha;Balança Digital Cozinha;1;89.75;0.1;Cartão de crédito
V000493;2026-05-26;Sul;Site;Escritório;Suporte para Notebook;1;117.45;0;Pix
V000494;2026-01-17;Sudeste;Aplicativo;Áudio e Vídeo;Caixa Bluetooth;4;382.2;0.05;Cartão de crédito
V000495;2026-04-30;Sul;Site;Escritório;Suporte para Notebook;3;103.4;0.08;Pix
V000496;2026-07-31;Sul;Aplicativo;Áudio e Vídeo;Projetor Full HD;2;2018.08;0.12;Cartão de crédito
V000497;2026-05-25;Nordeste;Aplicativo;Celulares;Smartphone Vega 128GB;1;1453.66;0.15;Cartão de crédito
V000498;2026-06-22;Nordeste;Aplicativo;Informática;Webcam Full HD;4;234.76;0.1;Cartão de crédito
V000499;2026-08-09;Sudeste;Site;Áudio e Vídeo;Caixa Bluetooth;3;424.38;0;Pix
V000500;2026-04-14;Nordeste;Site;Informática;Mochila para Notebook;1;185.47;0;Pix
V000501;2026-01-06;Sudeste;Marketplace;Escritório;Luminária LED;2;139.38;0.1;Pix
V000502;2026-05-09;Sul;Marketplace;Áudio e Vídeo;Soundbar 2.1;3;753.35;0.2;Pix
V000503;2026-06-07;Norte;Site;Celulares;Película 3D;6;38.55;0;Cartão de crédito
V000504;2026-01-16;Norte;Aplicativo;Escritório;Luminária LED;1;136.12;0;Pix
V000505;2026-05-13;Sudeste;Aplicativo;Informática;Teclado Mecânico;1;357.75;0;Cartão de débito
V000506;2026-03-22;Nordeste;Site;Informática;SSD SATA 480GB;1;276.88;0.08;Cartão de débito
V000507;2026-08-05;Nordeste;Aplicativo;Casa e Cozinha;Aspirador Vertical;8;536.02;0;Pix
V000508;2026-05-22;Norte;Aplicativo;Informática;Teclado Mecânico;1;329.93;0.05;Pix
V000509;2026-07-12;Sudeste;Site;Informática;Teclado Mecânico;2;361.43;0;Pix
V000510;2026-03-27;Sudeste;Site;Áudio e Vídeo;Smart TV 43 4K;3;2337.93;0;Cartão de crédito
V000511;2026-06-02;Sudeste;Aplicativo;Celulares;Smartphone Vega 128GB;2;1561.64;0.08;Cartão de débito
V000512;2026-03-18;Sudeste;Site;Celulares;Smartphone Orion Pro 256GB;1;2962.17;0.05;Boleto
V000513;2026-02-28;Sudeste;Site;Casa e Cozinha;Air Fryer 5L;1;486.45;0.1;Cartão de crédito
V000514;2026-08-12;Sudeste;Marketplace;Casa e Cozinha;Balança Digital Cozinha;1;90.29;0.05;Cartão de crédito
V000515;2026-03-29;Sudeste;Site;Informática;Mochila para Notebook;1;189.16;;Cartão de débito
V000516;2026-08-29;Centro-Oeste;Site;Escritório;Luminária LED;3;138.7;0;Cartão de crédito
V000517;2026-07-05;Sudeste;Site;Casa e Cozinha;Jogo de Panelas 5 peças;1;431.86;0.1;Pix
V000518;2026-07-18;Nordeste;Marketplace;Casa e Cozinha;Liquidificador 1200W;1;295.82;0;Cartão de crédito
V000519;2026-04-30;Nordeste;Site;Informática;Mochila para Notebook;1;188.03;0.1;Cartão de débito
V000520;2026-03-20;Sul;Site;Celulares;Smartphone Vega 128GB;2;1456.44;0.2;Pix
V000521;2026-07-08;Sudeste;Site;Escritório;Fragmentadora 10 folhas;2;707.75;0.12;Cartão de crédito
V000522;2026-06-07;Sudeste;Marketplace;Celulares;Fone Bluetooth;4;265.01;0.15;Cartão de crédito
V000523;2026-05-19;Sudeste;Site;Celulares;Película 3D;1;41.64;0;Cartão de crédito
V000524;2026-04-18;Sudeste;Marketplace;Celulares;Power Bank 20000mAh;2;238.12;0;Cartão de crédito
V000525;2026-06-22;Norte;Site;Celulares;Smartphone Vega Max 256GB;2;2456.04;0.05;Cartão de crédito
V000526;2026-02-18;Nordeste;Site;Informática;Mochila para Notebook;2;194.85;0.05;Cartão de crédito
V000527;2026-01-16;Sul;Aplicativo;Casa e Cozinha;Kit Potes Herméticos;1;132.41;0.05;Pix
V000528;2026-05-12;Sudeste;Aplicativo;Celulares;Película 3D;1;38.15;0.05;Cartão de crédito
V000529;2026-05-24;Nordeste;Marketplace;Informática;Hub USB-C 8 em 1;2;291.78;0;Pix
V000530;2026-03-24;Sul;Aplicativo;Informática;Hub USB-C 8 em 1;1;280.32;0.2;Cartão de crédito
V000531;2026-07-14;Sudeste;Site;Informática;Notebook 15 Pro;3;3723.36;0.08;Pix
V000532;2026-03-26;Centro-Oeste;Site;Games;Jogo Aventura Lendária;1;370.56;0.15;Cartão de crédito
V000533;2026-07-16;Centro-Oeste;Site;Informática;Monitor 27 QHD;1;1572.56;0;Cartão de crédito
V000534;2026-04-23;Sudeste;Site;Informática;Webcam Full HD;2;230.06;0.05;Pix
V000535;2026-05-31;Sul;Site;Informática;Monitor 24 IPS;3;912.19;0.05;Cartão de crédito
V000536;2026-06-14;Sudeste;Marketplace;Games;Console PlaySphere 5;4;4160.9;0;Cartão de crédito
V000537;2026-01-20;Nordeste;Site;Informática;SSD SATA 480GB;10;257.09;0;Cartão de crédito
V000538;2026-08-12;Sudeste;Site;Celulares;Smartphone Vega 128GB;4;1592.34;0.15;Cartão de crédito
V000539;2026-01-23;Nordeste;Site;Informática;Monitor 27 QHD;3;1558.37;0;Cartão de débito
V000540;2026-02-18;Norte;Site;Informática;Memória DDR4 16GB;1;277.4;0;Cartão de crédito
V000541;2026-07-11;Sudeste;Site;Casa e Cozinha;Air Fryer 5L;1;501.22;0.1;Boleto
V000542;2026-06-21;Centro-Oeste;Site;Informática;Hub USB-C 8 em 1;2;277.58;0.05;Cartão de débito
V000543;2026-02-22;Sul;Aplicativo;Games;Console NovaBox X;4;3851.09;0.12;Cartão de débito
V000544;2026-02-11;Sudeste;Site;Informática;Mochila para Notebook;1;178.75;0.1;Cartão de crédito
V000545;2026-08-15;Norte;Aplicativo;Celulares;Smartphone Vega Max 256GB;1;2501.52;0;Cartão de crédito
V000546;2026-03-21;Sul;Aplicativo;Informática;Teclado Mecânico;4;359.09;0.05;Boleto
V000547;2026-04-09;Sudeste;Aplicativo;Informática;Notebook 14 Air;1;3112.7;0.15;Cartão de crédito
V000548;2026-02-15;Sudeste;Aplicativo;Informática;Mochila para Notebook;1;187.53;0;Cartão de crédito
V000549;2026-04-27;Sudeste;Aplicativo;Informática;Mouse Sem Fio;1;137.89;;Cartão de crédito
V000550;2026-08-07;Nordeste;Aplicativo;Informática;Memória DDR4 16GB;5;291.56;0;Cartão de crédito
V000551;2026-03-17;Sudeste;Site;Escritório;Suporte para Notebook;1;111.55;0.12;Cartão de débito
V000552;2026-01-12;Sudeste;Site;Áudio e Vídeo;Soundbar 2.1;1;800.0;0;Cartão de crédito
V000553;2026-05-02;;Aplicativo;Celulares;Smartphone Vega Max 256GB;2;2389.35;;Cartão de crédito
V000554;2026-04-24;Sudeste;Site;Áudio e Vídeo;Smart TV 43 4K;1;2085.09;0.12;Cartão de crédito
V000555;2026-01-11;Centro-Oeste;Site;Casa e Cozinha;Air Fryer 5L;1;506.98;0.08;Cartão de crédito
V000556;2026-04-03;Centro-Oeste;Aplicativo;Celulares;Smartphone Orion Pro 256GB;1;2884.61;0.2;Cartão de crédito
V000557;2026-02-10;Sudeste;Site;Casa e Cozinha;Air Fryer 5L;1;493.36;0;Pix
V000558;2026-03-08;Sul;Site;Informática;Monitor 27 QHD;2;1691.58;0.05;Cartão de crédito
V000559;2026-08-21;Sudeste;Aplicativo;Celulares;Smartphone Orion 128GB;1;1730.07;0.1;Cartão de crédito
V000560;2026-02-17;Sul;Aplicativo;Celulares;Smartphone Vega 128GB;8;1585.49;0;Cartão de crédito
V000561;2026-04-24;Nordeste;Aplicativo;Celulares;Power Bank 20000mAh;3;218.99;0.15;Cartão de crédito
V000562;2026-02-24;Sudeste;Aplicativo;Celulares;Película 3D;3;41.84;0;Cartão de crédito
V000563;2026-04-17;Centro-Oeste;Site;Escritório;Mesa Escritório 120cm;3;638.58;0.08;Cartão de crédito
V000564;2026-08-05;Nordeste;Site;Escritório;Organizador de Mesa;1;71.77;0.05;Cartão de crédito
V000565;2026-01-20;Sul;Site;Áudio e Vídeo;Projetor Full HD;3;1890.37;0.15;Cartão de crédito
V000566;2026-06-03;Nordeste;Site;Escritório;Papel A4 500 folhas;6;36.97;0.05;Pix
V000567;2026-02-11;Sul;Aplicativo;Áudio e Vídeo;Suporte TV Articulado;2;171.52;0.08;Pix
V000568;2026-02-21;Sudeste;Aplicativo;Celulares;Película 3D;2;40.71;0.05;Cartão de crédito
V000569;2026-03-24;Centro-Oeste;Aplicativo;Celulares;Smartphone Orion Pro 256GB;4;2806.81;0.15;Boleto
V000570;2026-05-10;Sudeste;Site;Casa e Cozinha;Panela Elétrica 5L;1;366.95;0;Cartão de crédito
V000571;2026-05-25;Sudeste;Aplicativo;Áudio e Vídeo;Soundbar 2.1;2;753.11;0;Cartão de crédito
V000572;2026-01-18;Sudeste;Site;Celulares;Smartphone Vega 128GB;6;1526.58;0;Pix
V000573;2026-01-20;Sudeste;Site;Casa e Cozinha;Kit Potes Herméticos;10;126.28;0.05;Cartão de crédito
V000574;2026-08-04;Sudeste;Aplicativo;Escritório;Suporte para Notebook;1;116.01;0;Pix
V000575;2026-05-19;Nordeste;Aplicativo;Informática;Mochila para Notebook;1;192.27;0.15;Cartão de crédito
V000576;2026-07-02;Sul;Aplicativo;Celulares;Carregador USB-C 30W;2;123.5;0;Pix
V000577;2026-07-05;Sul;Site;Informática;Monitor 27 QHD;1;1669.72;0.05;Cartão de crédito
V000578;2026-06-23;Centro-Oeste;Site;Informática;Webcam Full HD;2;253.57;0.1;Pix
V000579;2026-04-28;Sul;Site;Áudio e Vídeo;Projetor Full HD;1;1944.99;0.05;Cartão de crédito
V000580;2026-05-26;Sudeste;Marketplace;Celulares;Power Bank 20000mAh;2;218.72;0.2;Pix
V000581;2026-07-20;Centro-Oeste;Marketplace;Áudio e Vídeo;Smart TV 55 4K;1;3010.31;0;Cartão de crédito
V000582;2026-07-16;Sudeste;Site;Games;Console NovaBox X;1;3762.88;0;Pix
V000583;2026-06-30;Sul;Site;Celulares;Smartphone Orion Pro 256GB;2;2919.15;0;Cartão de crédito
V000584;2026-04-24;Nordeste;Site;Celulares;Capa Antichoque;1;67.17;0.05;Cartão de débito
V000585;2026-04-01;Sudeste;Aplicativo;Escritório;Papel A4 500 folhas;1;36.18;0.05;Pix
V000586;2026-08-01;Centro-Oeste;Site;Áudio e Vídeo;Soundbar 2.1;4;806.82;0;Pix
V000587;2026-05-27;Sudeste;Marketplace;Casa e Cozinha;Cafeteira Programável;3;308.12;0;Cartão de crédito
V000588;2026-07-10;Sudeste;Aplicativo;Escritório;Luminária LED;1;145.3;0.15;Pix
V000589;2026-01-27;Sudeste;Aplicativo;Escritório;Cadeira Ergonômica;1;1227.0;0.08;Pix
V000590;2026-03-07;Sudeste;Site;Áudio e Vídeo;Smart TV 55 4K;1;3369.71;0;Cartão de débito
V000591;2026-04-22;Sul;Site;Informática;Teclado Mecânico;3;342.88;0.12;Pix
V000592;2026-05-21;Norte;Aplicativo;Escritório;Fragmentadora 10 folhas;1;739.9;0.15;Pix
V000593;2026-01-15;Nordeste;Site;Escritório;Mesa Escritório 120cm;1;683.18;0.08;Cartão de crédito
V000594;2026-02-21;Sudeste;Site;Escritório;Impressora Multifuncional;1;892.34;0.1;Cartão de crédito
V000595;2026-07-16;Sul;Site;Informática;Notebook 14 Air;1;3111.63;0;Cartão de crédito
V000596;2026-06-25;Nordeste;Marketplace;Celulares;Capa Antichoque;4;71.57;0.1;Cartão de crédito
V000597;2026-02-02;Sudeste;Aplicativo;Games;Jogo Corrida Pro;2;298.61;0;Cartão de crédito
V000598;2026-08-19;Sudeste;Marketplace;Escritório;Suporte para Notebook;1;113.75;0.12;Boleto
V000599;2026-08-25;Sudeste;Aplicativo;Informática;Mouse Sem Fio;1;138.91;0;Cartão de crédito
V000600;2026-03-16;Sul;Aplicativo;Informática;SSD NVMe 1TB;1;520.36;0;Cartão de débito
V000601;2026-05-20;Nordeste;Aplicativo;Casa e Cozinha;Jogo de Panelas 5 peças;2;423.36;0;Pix
V000602;2026-07-12;Sudeste;Site;Escritório;Impressora Multifuncional;1;862.04;0.08;Pix
V000603;2026-06-23;Sul;Aplicativo;Informática;Monitor 24 IPS;1;955.47;0.05;Cartão de crédito
V000604;2026-08-22;Sudeste;Aplicativo;Games;Jogo Aventura Lendária;3;367.63;0.1;Cartão de débito
V000605;2026-03-27;Sudeste;Site;Games;Jogo Corrida Pro;1;314.19;0.15;Cartão de crédito
V000606;2026-01-02;Sudeste;Aplicativo;Casa e Cozinha;Sanduicheira Grill;2;175.88;0.15;Pix
V000607;2026-06-24;Sudeste;Site;Celulares;Smartphone Orion Pro 256GB;10;2945.65;0;Cartão de débito
V000608;2026-03-23;Sudeste;Site;Informática;Memória DDR4 16GB;1;296.6;0;Cartão de crédito
V000609;2026-03-12;Sudeste;Aplicativo;Games;Cadeira Gamer;1;1151.48;0.1;Pix
V000610;2026-03-10;Nordeste;Aplicativo;Casa e Cozinha;Balança Digital Cozinha;1;90.68;0;Cartão de crédito
V000611;2026-03-05;Nordeste;Site;Áudio e Vídeo;Caixa Bluetooth;2;396.6;0.15;Cartão de débito
V000612;2026-08-07;Nordeste;Site;Informática;Teclado Mecânico;3;348.85;0.08;Cartão de débito
V000613;2026-01-22;Sudeste;Aplicativo;Escritório;Organizador de Mesa;1;66.0;0.08;Pix
V000614;2026-02-07;Sudeste;Marketplace;Áudio e Vídeo;Projetor Full HD;1;1809.8;0.05;Cartão de débito
V000615;2026-04-25;Sudeste;Aplicativo;Áudio e Vídeo;Soundbar 2.1;2;839.72;0.15;Cartão de crédito
V000616;2026-01-28;Sudeste;Site;Casa e Cozinha;Jogo de Panelas 5 peças;1;404.77;0;Pix
V000617;2026-01-31;Nordeste;Site;Games;Cadeira Gamer;2;1051.74;0;Cartão de crédito
V000618;2026-05-01;Sudeste;Marketplace;Informática;Notebook 14 Air;2;3351.07;0.08;Cartão de crédito
V000619;2026-04-03;Sudeste;Site;Celulares;Smartphone Orion Pro 256GB;1;2989.17;0.05;Pix
V000620;2026-02-10;Sudeste;Aplicativo;Áudio e Vídeo;Suporte TV Articulado;5;169.13;0.12;Cartão de crédito
V000621;2026-01-08;Sudeste;Marketplace;Informática;Webcam Full HD;3;241.07;0.05;Pix
V000622;2026-06-16;Sudeste;Site;Informática;Memória DDR4 16GB;2;305.67;0;Cartão de crédito
V000623;2026-03-21;Sudeste;Site;Informática;Hub USB-C 8 em 1;1;290.96;0.1;Cartão de crédito
V000624;2026-04-04;Sul;Site;Escritório;Fragmentadora 10 folhas;2;667.97;0.1;Cartão de crédito
V000625;2026-06-18;Sul;Aplicativo;Informática;Memória DDR4 16GB;2;299.0;0.05;Pix
V000626;2026-08-07;Sudeste;Site;Informática;Notebook 14 Air;2;3166.02;0;Cartão de débito
V000627;2026-03-02;Sul;Aplicativo;Informática;Mochila para Notebook;4;202.4;0.05;Cartão de crédito
V000628;2026-01-11;Sudeste;Site;Casa e Cozinha;Kit Potes Herméticos;2;125.59;0.08;Cartão de crédito
V000629;2026-07-22;Sudeste;Aplicativo;Celulares;Película 3D;2;40.96;0;Cartão de crédito
V000630;2026-08-04;Sudeste;Site;Áudio e Vídeo;Suporte TV Articulado;5;167.82;0.12;Cartão de débito
V000631;2026-08-02;Nordeste;Aplicativo;Informática;Hub USB-C 8 em 1;1;293.82;0.1;Cartão de débito
V000632;2026-07-31;Sudeste;Marketplace;Celulares;Capa Antichoque;1;71.34;0.1;Cartão de crédito
V000633;2026-05-04;Nordeste;Site;Informática;Teclado Mecânico;2;371.13;0;Boleto
V000634;2026-08-16;Sudeste;Marketplace;Informática;Webcam Full HD;1;235.15;0;Cartão de crédito
V000635;2026-08-20;Sudeste;Aplicativo;Celulares;Smartphone Orion 128GB;1;1696.39;0.08;Cartão de crédito
V000636;2026-01-29;Nordeste;Site;Celulares;Carregador USB-C 30W;1;125.59;0;Cartão de crédito
V000637;2026-03-03;Nordeste;Site;Celulares;Fone Bluetooth;1;262.64;0.2;Pix
V000638;2026-08-28;Nordeste;Aplicativo;Casa e Cozinha;Jogo de Panelas 5 peças;1;430.75;0.05;Cartão de crédito
V000639;2026-02-13;Nordeste;Site;Celulares;Smartphone Orion Pro 256GB;2;3039.06;0.05;Cartão de crédito
V000640;2026-04-17;Sudeste;Marketplace;Celulares;Smartphone Orion 128GB;2;1755.33;0.15;Cartão de débito
V000641;2026-04-24;Sul;Site;Celulares;Smartphone Orion 128GB;1;1715.31;0.08;Cartão de crédito
V000642;2026-02-15;Nordeste;Aplicativo;Celulares;Smartphone Vega 128GB;8;1433.87;0.2;Cartão de débito
V000643;2026-02-26;Sudeste;Site;Informática;Notebook 14 Air;2;3364.48;0.05;Cartão de crédito
V000644;2026-06-13;Sudeste;Marketplace;Escritório;Cadeira Ergonômica;4;1255.98;0.15;Cartão de crédito
V000645;2026-03-18;Sudeste;Site;Informática;Mouse Sem Fio;6;132.43;0.05;Cartão de débito
V000646;2026-07-31;Norte;Site;Informática;Hub USB-C 8 em 1;3;295.51;0.15;Pix
V000647;2026-03-22;Sul;Aplicativo;Escritório;Fragmentadora 10 folhas;3;701.49;0;Boleto
V000648;2026-07-06;Sudeste;Marketplace;Escritório;Fragmentadora 10 folhas;10;677.2;0.15;Pix
V000649;2026-04-04;Sul;Aplicativo;Informática;Mochila para Notebook;2;192.75;0.1;Pix
V000650;2026-03-23;Sudeste;Marketplace;Informática;Teclado Mecânico;4;339.31;0.1;Cartão de crédito
V000651;2026-08-14;Sudeste;Aplicativo;Casa e Cozinha;Kit Potes Herméticos;1;127.81;0.05;Pix
V000652;2026-02-23;Nordeste;Aplicativo;Informática;Memória DDR4 16GB;1;294.57;0.05;Cartão de crédito
V000653;2026-05-09;Sul;Aplicativo;Celulares;Película 3D;1;42.23;0;Cartão de crédito
V000654;2026-01-05;Sudeste;Aplicativo;Casa e Cozinha;Air Fryer 5L;3;482.68;0;Cartão de crédito
V000655;2026-02-09;Norte;Site;Celulares;Película 3D;1;41.81;0;Pix
V000656;2026-03-02;Sudeste;Marketplace;Casa e Cozinha;Balança Digital Cozinha;5;89.31;0.05;Cartão de débito
V000657;2026-08-16;Sudeste;Aplicativo;Áudio e Vídeo;Soundbar 2.1;1;818.34;0;Cartão de crédito
V000658;2026-01-26;Sul;Aplicativo;Informática;Hub USB-C 8 em 1;6;274.61;0;Cartão de débito
V000659;2026-06-29;Sudeste;Aplicativo;Informática;Monitor 24 IPS;3;864.11;0.15;Pix
V000660;2026-03-20;Sudeste;Site;Informática;Mochila para Notebook;6;180.7;0;Pix
V000661;2026-02-16;Norte;Aplicativo;Games;Cadeira Gamer;2;1159.4;0;Cartão de crédito
V000662;2026-08-15;Sul;Marketplace;Áudio e Vídeo;Microfone USB;2;382.69;0;Cartão de débito
V000663;2026-01-29;Sul;Site;Informática;Memória DDR4 16GB;2;294.33;0;Cartão de débito
V000664;2026-01-31;Sul;Aplicativo;Escritório;Fragmentadora 10 folhas;2;719.38;0.1;Cartão de crédito
V000665;2026-01-14;Nordeste;Site;Informática;Monitor 24 IPS;1;956.26;0;Pix
V000666;2026-05-05;Sudeste;Site;Informática;Hub USB-C 8 em 1;18;263.5;0;Pix
V000667;2026-08-25;Sudeste;Aplicativo;Games;Headset 7.1;1;446.67;0.08;Cartão de crédito
V000668;2026-03-22;Sul;Site;Casa e Cozinha;Sanduicheira Grill;1;183.63;0;Cartão de crédito
V000669;2026-04-13;Nordeste;Site;Informática;Monitor 27 QHD;3;1631.19;0.08;Cartão de débito
V000670;2026-01-15;Norte;Site;Celulares;Carregador USB-C 30W;4;119.02;0;Cartão de crédito
V000671;2026-07-22;Centro-Oeste;Aplicativo;Games;Volante Racing;2;1305.71;0;Pix
V000672;2026-07-10;Nordeste;Site;Áudio e Vídeo;Soundbar 2.1;4;765.29;0.08;Pix
V000673;2026-02-19;Sul;Site;Celulares;Película 3D;2;37.83;0.2;Cartão de crédito
V000674;2026-04-29;Sul;Site;Games;Console PlaySphere 5;1;4596.96;0;Cartão de crédito
V000675;2026-06-29;Sudeste;Site;Informática;Hub USB-C 8 em 1;1;294.07;0.1;Cartão de débito
V000676;2026-02-01;Centro-Oeste;Marketplace;Escritório;Mesa Escritório 120cm;2;628.29;0.2;Cartão de crédito
V000677;2026-02-24;Sudeste;Site;Casa e Cozinha;Cafeteira Programável;2;304.39;0.08;Pix
V000678;2026-07-14;Nordeste;Site;Informática;Hub USB-C 8 em 1;1;292.18;0;Cartão de débito
V000679;2026-06-24;Nordeste;Site;Áudio e Vídeo;Microfone USB;1;363.72;0;Pix
V000680;2026-02-28;Centro-Oeste;Aplicativo;Áudio e Vídeo;Caixa Bluetooth;1;400.9;0.05;Cartão de débito
V000681;2026-05-07;Nordeste;Aplicativo;Áudio e Vídeo;Smart TV 43 4K;2;2183.22;0.05;Cartão de crédito
V000682;2026-01-14;Sul;Site;Informática;Teclado Mecânico;1;355.2;0;Pix
V000683;2026-07-13;Centro-Oeste;Marketplace;Celulares;Capa Antichoque;2;74.73;0.15;Boleto
V000684;2026-06-28;Sudeste;Aplicativo;Casa e Cozinha;Kit Potes Herméticos;1;126.86;0.05;Pix
V000685;2026-08-29;Sudeste;Site;Games;Jogo Aventura Lendária;6;334.8;0.1;Cartão de crédito
V000686;2026-05-20;Sul;Site;Celulares;Smartphone Orion 128GB;3;1772.14;0.08;Cartão de crédito
V000687;2026-08-20;Sul;Site;Celulares;Smartphone Vega Max 256GB;1;2345.75;0.12;Cartão de crédito
V000688;2026-08-27;Nordeste;Marketplace;Celulares;Smartphone Orion Pro 256GB;2;3059.18;0;Cartão de crédito
V000689;2026-01-13;Norte;Aplicativo;Celulares;Carregador USB-C 30W;2;117.48;0.1;Cartão de crédito
V000690;2026-04-20;Sul;Marketplace;Casa e Cozinha;Balança Digital Cozinha;5;87.03;0.12;Pix
V000691;2026-05-12;Sudeste;Site;Celulares;Smartphone Vega 128GB;1;1466.39;0;Cartão de crédito
V000692;2026-04-04;Sudeste;Marketplace;Games;Cadeira Gamer;1;1130.28;0.2;Pix
V000693;2026-04-11;Sul;Site;Celulares;Smartphone Vega 128GB;1;1519.3;0.15;Cartão de crédito
V000694;2026-04-13;Sudeste;Site;Áudio e Vídeo;Headset Gamer;1;278.45;0;Pix
V000695;2026-02-23;Sudeste;Aplicativo;Informática;Mouse Sem Fio;1;132.5;0.2;Boleto
V000696;2026-01-18;Sudeste;Site;Áudio e Vídeo;Soundbar 2.1;1;776.3;0.05;Boleto
V000697;2026-03-23;Nordeste;Marketplace;Casa e Cozinha;Sanduicheira Grill;1;178.51;0.1;Cartão de crédito
V000698;2026-08-19;Nordeste;Aplicativo;Casa e Cozinha;Sanduicheira Grill;1;178.5;0;Cartão de crédito
V000699;2026-03-19;Centro-Oeste;Marketplace;Celulares;Smartphone Orion 128GB;5;1904.44;0.12;Cartão de débito
V000700;2026-06-19;Sudeste;Aplicativo;Informática;Mochila para Notebook;1;199.89;0.1;Cartão de débito
V000701;2026-04-20;Sudeste;Site;Escritório;Fragmentadora 10 folhas;2;722.53;0.05;Pix
V000702;2026-01-07;Sudeste;Site;Informática;Notebook 15 Pro;1;3852.29;0;Pix
V000703;2026-02-05;Nordeste;Site;Informática;Notebook 15 Pro;2;4156.72;0.08;Cartão de crédito
V000704;2026-05-30;Nordeste;Site;Áudio e Vídeo;Suporte TV Articulado;1;159.94;0.1;Pix
V000705;2026-02-03;Sudeste;Site;Casa e Cozinha;Liquidificador 1200W;1;276.73;0.08;Cartão de crédito
V000706;2026-08-13;Sudeste;Site;Casa e Cozinha;Kit Potes Herméticos;1;138.42;0;Cartão de crédito
V000707;2026-08-04;Norte;Aplicativo;Áudio e Vídeo;Microfone USB;2;372.3;0.08;Pix
V000708;2026-06-12;Sudeste;Aplicativo;Áudio e Vídeo;Microfone USB;2;361.29;0.1;Cartão de débito
V000709;2026-01-27;Centro-Oeste;Site;Casa e Cozinha;Panela Elétrica 5L;1;392.16;0.05;Cartão de débito
V000710;2026-06-02;Centro-Oeste;Site;Celulares;Fone Bluetooth;5;265.84;0.1;Pix
V000711;2026-02-25;Sudeste;Aplicativo;Casa e Cozinha;Panela Elétrica 5L;1;378.57;0.15;Cartão de crédito
V000712;2026-08-06;Nordeste;Site;Casa e Cozinha;Balança Digital Cozinha;1;92.82;0.05;Boleto
V000713;2026-02-04;Sudeste;Site;Informática;Hub USB-C 8 em 1;3;296.63;0.08;Pix
V000714;2026-05-05;Nordeste;Site;Áudio e Vídeo;Microfone USB;1;375.82;0.08;Boleto
V000715;2026-07-28;Sudeste;Aplicativo;Informática;Notebook 15 Pro;2;3893.02;0;Cartão de crédito
V000716;2026-06-25;Norte;Aplicativo;Casa e Cozinha;Sanduicheira Grill;2;171.59;0.1;Cartão de crédito
V000717;2026-08-10;Sudeste;Aplicativo;Áudio e Vídeo;Projetor Full HD;4;1793.23;0.05;Pix
V000718;2026-05-12;Sul;Aplicativo;Games;Volante Racing;2;1345.92;0;Pix
V000719;2026-06-23;Nordeste;Site;Celulares;Smartphone Orion Pro 256GB;1;2851.05;0;Pix
V000720;2026-07-07;Sudeste;Site;Celulares;Smartphone Vega Max 256GB;1;2536.78;0;Cartão de crédito
V000721;2026-07-09;Sudeste;Marketplace;Áudio e Vídeo;Soundbar 2.1;2;835.61;0.1;Cartão de crédito
V000722;2026-04-01;Sul;Site;Games;Cadeira Gamer;2;1059.15;0;Cartão de crédito
V000723;2026-02-18;Sudeste;Site;Casa e Cozinha;Panela Elétrica 5L;1;382.59;0.08;Pix
V000724;2026-04-18;Sudeste;Aplicativo;Games;Console NovaBox X;1;3992.53;0.05;Cartão de crédito
V000725;2026-08-05;Sudeste;Aplicativo;Escritório;Cadeira Ergonômica;1;1219.18;0.12;Boleto
V000726;2026-02-07;Sudeste;Marketplace;Celulares;Power Bank 20000mAh;3;238.49;0.08;Cartão de crédito
V000727;2026-02-28;Nordeste;Site;Informática;SSD NVMe 1TB;1;508.67;0.12;Cartão de crédito
V000728;2026-05-31;Centro-Oeste;Site;Games;Controle Sem Fio;2;400.6;0.08;Cartão de crédito
V000729;2026-03-08;Sudeste;Marketplace;Informática;Notebook 15 Pro;1;4020.61;0.05;Pix
V000730;2026-04-02;Sul;Marketplace;Games;Console NovaBox X;2;4182.06;0.1;Cartão de crédito
V000731;2026-08-31;Sul;Site;Casa e Cozinha;Cafeteira Programável;1;340.66;0.05;Pix
V000732;2026-01-15;Centro-Oeste;Aplicativo;Escritório;Organizador de Mesa;1;68.48;0;Cartão de débito
V000733;2026-02-17;Norte;Site;Celulares;Smartphone Orion 128GB;1;1872.73;0.15;Cartão de crédito
V000734;2026-05-30;Centro-Oeste;Aplicativo;Informática;Notebook 14 Air;1;3244.3;0.05;Cartão de débito
V000735;2026-06-25;Centro-Oeste;Aplicativo;Celulares;Smartphone Orion Pro 256GB;1;3055.28;0.05;Pix
V000736;2026-06-08;Sudeste;Aplicativo;Informática;Monitor 24 IPS;1;863.13;0.15;Pix
V000737;2026-01-26;Nordeste;Aplicativo;Casa e Cozinha;Cafeteira Programável;6;338.84;0;Pix
V000738;2026-05-26;Norte;Aplicativo;Celulares;Carregador USB-C 30W;5;120.13;0.1;Cartão de crédito
V000739;2026-05-04;Sudeste;Aplicativo;Informática;Mochila para Notebook;1;185.2;0;Cartão de crédito
V000740;2026-08-27;Sudeste;Aplicativo;Celulares;Smartphone Orion 128GB;1;1727.48;0.08;Pix
V000741;2026-05-24;Sul;Aplicativo;Informática;Monitor 27 QHD;2;1535.0;0.05;Cartão de débito
V000742;2026-07-08;Centro-Oeste;Site;Informática;Teclado Mecânico;1;329.42;0;Cartão de crédito
V000743;2026-06-20;Sudeste;Site;Informática;SSD SATA 480GB;3;255.38;0.05;Pix
V000744;2026-07-09;Sul;Site;Informática;Notebook 15 Pro;1;4078.38;0.12;Cartão de crédito
V000745;2026-05-22;Sul;Marketplace;Games;Console PlaySphere 5;1;4095.66;0.05;Cartão de débito
V000746;2026-07-06;Nordeste;Aplicativo;Escritório;Fragmentadora 10 folhas;2;681.59;0;Pix
V000747;2026-05-18;Nordeste;Site;Casa e Cozinha;Jogo de Panelas 5 peças;2;444.85;0;Cartão de débito
V000748;2026-02-09;Sudeste;Marketplace;Informática;Mouse Sem Fio;4;135.68;0.05;Cartão de crédito
V000749;2026-03-10;Sudeste;Site;Games;Volante Racing;5;1259.96;0.2;Pix
V000750;2026-01-11;Sudeste;Aplicativo;Informática;Notebook 15 Pro;2;4115.73;0;Pix
V000751;2026-07-05;Centro-Oeste;Site;Casa e Cozinha;Liquidificador 1200W;1;296.26;0.15;Cartão de crédito
V000752;2026-06-09;Sul;Marketplace;Informática;Webcam Full HD;3;247.57;0.1;Cartão de crédito
V000753;2026-08-13;Norte;Site;Informática;Monitor 24 IPS;1;860.97;0;Cartão de crédito
V000754;2026-03-07;Nordeste;Aplicativo;Informática;Mochila para Notebook;1;188.19;0.05;Cartão de crédito
V000755;2026-06-05;Sudeste;Site;Escritório;Papel A4 500 folhas;1;36.41;0;Cartão de crédito
V000756;2026-01-01;Sudeste;Site;Informática;Monitor 24 IPS;2;923.39;0.08;Cartão de crédito
V000757;2026-05-10;Sudeste;Aplicativo;Escritório;Mesa Escritório 120cm;1;627.2;0.15;Cartão de crédito
V000758;2026-06-02;Nordeste;Aplicativo;Casa e Cozinha;Air Fryer 5L;1;523.87;0;Cartão de débito
V000759;2026-06-08;Sudeste;Marketplace;Informática;SSD SATA 480GB;2;276.68;0;Cartão de crédito
V000760;2026-06-22;Norte;Site;Casa e Cozinha;Aspirador Vertical;2;558.45;0.08;Cartão de crédito
V000761;2026-01-13;Sudeste;Aplicativo;Escritório;Mesa Escritório 120cm;2;654.04;0;Pix
V000762;2026-03-30;Sul;Site;Áudio e Vídeo;Microfone USB;1;358.95;0.05;Cartão de débito
V000763;2026-04-06;Sudeste;Site;Casa e Cozinha;Sanduicheira Grill;1;173.95;0;Cartão de crédito
V000764;2026-06-25;Nordeste;Site;Celulares;Smartphone Vega Max 256GB;3;2529.57;0.12;Cartão de crédito
V000765;2026-05-14;Sul;Aplicativo;Áudio e Vídeo;Suporte TV Articulado;2;179.43;0.05;Pix
V000766;2026-05-13;Nordeste;Site;Celulares;Fone Bluetooth;2;255.4;0.1;Cartão de crédito
V000767;2026-07-23;Sudeste;Aplicativo;Informática;Monitor 27 QHD;2;1532.17;0.05;Cartão de crédito
V000768;2026-02-21;Sul;Site;Informática;Monitor 24 IPS;1;959.29;0;Pix
V000769;2026-02-15;Sul;Site;Áudio e Vídeo;Smart TV 43 4K;2;2185.29;0.12;Cartão de crédito
V000770;2026-06-05;Sudeste;Site;Informática;Monitor 27 QHD;4;1537.44;0;Cartão de crédito
V000771;2026-02-08;Nordeste;Marketplace;Celulares;Película 3D;2;37.83;0.15;Cartão de débito
V000772;2026-07-01;Sudeste;Aplicativo;Celulares;Power Bank 20000mAh;1;242.17;0.15;Cartão de crédito
V000773;2026-05-03;Sudeste;Site;Áudio e Vídeo;Headset Gamer;2;309.3;0.05;Cartão de crédito
V000774;2026-04-04;Sudeste;Aplicativo;Áudio e Vídeo;Smart TV 55 4K;3;3161.34;0;Pix
V000775;2026-03-07;Nordeste;Site;Informática;Monitor 24 IPS;1;892.58;0.12;Cartão de débito
V000776;2026-03-15;Sul;Aplicativo;Áudio e Vídeo;Caixa Bluetooth;1;422.48;0.1;Cartão de crédito
V000777;2026-08-21;Norte;Site;Casa e Cozinha;Aspirador Vertical;1;578.62;0.15;Cartão de crédito
V000778;2026-03-03;Sudeste;Site;Games;Console PlaySphere 5;1;4181.74;0;Cartão de débito
V000779;2026-01-14;Sudeste;Marketplace;Informática;Notebook 15 Pro;1;3692.38;0.05;Cartão de débito
V000780;2026-02-01;Centro-Oeste;Site;Celulares;Fone Bluetooth;1;240.0;0.12;Cartão de crédito
V000781;2026-06-12;Sudeste;Aplicativo;Casa e Cozinha;Liquidificador 1200W;1;268.88;0.15;Cartão de débito
V000782;2026-04-08;Norte;Site;Casa e Cozinha;Kit Potes Herméticos;2;135.14;0.08;Cartão de crédito
V000783;2026-05-28;Centro-Oeste;Aplicativo;Áudio e Vídeo;Soundbar 2.1;2;853.99;0.15;Cartão de crédito
V000784;2026-04-13;Nordeste;Site;Informática;SSD SATA 480GB;2;277.38;0.05;Cartão de crédito
V000785;2026-05-14;Nordeste;Site;Casa e Cozinha;Jogo de Panelas 5 peças;1;416.66;0;Pix
V000786;2026-04-12;Sudeste;Site;Casa e Cozinha;Cafeteira Programável;1;327.87;0;Boleto
V000787;2026-01-15;Sudeste;Marketplace;Informática;Hub USB-C 8 em 1;1;274.76;0.15;Boleto
V000788;2026-03-26;Sudeste;Site;Áudio e Vídeo;Suporte TV Articulado;4;177.55;0.1;Pix
V000789;2026-08-29;Sudeste;Site;Informática;Mouse Sem Fio;2;122.59;0.1;Pix
V000790;2026-08-28;Sudeste;Site;Escritório;Organizador de Mesa;2;70.19;0.1;Cartão de débito
V000791;2026-06-02;Centro-Oeste;Aplicativo;Celulares;Smartphone Orion Pro 256GB;5;2739.54;0.08;Cartão de crédito
V000792;2026-02-03;Nordeste;Site;Escritório;Fragmentadora 10 folhas;1;700.65;0;Cartão de débito
V000793;2026-03-06;Sudeste;Site;Áudio e Vídeo;Suporte TV Articulado;4;167.05;0.05;Cartão de crédito
V000794;2026-05-04;Sul;Aplicativo;Celulares;Capa Antichoque;1;72.97;0;Cartão de crédito
V000795;2026-06-19;Sudeste;Site;Informática;Notebook 15 Pro;3;3997.86;0;Cartão de débito
V000796;2026-07-31;Norte;Aplicativo;Games;Volante Racing;2;1325.5;0.1;Pix
V000797;2026-06-04;Sudeste;Site;Áudio e Vídeo;Smart TV 43 4K;3;2191.53;0.1;Cartão de crédito
V000798;2026-03-22;Sudeste;Aplicativo;Informática;Monitor 24 IPS;1;938.06;0.05;Cartão de débito
V000799;2026-02-16;Sul;Site;Celulares;Smartphone Orion Pro 256GB;6;2915.67;0;Cartão de débito
V000800;2026-03-02;Centro-Oeste;Site;Escritório;Fragmentadora 10 folhas;1;743.14;0.1;Pix
V000801;2026-06-14;Nordeste;Site;Casa e Cozinha;Sanduicheira Grill;1;171.86;0.1;Cartão de crédito
V000802;2026-02-25;Sudeste;Site;Casa e Cozinha;Cafeteira Programável;1;302.63;0.08;Cartão de crédito
V000803;2026-04-15;Sudeste;Site;Casa e Cozinha;Aspirador Vertical;2;585.33;0;Cartão de débito
V000804;2026-01-23;Sul;Marketplace;Celulares;Fone Bluetooth;2;266.91;0.1;Cartão de débito
V000805;2026-06-15;Norte;Site;Áudio e Vídeo;Headset Gamer;1;293.45;0.08;Cartão de crédito
V000806;2026-05-25;Sul;Site;Escritório;Fragmentadora 10 folhas;1;670.09;0.15;Pix
V000807;2026-03-18;Nordeste;Marketplace;Escritório;Papel A4 500 folhas;2;36.97;0.12;Cartão de crédito
V000808;2026-03-21;Sudeste;Marketplace;Informática;Monitor 24 IPS;2;894.76;0.08;Cartão de débito
V000809;2026-01-09;Norte;Site;Áudio e Vídeo;Projetor Full HD;1;2029.78;0;Pix
V000810;2026-02-23;Centro-Oeste;Marketplace;Celulares;Power Bank 20000mAh;1;230.34;0.05;Cartão de débito
V000811;2026-04-20;Sul;Aplicativo;Informática;Webcam Full HD;3;242.69;0.05;Boleto
V000812;2026-02-14;Nordeste;Site;Escritório;Papel A4 500 folhas;8;34.72;0;Pix
V000813;2026-07-23;Sul;Aplicativo;Informática;SSD SATA 480GB;2;272.93;0.05;Cartão de crédito
V000814;2026-06-19;Sudeste;Site;Celulares;Smartphone Vega Max 256GB;3;2264.32;0.1;Pix
V000815;2026-04-03;Centro-Oeste;Aplicativo;Áudio e Vídeo;Soundbar 2.1;2;827.14;0;Cartão de débito
V000816;2026-05-19;Sudeste;Site;Celulares;Película 3D;1;38.88;0.1;Pix
V000817;2026-04-29;Sudeste;Site;Casa e Cozinha;Aspirador Vertical;2;517.97;0;Pix
V000818;2026-06-24;Nordeste;Site;Celulares;Smartphone Orion 128GB;1;1797.48;0.15;Pix
V000819;2026-01-19;Sudeste;Marketplace;Informática;SSD SATA 480GB;4;274.25;0.12;Cartão de crédito
V000820;2026-07-28;Sudeste;Site;Escritório;Organizador de Mesa;1;72.78;0.1;Cartão de crédito
V000821;2026-01-21;Sul;Marketplace;Celulares;Película 3D;1;40.88;0.08;Cartão de débito
V000822;2026-08-23;Sudeste;Aplicativo;Celulares;Smartphone Orion 128GB;1;1698.68;0;Cartão de crédito
V000823;2026-07-11;Sul;Aplicativo;Celulares;Fone Bluetooth;2;235.8;0.05;Pix
V000824;2026-01-07;Nordeste;Aplicativo;Escritório;Impressora Multifuncional;1;892.67;0.08;Boleto
V000825;2026-02-21;Sudeste;Aplicativo;Áudio e Vídeo;Caixa Bluetooth;2;416.81;0.08;Cartão de débito
V000826;2026-06-08;Sudeste;Aplicativo;Casa e Cozinha;Kit Potes Herméticos;1;129.18;0;Cartão de crédito
V000827;2026-04-22;Sul;Aplicativo;Celulares;Smartphone Orion Pro 256GB;2;2997.63;0.05;Cartão de débito
V000828;2026-05-19;Sudeste;Site;Casa e Cozinha;Jogo de Panelas 5 peças;6;435.25;0.1;Boleto
V000829;2026-08-17;Nordeste;Marketplace;Celulares;Smartphone Vega 128GB;2;1466.39;0.05;Cartão de crédito
V000830;2026-08-04;Sudeste;Site;Games;Headset 7.1;4;483.43;0.05;Pix
V000831;2026-08-11;Sul;Site;Games;Cadeira Gamer;1;1098.11;0.15;Cartão de débito
V000832;2026-08-09;Sul;Marketplace;Casa e Cozinha;Kit Potes Herméticos;1;124.21;0.05;Cartão de crédito
V000833;2026-07-30;Sudeste;Site;Informática;Notebook 14 Air;5;3340.03;0.05;Pix
V000834;2026-03-01;Norte;Site;Casa e Cozinha;Panela Elétrica 5L;1;378.45;0.15;Cartão de crédito
V000835;2026-07-26;Sudeste;Aplicativo;Escritório;Luminária LED;1;132.94;0.05;Pix
V000836;2026-03-13;Sul;Site;Games;Volante Racing;1;1372.79;0.1;Cartão de crédito
V000837;2026-04-16;Sudeste;Aplicativo;Informática;Notebook 15 Pro;1;4130.26;0.1;Pix
V000838;2026-08-15;Sul;Site;Escritório;Cadeira Ergonômica;3;1188.41;0;Cartão de crédito
V000839;2026-04-27;Sudeste;Site;Informática;Webcam Full HD;1;246.64;0.15;Pix
V000840;2026-01-23;Sudeste;Site;Informática;SSD SATA 480GB;1;278.09;0.05;Cartão de débito
V000841;2026-08-27;Sudeste;Site;Games;Controle Sem Fio;2;403.32;0.05;Pix
V000842;2026-01-23;Sudeste;Site;Casa e Cozinha;Cafeteira Programável;10;312.05;0.15;Boleto
V000843;2026-03-28;Sul;Marketplace;Informática;SSD SATA 480GB;5;280.06;0.05;Cartão de crédito
V000844;2026-05-19;Sul;Aplicativo;Games;Console PlaySphere 5;3;4497.23;0.12;Pix
V000845;2026-04-22;Sudeste;Marketplace;Escritório;Luminária LED;1;132.35;0.1;Cartão de crédito
V000846;2026-01-07;Sudeste;Site;Áudio e Vídeo;Smart TV 55 4K;4;3115.37;0.1;Pix
V000847;2026-03-05;Sudeste;Marketplace;Áudio e Vídeo;Headset Gamer;1;286.07;0.15;Pix
V000848;2026-03-27;Sudeste;Site;Escritório;Cadeira Ergonômica;1;1265.96;0.12;Cartão de débito
V000849;2026-01-04;Sudeste;Aplicativo;Casa e Cozinha;Aspirador Vertical;2;587.11;0;Cartão de débito
V000850;2026-08-26;Sudeste;Marketplace;Casa e Cozinha;Air Fryer 5L;1;532.73;0.12;Pix
V000851;2026-07-10;Nordeste;Aplicativo;Celulares;Fone Bluetooth;10;244.68;0;Cartão de débito
V000852;2026-03-03;Sudeste;Site;Celulares;Smartphone Orion 128GB;1;1906.89;0;Cartão de crédito
V000853;2026-01-15;Sudeste;Marketplace;Celulares;Película 3D;1;41.13;0.15;Cartão de crédito
V000854;2026-03-11;Sul;Site;Informática;Notebook 14 Air;1;3201.84;0.05;Pix
V000855;2026-01-07;Sudeste;Aplicativo;Celulares;Smartphone Orion 128GB;1;1871.17;0;Cartão de crédito
V000856;2026-01-01;Sul;Site;Informática;Teclado Mecânico;1;364.07;0.08;Boleto
V000857;2026-04-23;Sudeste;Marketplace;Games;Console NovaBox X;2;4279.42;0.12;Cartão de débito
V000858;2026-04-25;Sul;Site;Celulares;Película 3D;1;41.05;0.1;Cartão de crédito
V000859;2026-05-24;Sul;Site;Informática;Webcam Full HD;2;252.64;0;Cartão de débito
V000860;2026-07-23;Sudeste;Aplicativo;Áudio e Vídeo;Projetor Full HD;3;2007.19;0.05;Cartão de crédito
V000861;2026-04-12;Sudeste;Aplicativo;Informática;SSD NVMe 1TB;4;529.97;0.1;Boleto
V000862;2026-02-16;Sudeste;Site;Escritório;Papel A4 500 folhas;2;36.45;0;Cartão de crédito
V000863;2026-07-04;Sudeste;Site;Áudio e Vídeo;Projetor Full HD;2;1959.64;0;Cartão de crédito
V000864;2026-07-10;Sudeste;Aplicativo;Celulares;Smartphone Orion 128GB;2;1788.89;0.12;Cartão de crédito
V000865;2026-06-22;Nordeste;Marketplace;Escritório;Fragmentadora 10 folhas;2;699.23;0.12;Cartão de débito
V000866;2026-05-31;Nordeste;Site;Informática;Notebook 14 Air;6;3289.6;0.05;Cartão de débito
V000867;2026-05-31;Centro-Oeste;Site;Informática;Notebook 15 Pro;1;4086.05;0.1;Cartão de crédito
V000868;2026-05-28;Nordeste;Marketplace;Games;Cadeira Gamer;2;1166.64;0.05;Cartão de crédito
V000869;2026-03-23;Sudeste;Aplicativo;Áudio e Vídeo;Suporte TV Articulado;2;171.82;0.08;Cartão de débito
V000870;2026-05-26;Centro-Oeste;Site;Celulares;Power Bank 20000mAh;3;234.74;0;Cartão de crédito
V000871;2026-08-08;Sul;Marketplace;Informática;Teclado Mecânico;1;347.07;0;Cartão de crédito
V000872;2026-05-15;Sudeste;Marketplace;Casa e Cozinha;Kit Potes Herméticos;1;124.87;0.15;Cartão de crédito
V000873;2026-01-06;Nordeste;Marketplace;Informática;Mouse Sem Fio;2;135.41;0.12;Boleto
V000874;2026-04-06;Sudeste;Site;Áudio e Vídeo;Smart TV 55 4K;1;3144.11;0.12;Boleto
V000875;2026-07-15;Sudeste;Site;Escritório;Suporte para Notebook;1;116.05;0;Pix
V000876;2026-05-28;Nordeste;Marketplace;Escritório;Cadeira Ergonômica;3;1169.01;0.15;Pix
V000877;2026-05-15;Sul;Site;Celulares;Carregador USB-C 30W;3;124.11;0;Pix
V000878;2026-07-27;Sudeste;Marketplace;Áudio e Vídeo;Soundbar 2.1;5;779.84;0.12;Cartão de crédito
V000879;2026-02-27;Norte;Marketplace;Informática;Webcam Full HD;10;256.0;0.05;Boleto
V000880;2026-08-04;Sudeste;Site;Celulares;Smartphone Vega 128GB;2;1526.23;0.1;Cartão de crédito
V000881;2026-04-27;Sudeste;Aplicativo;Casa e Cozinha;Sanduicheira Grill;2;182.35;0;Cartão de crédito
V000882;2026-03-29;Centro-Oeste;Site;Celulares;Smartphone Vega Max 256GB;8;2333.27;0;Cartão de crédito
V000883;2026-03-29;Norte;Site;Celulares;Smartphone Vega Max 256GB;4;2462.37;0;Boleto
V000884;2026-01-17;Norte;Aplicativo;Games;Jogo Aventura Lendária;8;362.53;0.05;Cartão de crédito
V000885;2026-05-22;Sul;Marketplace;Informática;Monitor 24 IPS;1;873.28;0.1;Cartão de débito
V000886;2026-04-29;Norte;Aplicativo;Casa e Cozinha;Balança Digital Cozinha;4;96.06;0;Cartão de crédito
V000887;2026-08-12;Sudeste;Site;Games;Headset 7.1;1;467.15;0.1;Pix
V000888;2026-03-24;Nordeste;Aplicativo;Escritório;Fragmentadora 10 folhas;1;678.23;;Cartão de crédito
V000889;2026-01-29;Sudeste;Aplicativo;Celulares;Smartphone Vega Max 256GB;1;2476.52;0;Cartão de débito
V000890;2026-04-10;Sul;Aplicativo;Celulares;Power Bank 20000mAh;1;220.68;0.1;Pix
V000891;2026-01-28;Norte;Site;Informática;Webcam Full HD;1;253.09;0;Pix
V000892;2026-05-20;Nordeste;Site;Áudio e Vídeo;Suporte TV Articulado;1;163.66;0.1;Pix
V000893;2026-03-31;Norte;Site;Áudio e Vídeo;Caixa Bluetooth;4;379.47;0;Cartão de débito
V000894;2026-05-21;Norte;Site;Áudio e Vídeo;Microfone USB;1;382.14;0.05;Boleto
V000895;2026-06-15;Sudeste;Site;Informática;Notebook 14 Air;1;3445.52;0;Cartão de crédito
V000896;2026-02-05;Sul;Site;Games;Cadeira Gamer;1;1112.05;0.05;Pix
V000897;2026-01-14;Sudeste;Site;Informática;Mochila para Notebook;2;184.04;0;Pix
V000898;2026-06-08;Nordeste;Site;Áudio e Vídeo;Projetor Full HD;1;1884.38;0;Pix
V000899;2026-01-20;Sudeste;Site;Escritório;Suporte para Notebook;1;104.43;0.05;Cartão de crédito
V000900;2026-02-20;Centro-Oeste;Site;Casa e Cozinha;Aspirador Vertical;1;567.1;0.12;Cartão de crédito
V000901;2026-02-14;Sudeste;Site;Casa e Cozinha;Aspirador Vertical;1;541.72;0.12;Pix
V000902;2026-02-16;Centro-Oeste;Site;Casa e Cozinha;Air Fryer 5L;2;534.8;0;Cartão de crédito
V000903;2026-05-24;Centro-Oeste;Site;Casa e Cozinha;Sanduicheira Grill;1;180.21;0.12;Cartão de crédito
V000904;2026-01-24;Nordeste;Site;Celulares;Smartphone Orion Pro 256GB;1;2836.16;0.1;Boleto
V000905;2026-05-17;Norte;Aplicativo;Games;Headset 7.1;10;449.97;0.15;Pix
V000906;2026-03-21;Nordeste;Site;Áudio e Vídeo;Smart TV 55 4K;1;3008.3;0;Pix
V000907;2026-01-26;Sudeste;Marketplace;Áudio e Vídeo;Projetor Full HD;1;2013.73;0.15;Pix
V000908;2026-06-24;Sudeste;Marketplace;Celulares;Smartphone Vega Max 256GB;3;2269.02;0.1;Pix
V000909;2026-08-29;Sudeste;Marketplace;Celulares;Smartphone Orion Pro 256GB;2;2856.85;0.15;Pix
V000910;2026-07-07;Nordeste;Site;Games;Jogo Aventura Lendária;2;347.15;0;Cartão de crédito
V000911;2026-08-14;Sudeste;Site;Informática;SSD SATA 480GB;1;284.46;0;Cartão de crédito
V000912;2026-02-17;Sul;Aplicativo;Escritório;Luminária LED;2;132.62;0.05;Pix
V000913;2026-03-11;Sudeste;Site;Áudio e Vídeo;Microfone USB;1;353.32;0.05;Cartão de débito
V000914;2026-08-20;Sudeste;Aplicativo;Celulares;Smartphone Orion Pro 256GB;2;3014.28;0;Cartão de crédito
V000915;2026-07-20;Sul;Site;Celulares;Smartphone Orion Pro 256GB;1;2990.04;0;Pix
V000916;2026-07-30;Norte;Marketplace;Casa e Cozinha;Liquidificador 1200W;1;264.01;0.1;Cartão de débito
V000917;2026-08-04;Norte;Site;Casa e Cozinha;Kit Potes Herméticos;4;127.78;0.2;Pix
V000918;2026-03-12;Sul;Aplicativo;Games;Controle Sem Fio;2;410.56;0.1;Pix
V000919;2026-06-09;Sul;Site;Casa e Cozinha;Balança Digital Cozinha;1;90.19;0;Cartão de crédito
V000920;2026-02-25;Sudeste;Aplicativo;Escritório;Suporte para Notebook;1;104.1;0;Cartão de crédito
V000921;2026-04-07;Centro-Oeste;Aplicativo;Escritório;Suporte para Notebook;1;116.24;0;Cartão de crédito
V000922;2026-07-04;Sudeste;Site;Áudio e Vídeo;Microfone USB;2;359.82;0;Boleto
V000923;2026-01-27;Norte;Site;Informática;Webcam Full HD;1;242.68;0;Cartão de crédito
V000924;2026-06-02;Centro-Oeste;Site;Celulares;Smartphone Orion 128GB;1;1891.44;0.1;Pix
V000925;2026-03-23;Sudeste;Aplicativo;Games;Volante Racing;3;1360.2;0.15;Pix
V000926;2026-08-06;Sul;Aplicativo;Casa e Cozinha;Aspirador Vertical;2;573.21;0.05;Cartão de crédito
V000927;2026-07-07;;Aplicativo;Games;Volante Racing;1;1334.31;0.08;Cartão de crédito
V000928;2026-05-23;Nordeste;Site;Casa e Cozinha;Sanduicheira Grill;1;176.79;0;Cartão de crédito
V000929;2026-05-05;Sul;Site;Informática;Notebook 14 Air;3;3307.03;0.1;Cartão de crédito
V000930;2026-02-15;Sudeste;Site;Informática;Mouse Sem Fio;5;131.56;0.12;Cartão de crédito
V000931;2026-01-08;Sudeste;Aplicativo;Casa e Cozinha;Air Fryer 5L;2;505.36;0.1;Cartão de crédito
V000932;2026-01-13;Nordeste;Aplicativo;Celulares;Smartphone Orion 128GB;1;1808.98;0.15;Cartão de crédito
V000933;2026-05-24;Nordeste;Aplicativo;Casa e Cozinha;Kit Potes Herméticos;1;129.15;0.05;Pix
V000934;2026-01-14;Sudeste;Site;Casa e Cozinha;Kit Potes Herméticos;2;136.93;0.12;Cartão de crédito
V000935;2026-05-19;Centro-Oeste;Site;Casa e Cozinha;Aspirador Vertical;2;554.89;0.15;Cartão de crédito
V000936;2026-01-27;Sudeste;Site;Games;Headset 7.1;2;437.46;0.1;Cartão de crédito
V000937;2026-08-20;Sudeste;Site;Informática;Mouse Sem Fio;1;122.75;0.1;Pix
V000938;2026-04-15;Sul;Site;Celulares;Smartphone Orion 128GB;1;1841.32;0;Cartão de crédito
V000939;2026-04-21;Nordeste;Marketplace;Informática;Monitor 27 QHD;1;1673.01;0.12;Cartão de débito
V000940;2026-03-31;Sul;Marketplace;Informática;Teclado Mecânico;1;354.89;0.12;Cartão de crédito
V000941;2026-02-10;Sul;Aplicativo;Informática;Teclado Mecânico;6;338.36;0.08;Boleto
V000942;2026-08-10;Sudeste;Site;Informática;Monitor 24 IPS;1;908.78;0.12;Cartão de crédito
V000943;2026-01-11;Norte;Site;Games;Jogo Corrida Pro;2;313.9;0;Pix
V000944;2026-08-07;Sudeste;Site;Celulares;Fone Bluetooth;2;260.14;0;Cartão de débito
V000945;2026-05-11;Sudeste;Site;Escritório;Suporte para Notebook;1;113.22;0.15;Cartão de crédito
V000946;2026-04-03;Centro-Oeste;Aplicativo;Games;Headset 7.1;2;437.76;0.08;Cartão de crédito
V000947;2026-01-02;Sul;Site;Áudio e Vídeo;Soundbar 2.1;3;805.45;0;Pix
V000948;2026-07-27;Sudeste;Site;Escritório;Suporte para Notebook;1;115.11;0.05;Cartão de crédito
V000949;2026-04-20;Centro-Oeste;Site;Celulares;Película 3D;2;41.29;0;Pix
V000950;2026-06-13;Sul;Aplicativo;Escritório;Luminária LED;1;143.55;0.05;Cartão de crédito
V000951;2026-08-12;Sul;Aplicativo;Casa e Cozinha;Aspirador Vertical;2;568.28;0;Pix
V000952;2026-03-06;Sul;Site;Celulares;Capa Antichoque;3;66.24;0.1;Cartão de crédito
V000953;2026-08-18;Sudeste;Site;Games;Cadeira Gamer;3;1159.45;0;Cartão de crédito
V000954;2026-08-18;Sudeste;Site;Áudio e Vídeo;Caixa Bluetooth;1;399.26;0.12;Pix
V000955;2026-02-11;Norte;Marketplace;Games;Console NovaBox X;1;4133.55;0;Cartão de crédito
V000956;2026-05-28;Sul;Marketplace;Áudio e Vídeo;Smart TV 43 4K;2;2274.6;0;Pix
V000957;2026-05-05;Nordeste;Marketplace;Áudio e Vídeo;Smart TV 43 4K;1;2136.82;0;Pix
V000958;2026-08-08;Norte;Aplicativo;Informática;Mouse Sem Fio;18;129.1;0.1;Pix
V000959;2026-05-27;Sudeste;Aplicativo;Celulares;Capa Antichoque;3;72.5;0;Boleto
V000960;2026-03-17;Sudeste;Site;Casa e Cozinha;Sanduicheira Grill;3;177.65;0.08;Cartão de débito
V000961;2026-02-27;Nordeste;Marketplace;Informática;SSD NVMe 1TB;3;517.17;0.05;Cartão de crédito
V000962;2026-02-07;Sul;Site;Casa e Cozinha;Kit Potes Herméticos;3;136.95;0;Boleto
V000963;2026-02-25;Sul;Site;Informática;Monitor 24 IPS;1;939.12;0.2;Pix
V000964;2026-04-20;Sudeste;Aplicativo;Celulares;Smartphone Vega 128GB;1;1476.29;0.2;Cartão de crédito
V000965;2026-08-14;Nordeste;Marketplace;Celulares;Capa Antichoque;2;66.89;0.1;Pix
V000966;2026-08-05;Nordeste;Aplicativo;Informática;Teclado Mecânico;2;366.57;0.1;Cartão de crédito
V000967;2026-03-05;Sudeste;Site;Escritório;Fragmentadora 10 folhas;2;678.32;0;Pix
V000968;2026-04-27;Sul;Aplicativo;Celulares;Fone Bluetooth;2;237.06;0.05;Pix
V000969;2026-03-07;Sudeste;Aplicativo;Casa e Cozinha;Kit Potes Herméticos;8;;0;Boleto
V000970;2026-05-04;Sudeste;Marketplace;Casa e Cozinha;Balança Digital Cozinha;1;86.51;0;Cartão de débito
V000971;2026-03-22;Sudeste;Aplicativo;Informática;Webcam Full HD;2;227.42;0.1;Pix
V000972;2026-01-16;Nordeste;Site;Celulares;Fone Bluetooth;1;261.67;0;Boleto
V000973;2026-02-06;Nordeste;Site;Áudio e Vídeo;Smart TV 43 4K;1;2171.38;0;Cartão de crédito
V000974;2026-03-17;Norte;Aplicativo;Áudio e Vídeo;Smart TV 43 4K;1;2284.97;0;Cartão de débito
V000975;2026-03-09;Sul;Marketplace;Informática;Monitor 24 IPS;2;847.83;0;Boleto
V000976;2026-01-24;Centro-Oeste;Site;Celulares;Fone Bluetooth;2;240.14;0.08;Cartão de crédito
V000977;2026-07-11;Sul;Aplicativo;Casa e Cozinha;Air Fryer 5L;1;;0.15;Cartão de crédito
V000978;2026-01-03;Sul;Aplicativo;Casa e Cozinha;Jogo de Panelas 5 peças;2;443.62;0;Cartão de crédito
V000979;2026-02-02;Centro-Oeste;Aplicativo;Games;Headset 7.1;1;462.36;0.15;Cartão de débito
V000980;2026-07-18;Nordeste;Aplicativo;Casa e Cozinha;Air Fryer 5L;1;485.21;0;Cartão de débito
V000981;2026-04-03;Sudeste;Site;Áudio e Vídeo;Smart TV 55 4K;1;3053.12;0;Cartão de débito
V000982;2026-02-23;Sudeste;Aplicativo;Informática;Webcam Full HD;1;252.09;0;Cartão de crédito
V000983;2026-02-10;Nordeste;Site;Informática;Monitor 24 IPS;3;865.3;0.1;Boleto
V000984;2026-08-02;Sudeste;Aplicativo;Informática;Notebook 15 Pro;1;3897.09;0.05;Cartão de crédito
V000985;2026-03-18;Sul;Aplicativo;Escritório;Mesa Escritório 120cm;1;619.56;0;Pix
V000986;2026-03-15;;Site;Informática;Mouse Sem Fio;1;124.0;0.08;Pix
V000987;2026-03-05;Sudeste;Site;Informática;Mouse Sem Fio;3;123.96;0.1;Boleto
V000988;2026-01-01;Sudeste;Aplicativo;Celulares;Smartphone Vega 128GB;3;1588.23;0;Cartão de crédito
V000989;2026-06-11;Sudeste;Aplicativo;Celulares;Carregador USB-C 30W;1;113.21;0.05;Cartão de débito
V000990;2026-03-04;Sudeste;Aplicativo;Escritório;Cadeira Ergonômica;1;1271.93;0.05;Cartão de crédito
V000991;2026-05-22;Sudeste;Aplicativo;Escritório;Impressora Multifuncional;1;938.4;0.05;Pix
V000992;2026-04-26;Sudeste;Aplicativo;Celulares;Smartphone Vega Max 256GB;3;2498.61;0.15;Pix
V000993;2026-01-09;Sudeste;Aplicativo;Escritório;Papel A4 500 folhas;2;34.59;0.05;Cartão de crédito
V000994;2026-08-08;Sudeste;Site;Celulares;Power Bank 20000mAh;1;242.82;0.1;Cartão de débito
V000995;2026-03-25;Sudeste;Aplicativo;Informática;Monitor 27 QHD;1;1655.22;0.2;Cartão de crédito
V000996;2026-05-29;Sul;Aplicativo;Casa e Cozinha;Sanduicheira Grill;1;190.78;0;Cartão de crédito
V000997;2026-05-16;Norte;Site;Casa e Cozinha;Kit Potes Herméticos;1;131.77;0.12;Pix
V000998;2026-03-07;Norte;Aplicativo;Escritório;Fragmentadora 10 folhas;1;672.94;0.15;Cartão de crédito
V000999;2026-05-21;Nordeste;Aplicativo;Áudio e Vídeo;Smart TV 55 4K;6;3355.3;;Cartão de crédito
V001000;2026-06-08;Norte;Site;Informática;Notebook 15 Pro;2;4072.29;0.15;Pix
V001001;2026-01-01;Sul;Marketplace;Casa e Cozinha;Kit Potes Herméticos;1;136.95;0.05;Cartão de crédito
V001002;2026-06-04;Norte;Marketplace;Casa e Cozinha;Jogo de Panelas 5 peças;1;455.16;0.05;Cartão de crédito
V001003;2026-03-05;Sudeste;Site;Casa e Cozinha;Panela Elétrica 5L;1;409.34;0.05;Cartão de crédito
V001004;2026-05-07;Sudeste;Site;Casa e Cozinha;Air Fryer 5L;1;521.79;0.08;Cartão de crédito
V001005;2026-04-18;Nordeste;Site;Escritório;Luminária LED;1;141.7;0.05;Pix
V001006;2026-08-25;Centro-Oeste;Marketplace;Informática;SSD NVMe 1TB;2;500.44;0.05;Cartão de débito
V001007;2026-06-11;Centro-Oeste;Site;Casa e Cozinha;Liquidificador 1200W;1;269.89;0.2;Pix
V001008;2026-08-13;Sul;Site;Games;Volante Racing;3;1375.4;0.1;Cartão de crédito
V001009;2026-01-23;Sudeste;Site;Informática;Memória DDR4 16GB;2;308.14;0;Cartão de débito
V001010;2026-02-06;Sudeste;Aplicativo;Escritório;Suporte para Notebook;4;106.5;0.12;Pix
V001011;2026-08-14;Sudeste;Site;Celulares;Smartphone Vega 128GB;2;1445.45;0.1;Pix
V001012;2026-01-16;Nordeste;Site;Informática;Notebook 15 Pro;1;3926.88;0;Pix
V001013;2026-04-03;Sudeste;Site;Celulares;Carregador USB-C 30W;1;124.88;0.05;Cartão de crédito
V001014;2026-05-22;Sudeste;Site;Casa e Cozinha;Jogo de Panelas 5 peças;3;405.12;0;Pix
V001015;2026-05-26;Nordeste;Site;Informática;SSD NVMe 1TB;2;540.02;0;Pix
V001016;2026-02-13;Nordeste;Aplicativo;Escritório;Organizador de Mesa;1;71.48;0;Cartão de débito
V001017;2026-06-11;Nordeste;Site;Informática;Notebook 14 Air;1;3295.1;0.1;Cartão de crédito
V001018;2026-07-08;Sudeste;Site;Casa e Cozinha;Cafeteira Programável;1;325.32;0;Cartão de crédito
V001019;2026-05-11;Centro-Oeste;Site;Games;Cadeira Gamer;2;1036.16;0.15;Cartão de débito
V001020;2026-07-10;Sul;Marketplace;Celulares;Power Bank 20000mAh;2;219.91;0.1;Cartão de crédito
V001021;2026-08-05;Sudeste;Site;Casa e Cozinha;Air Fryer 5L;8;515.67;0.2;Cartão de crédito
V001022;2026-06-14;Sudeste;Aplicativo;Celulares;Smartphone Orion Pro 256GB;6;3008.38;0.1;Cartão de débito
V001023;2026-06-21;Sudeste;Marketplace;Áudio e Vídeo;Soundbar 2.1;5;753.37;0.2;Cartão de crédito
V001024;2026-04-10;Sudeste;Aplicativo;Informática;Notebook 14 Air;1;3486.53;0.05;Boleto
V001025;2026-08-08;Sul;Marketplace;Áudio e Vídeo;Smart TV 55 4K;2;3247.17;0.05;Cartão de débito
V001026;2026-02-26;Nordeste;Aplicativo;Casa e Cozinha;Panela Elétrica 5L;1;411.83;0.1;Pix
V001027;2026-08-04;Sudeste;Site;Informática;Mouse Sem Fio;1;133.07;0.08;Cartão de crédito
V001028;2026-02-14;Nordeste;Aplicativo;Informática;Notebook 15 Pro;1;4088.57;0;Cartão de crédito
V001029;2026-06-19;Nordeste;Site;Games;Jogo Corrida Pro;2;319.37;0;Pix
V001030;2026-07-28;Sudeste;Site;Celulares;Smartphone Vega Max 256GB;1;2402.41;0.08;Cartão de débito
V001031;2026-03-16;Sul;Aplicativo;Games;Cadeira Gamer;8;1118.53;0;Cartão de crédito
V001032;2026-04-11;Nordeste;Site;Áudio e Vídeo;Smart TV 43 4K;1;2315.01;0.05;Cartão de débito
V001033;2026-06-06;Sul;Aplicativo;Informática;Memória DDR4 16GB;2;276.7;0;Cartão de crédito
V001034;2026-06-23;Sudeste;Marketplace;Celulares;Smartphone Vega Max 256GB;3;2479.37;0.05;Pix
V001035;2026-03-13;Sudeste;Aplicativo;Casa e Cozinha;Kit Potes Herméticos;1;137.62;0.1;Pix
V001036;2026-08-09;Sudeste;Site;Áudio e Vídeo;Smart TV 43 4K;1;2156.92;0.1;Cartão de débito
V001037;2026-07-30;Sudeste;Marketplace;Escritório;Impressora Multifuncional;2;901.57;0.05;Pix
V001038;2026-05-11;Sudeste;Aplicativo;Celulares;Película 3D;4;42.35;0;Pix
V001039;2026-01-11;Sul;Aplicativo;Celulares;Power Bank 20000mAh;1;218.02;0.1;Cartão de crédito
V001040;2026-08-08;Sudeste;Site;Informática;SSD NVMe 1TB;2;563.88;0.05;Cartão de crédito
V001041;2026-07-20;Nordeste;Marketplace;Casa e Cozinha;Aspirador Vertical;1;544.1;0;Pix
V001042;2026-03-26;Sudeste;Site;Casa e Cozinha;Liquidificador 1200W;1;281.75;0.1;Pix
V001043;2026-04-06;Sudeste;Site;Celulares;Carregador USB-C 30W;1;126.47;0;Cartão de crédito
V001044;2026-02-04;Sudeste;Aplicativo;Games;Headset 7.1;1;434.43;0.12;Cartão de crédito
V001045;2026-03-01;Sudeste;Aplicativo;Escritório;Papel A4 500 folhas;1;34.21;0.08;Pix
V001046;2026-08-13;Sudeste;Aplicativo;Celulares;Smartphone Vega Max 256GB;2;2319.99;0.05;Pix
V001047;2026-06-19;Centro-Oeste;Site;Áudio e Vídeo;Projetor Full HD;10;1958.02;0;Cartão de débito
V001048;2026-04-27;Sul;Site;Informática;SSD SATA 480GB;2;258.3;0.1;Pix
V001049;2026-03-30;Sudeste;Site;Casa e Cozinha;Kit Potes Herméticos;8;128.81;0.15;Cartão de débito
V001050;2026-08-15;Sul;Marketplace;Áudio e Vídeo;Smart TV 43 4K;1;2335.62;0;Cartão de crédito
V001051;2026-01-28;Sudeste;Site;Celulares;Fone Bluetooth;4;266.0;0;Cartão de crédito
V001052;2026-01-11;Sudeste;Site;Informática;SSD NVMe 1TB;1;520.11;0;Cartão de crédito
V001053;2026-03-29;Sudeste;Aplicativo;Games;Jogo Aventura Lendária;2;338.69;0.05;Pix
V001054;2026-05-30;Sudeste;Site;Escritório;Fragmentadora 10 folhas;1;693.8;0.05;Cartão de crédito
V001055;2026-07-06;Sul;Marketplace;Games;Jogo Aventura Lendária;6;340.39;0.1;Cartão de débito
V001056;2026-01-07;Sul;Marketplace;Informática;Notebook 15 Pro;1;4013.48;0.2;Cartão de débito
V001057;2026-08-09;Nordeste;Site;Escritório;Organizador de Mesa;2;68.93;0.2;Cartão de crédito
V001058;2026-07-12;Nordeste;Site;Áudio e Vídeo;Smart TV 55 4K;2;3171.86;0.15;Pix
V001059;2026-01-02;Sul;Aplicativo;Informática;Mochila para Notebook;2;199.75;0.1;Pix
V001060;2026-01-27;Centro-Oeste;Marketplace;Informática;Hub USB-C 8 em 1;4;285.57;0;Cartão de débito
V001061;2026-07-09;Sudeste;Aplicativo;Casa e Cozinha;Air Fryer 5L;1;483.91;0;Cartão de crédito
V001062;2026-06-05;Nordeste;Aplicativo;Casa e Cozinha;Balança Digital Cozinha;2;93.13;;Cartão de crédito
V001063;2026-02-23;Sudeste;Site;Games;Cadeira Gamer;1;1092.95;0.1;Cartão de crédito
V001064;2026-04-28;Sudeste;Marketplace;Informática;Teclado Mecânico;3;330.04;0;Pix
V001065;2026-01-02;Sudeste;Marketplace;Escritório;Mesa Escritório 120cm;2;684.25;0.05;Cartão de débito
V001066;2026-07-13;Centro-Oeste;Site;Casa e Cozinha;Liquidificador 1200W;2;290.92;0.1;Cartão de crédito
V001067;2026-06-04;Sudeste;Site;Áudio e Vídeo;Caixa Bluetooth;1;390.9;0.08;Pix
V001068;2026-04-22;Nordeste;Aplicativo;Celulares;Smartphone Orion Pro 256GB;3;3091.51;0.08;Cartão de crédito
V001069;2026-08-14;Sudeste;Site;Escritório;Mesa Escritório 120cm;1;657.14;0.1;Pix
V001070;2026-05-14;Nordeste;Aplicativo;Informática;Mouse Sem Fio;3;125.3;0.05;Pix
V001071;2026-07-27;Sudeste;Aplicativo;Casa e Cozinha;Sanduicheira Grill;1;171.96;0.1;Cartão de crédito
V001072;2026-07-28;Sudeste;Marketplace;Casa e Cozinha;Panela Elétrica 5L;2;381.47;0.2;Boleto
V001073;2026-02-06;Norte;Site;Informática;Webcam Full HD;1;245.14;0;Boleto
V001074;2026-06-23;Sudeste;Aplicativo;Informática;Mochila para Notebook;4;198.98;0.12;Cartão de crédito
V001075;2026-02-27;Nordeste;Site;Celulares;Smartphone Orion Pro 256GB;1;3077.36;0;Cartão de débito
V001076;2026-07-08;Sudeste;Aplicativo;Informática;Mochila para Notebook;2;186.62;0;Cartão de crédito
V001077;2026-01-25;Sudeste;Marketplace;Casa e Cozinha;Kit Potes Herméticos;2;124.68;0.05;Cartão de crédito
V001078;2026-05-06;Nordeste;Aplicativo;Informática;Memória DDR4 16GB;5;288.32;0.1;Cartão de crédito
V001079;2026-03-14;Sudeste;Marketplace;Escritório;Suporte para Notebook;5;117.17;0;Cartão de crédito
V001080;2026-08-19;Sudeste;Marketplace;Escritório;Cadeira Ergonômica;6;1258.82;0.05;Cartão de crédito
V001081;2026-06-26;Norte;Aplicativo;Informática;Notebook 14 Air;2;3388.98;0.12;Cartão de crédito
V001082;2026-02-14;Centro-Oeste;Site;Celulares;Smartphone Vega Max 256GB;1;2468.09;0;Cartão de débito
V001083;2026-05-19;Sudeste;Aplicativo;Informática;Mochila para Notebook;2;183.48;0;Cartão de crédito
V001084;2026-06-09;Centro-Oeste;Aplicativo;Informática;SSD NVMe 1TB;3;535.13;0.05;Pix
V001085;2026-02-18;Sul;Site;Casa e Cozinha;Aspirador Vertical;1;536.0;0.1;Cartão de débito
V001086;2026-04-10;Centro-Oeste;Site;Escritório;Mesa Escritório 120cm;2;626.24;0.1;Cartão de crédito
V001087;2026-01-12;Sudeste;Site;Celulares;Capa Antichoque;1;68.4;0.05;Cartão de crédito
V001088;2026-07-13;Sudeste;Marketplace;Games;Jogo Aventura Lendária;1;360.52;0.05;Cartão de crédito
V001089;2026-02-27;Nordeste;Site;Informática;Notebook 15 Pro;1;4146.88;0.2;Cartão de crédito
V001090;2026-07-04;Sul;Aplicativo;Escritório;Cadeira Ergonômica;2;1222.57;0.2;Cartão de crédito
V001091;2026-03-16;Centro-Oeste;Aplicativo;Escritório;Organizador de Mesa;4;72.81;0.1;Cartão de crédito
V001092;2026-07-29;Nordeste;Marketplace;Casa e Cozinha;Jogo de Panelas 5 peças;1;415.48;0.1;Cartão de crédito
V001093;2026-04-18;Sul;Site;Informática;Mochila para Notebook;2;182.19;0;Cartão de crédito
V001094;2026-06-14;Sudeste;Site;Casa e Cozinha;Liquidificador 1200W;1;276.74;0.08;Pix
V001095;2026-02-06;Sul;Aplicativo;Informática;Teclado Mecânico;4;337.11;0.08;Pix
V001096;2026-04-03;Centro-Oeste;Site;Áudio e Vídeo;Smart TV 43 4K;1;2250.93;0.08;Cartão de débito
V001097;2026-08-30;Nordeste;Marketplace;Celulares;Smartphone Vega Max 256GB;1;2392.3;0;Cartão de crédito
V001098;2026-08-15;Sul;Site;Áudio e Vídeo;Caixa Bluetooth;3;423.83;0;Cartão de crédito
V001099;2026-03-20;Centro-Oeste;Aplicativo;Áudio e Vídeo;Microfone USB;4;343.1;0.05;Cartão de crédito
V001100;2026-02-14;Centro-Oeste;Aplicativo;Games;Jogo Corrida Pro;1;314.19;0.08;Cartão de crédito
V001101;2026-02-06;Centro-Oeste;Aplicativo;Celulares;Carregador USB-C 30W;1;124.63;0.1;Pix
V001102;2026-02-27;Sudeste;Aplicativo;Informática;Monitor 24 IPS;3;848.1;0;Pix
V001103;2026-01-11;Centro-Oeste;Site;Informática;Memória DDR4 16GB;6;283.55;0.2;Cartão de débito
V001104;2026-08-01;Sudeste;Aplicativo;Casa e Cozinha;Panela Elétrica 5L;4;406.96;0;Cartão de crédito
V001105;2026-03-10;Nordeste;Marketplace;Áudio e Vídeo;Suporte TV Articulado;5;174.18;0.05;Cartão de crédito
V001106;2026-06-03;Sul;Site;Celulares;Smartphone Vega 128GB;2;1494.14;0;Pix
V001107;2026-04-10;Sudeste;Marketplace;Informática;Mochila para Notebook;1;194.33;0.05;Pix
V001108;2026-04-03;Sudeste;Site;Áudio e Vídeo;Caixa Bluetooth;4;375.92;0;Boleto
V001109;2026-03-11;Centro-Oeste;Marketplace;Escritório;Papel A4 500 folhas;1;37.08;0.05;Cartão de crédito
V001110;2026-01-22;Sudeste;Marketplace;Celulares;Smartphone Orion 128GB;2;1697.17;0;Pix
V001111;2026-04-07;Sul;Aplicativo;Celulares;Carregador USB-C 30W;1;127.6;0.2;Pix
V001112;2026-04-05;Sudeste;Aplicativo;Informática;Monitor 24 IPS;1;852.6;0.12;Pix
V001113;2026-03-06;Sudeste;Site;Casa e Cozinha;Liquidificador 1200W;1;298.8;0.1;Cartão de crédito
V001114;2026-02-08;Sul;Site;Games;Jogo Aventura Lendária;3;333.46;0.08;Cartão de crédito
V001115;2026-07-19;Centro-Oeste;Aplicativo;Informática;SSD NVMe 1TB;2;566.82;0.1;Cartão de débito
V001116;2026-04-14;Nordeste;Marketplace;Celulares;Película 3D;2;41.52;0.1;Pix
V001117;2026-01-24;Sudeste;Site;Casa e Cozinha;Jogo de Panelas 5 peças;1;413.94;0.05;Pix
V001118;2026-05-04;Centro-Oeste;Site;Áudio e Vídeo;Headset Gamer;1;275.47;0.1;Cartão de crédito
V001119;2026-04-16;Sudeste;Site;Casa e Cozinha;Balança Digital Cozinha;1;88.87;0.05;Pix
V001120;2026-03-17;Centro-Oeste;Site;Informática;Webcam Full HD;1;242.83;0.1;Pix
V001121;2026-01-27;Nordeste;Site;Escritório;Luminária LED;1;148.58;0;Cartão de crédito
V001122;2026-05-24;Sudeste;Site;Informática;Webcam Full HD;2;225.86;0.1;Cartão de crédito
V001123;2026-08-08;Sudeste;Site;Informática;SSD SATA 480GB;1;270.26;0.12;Cartão de crédito
V001124;2026-02-22;Centro-Oeste;Site;Celulares;Smartphone Vega Max 256GB;2;2561.34;0.1;Cartão de débito
V001125;2026-06-21;Sudeste;Site;Celulares;Carregador USB-C 30W;1;117.47;0;Cartão de crédito
V001126;2026-07-11;Sudeste;Site;Games;Controle Sem Fio;2;412.94;0.08;Cartão de crédito
V001127;2026-08-20;Nordeste;Aplicativo;Informática;Notebook 15 Pro;3;3743.49;0.05;Cartão de crédito
V001128;2026-06-23;Sudeste;Aplicativo;Casa e Cozinha;Panela Elétrica 5L;1;413.96;0.05;Cartão de crédito
V001129;2026-03-26;Centro-Oeste;Marketplace;Games;Jogo Aventura Lendária;1;371.59;0.05;Pix
V001130;2026-03-27;Sudeste;Site;Informática;Memória DDR4 16GB;2;280.61;0;Cartão de crédito
V001131;2026-03-15;Sudeste;Marketplace;Escritório;Luminária LED;1;148.42;0.2;Pix
V001132;2026-08-14;Nordeste;Aplicativo;Celulares;Carregador USB-C 30W;1;122.06;;Pix
V001133;2026-01-04;Sudeste;Site;Informática;Hub USB-C 8 em 1;5;267.55;0.1;Cartão de crédito
V001134;2026-02-22;Centro-Oeste;Site;Casa e Cozinha;Aspirador Vertical;1;545.03;0;Cartão de débito
V001135;2026-01-03;Sudeste;Site;Áudio e Vídeo;Suporte TV Articulado;1;174.46;0.05;Pix
V001136;2026-06-30;Nordeste;Aplicativo;Celulares;Smartphone Vega Max 256GB;1;2316.88;0.15;Cartão de crédito
V001137;2026-03-17;Sudeste;Marketplace;Informática;Monitor 27 QHD;8;1552.96;0.05;Cartão de crédito
V001138;2026-04-17;Sudeste;Aplicativo;Informática;Webcam Full HD;2;230.88;0;Cartão de crédito
V001139;2026-03-03;Sudeste;Site;Informática;Teclado Mecânico;2;373.53;0.2;Pix
V001140;2026-04-19;Centro-Oeste;Site;Áudio e Vídeo;Soundbar 2.1;1;807.88;0;Cartão de débito
V001141;2026-01-06;Sudeste;Site;Games;Jogo Aventura Lendária;1;337.96;0;Cartão de crédito
V001142;2026-03-21;Sul;Site;Games;Headset 7.1;1;479.82;0;Cartão de crédito
V001143;2026-01-25;Sul;Aplicativo;Informática;SSD SATA 480GB;1;282.84;0.12;Cartão de débito
V001144;2026-04-29;Sul;Site;Escritório;Cadeira Ergonômica;1;1140.71;0.1;Cartão de crédito
V001145;2026-01-27;Sul;Marketplace;Informática;Notebook 15 Pro;1;3772.17;0;Pix
V001146;2026-03-04;Nordeste;Site;Informática;SSD NVMe 1TB;4;517.2;0.05;Cartão de crédito
V001147;2026-05-28;Nordeste;Site;Escritório;Suporte para Notebook;2;116.72;0.12;Cartão de crédito
V001148;2026-02-26;Nordeste;Site;Celulares;Fone Bluetooth;1;256.45;0.05;Pix
V001149;2026-07-08;Sudeste;Marketplace;Informática;SSD NVMe 1TB;5;508.21;0;Pix
V001150;2026-01-09;Sul;Site;Escritório;Mesa Escritório 120cm;2;630.9;0;Cartão de crédito
V001151;2026-05-30;Sul;Site;Celulares;Carregador USB-C 30W;1;118.61;0.08;Cartão de débito
V001152;2026-02-21;Norte;Site;Escritório;Fragmentadora 10 folhas;1;677.52;0;Pix
V001153;2026-07-24;Nordeste;Site;Escritório;Suporte para Notebook;2;112.96;0;Cartão de crédito
V001154;2026-07-11;Nordeste;Aplicativo;Informática;Monitor 27 QHD;1;1587.16;0.2;Pix
V001155;2026-06-17;Nordeste;Site;Games;Controle Sem Fio;3;421.12;0.15;Cartão de débito
V001156;2026-02-24;Centro-Oeste;Site;Celulares;Smartphone Vega 128GB;1;1476.36;0;Pix
V001157;2026-03-27;Sul;Aplicativo;Informática;Webcam Full HD;1;247.53;0;Cartão de crédito
V001158;2026-01-21;Sudeste;Aplicativo;Informática;Monitor 24 IPS;3;859.46;0.05;Cartão de débito
V001159;2026-06-06;Nordeste;Aplicativo;Escritório;Suporte para Notebook;2;104.03;0;Cartão de crédito
V001160;2026-03-09;Sudeste;Site;Áudio e Vídeo;Smart TV 55 4K;2;3264.63;0.15;Cartão de crédito
V001161;2026-01-11;Sul;Site;Informática;Monitor 27 QHD;2;1559.61;0;Pix
V001162;2026-08-14;Sul;Site;Celulares;Smartphone Vega Max 256GB;2;2560.06;0;Cartão de débito
V001163;2026-06-25;Nordeste;Site;Celulares;Smartphone Orion 128GB;1;1903.88;0;Cartão de crédito
V001164;2026-03-23;Centro-Oeste;Site;Informática;Notebook 15 Pro;1;3999.9;0.05;Pix
V001165;2026-05-15;Sudeste;Aplicativo;Games;Controle Sem Fio;1;380.46;0.12;Cartão de débito
V001166;2026-06-18;Sul;Aplicativo;Celulares;Smartphone Vega 128GB;2;1539.68;0;Pix
V001167;2026-05-21;Norte;Site;Celulares;Fone Bluetooth;4;250.39;0.05;Pix
V001168;2026-04-02;Sudeste;Site;Celulares;Capa Antichoque;3;70.49;0.15;Pix
V001169;2026-03-21;Sul;Aplicativo;Informática;Monitor 24 IPS;2;925.23;0.05;Pix
V001170;2026-07-29;Sudeste;Aplicativo;Áudio e Vídeo;Smart TV 43 4K;1;2190.93;0.1;Pix
V001171;2026-08-23;Sul;Site;Celulares;Smartphone Vega 128GB;2;1511.95;0;Pix
V001172;2026-02-10;Sul;Marketplace;Informática;SSD NVMe 1TB;1;530.23;0;Cartão de crédito
V001173;2026-05-20;Sudeste;Site;Informática;Hub USB-C 8 em 1;3;293.36;0.15;Cartão de crédito
V001174;2026-01-20;Sudeste;Site;Games;Jogo Corrida Pro;10;282.7;0.08;Cartão de crédito
V001175;2026-04-09;Sudeste;Aplicativo;Casa e Cozinha;Air Fryer 5L;1;472.9;0.15;Cartão de crédito
V001176;2026-02-27;Sul;Aplicativo;Informática;Hub USB-C 8 em 1;1;270.93;0;Pix
V001177;2026-08-29;Norte;Site;Celulares;Smartphone Vega 128GB;1;1418.9;0.1;Cartão de crédito
V001178;2026-06-09;Sudeste;Aplicativo;Informática;SSD SATA 480GB;1;257.85;0.15;Pix
V001179;2026-06-04;Nordeste;Marketplace;Celulares;Capa Antichoque;2;66.49;0;Cartão de crédito
V001180;2026-05-06;Norte;Site;Casa e Cozinha;Sanduicheira Grill;1;179.27;0.2;Cartão de crédito
V001181;2026-07-10;Sul;Site;Celulares;Película 3D;1;38.55;0.15;Cartão de crédito
V001182;2026-07-21;Sul;Site;Celulares;Smartphone Vega 128GB;1;1435.23;0;Cartão de crédito
V001183;2026-06-13;Sudeste;Site;Informática;Mochila para Notebook;2;202.65;0;Cartão de crédito
V001184;2026-08-25;Sudeste;Site;Casa e Cozinha;Balança Digital Cozinha;1;84.66;0.1;Cartão de débito
V001185;2026-04-18;Sudeste;Aplicativo;Casa e Cozinha;Jogo de Panelas 5 peças;1;415.79;0;Pix
V001186;2026-03-12;Sudeste;Marketplace;Casa e Cozinha;Kit Potes Herméticos;2;135.48;0.05;Boleto
V001187;2026-05-30;Sudeste;Aplicativo;Celulares;Capa Antichoque;2;68.86;0;Cartão de crédito
V001188;2026-08-29;Sudeste;Marketplace;Áudio e Vídeo;Microfone USB;2;384.86;0.1;Pix
V001189;2026-01-22;Sudeste;Site;Celulares;Fone Bluetooth;8;252.53;0.05;Pix
V001190;2026-01-29;Nordeste;Aplicativo;Informática;Memória DDR4 16GB;1;303.38;0;Cartão de crédito
V001191;2026-01-30;Sudeste;Site;Áudio e Vídeo;Headset Gamer;1;290.35;0;Pix
V001192;2026-01-02;Centro-Oeste;Site;Casa e Cozinha;Panela Elétrica 5L;2;376.43;0;Cartão de crédito
V001193;2026-04-22;Sul;Marketplace;Celulares;Power Bank 20000mAh;1;232.39;0;Cartão de crédito
V001194;2026-04-01;Norte;Aplicativo;Casa e Cozinha;Kit Potes Herméticos;1;129.35;0;Cartão de crédito
V001195;2026-05-21;;Site;Casa e Cozinha;Air Fryer 5L;2;506.15;0.05;Cartão de crédito
V001196;2026-05-11;Sudeste;Site;Celulares;Carregador USB-C 30W;4;117.98;0.1;Cartão de crédito
V001197;2026-02-01;Sudeste;Site;Informática;Mochila para Notebook;1;191.17;0.08;Pix
V001198;2026-02-25;Sul;Site;Games;Controle Sem Fio;2;400.76;0;Cartão de crédito
V001199;2026-04-10;Sul;Site;Informática;Monitor 24 IPS;1;886.44;0.05;Cartão de crédito
V001200;2026-06-12;Sudeste;Aplicativo;Casa e Cozinha;Jogo de Panelas 5 peças;1;447.07;0;Cartão de débito
V001201;2026-05-16;Centro-Oeste;Marketplace;Escritório;Impressora Multifuncional;5;864.79;0;Pix
V001202;2026-04-02;Sudeste;Site;Celulares;Fone Bluetooth;2;266.93;0.12;Cartão de débito
V001203;2026-08-19;Sudeste;Site;Casa e Cozinha;Panela Elétrica 5L;1;378.38;0.08;Cartão de débito
V001204;2026-04-25;Sudeste;Site;Escritório;Organizador de Mesa;1;73.28;0;Cartão de débito
V001205;2026-07-24;Sul;Aplicativo;Áudio e Vídeo;Smart TV 55 4K;1;3337.39;0;Cartão de crédito
V001206;2026-03-26;Sudeste;Site;Celulares;Smartphone Vega 128GB;3;1448.13;0.08;Cartão de débito
V001207;2026-08-21;Centro-Oeste;Marketplace;Informática;SSD NVMe 1TB;3;530.25;0.05;Cartão de débito
V001208;2026-08-13;Sul;Site;Informática;Hub USB-C 8 em 1;2;285.36;0.08;Pix
V001209;2026-01-24;Nordeste;Marketplace;Informática;Mochila para Notebook;2;185.31;0.08;Cartão de crédito
V001210;2026-02-06;Sudeste;Site;Casa e Cozinha;Kit Potes Herméticos;2;122.55;0;Cartão de débito
V001211;2026-04-27;Sudeste;Marketplace;Escritório;Cadeira Ergonômica;3;1274.18;0;Cartão de crédito
V001212;2026-04-22;Sudeste;Aplicativo;Áudio e Vídeo;Suporte TV Articulado;1;168.44;0.1;Cartão de débito
V001213;2026-08-06;Norte;Aplicativo;Informática;SSD NVMe 1TB;1;508.52;0.15;Cartão de crédito
V001214;2026-01-08;Nordeste;Marketplace;Informática;SSD NVMe 1TB;3;544.74;0.2;Pix
V001215;2026-02-07;Sudeste;Site;Celulares;Capa Antichoque;1;66.78;0.1;Cartão de crédito
V001216;2026-08-22;Sudeste;Marketplace;Escritório;Mesa Escritório 120cm;2;645.35;0;Cartão de crédito
V001217;2026-07-04;Centro-Oeste;Aplicativo;Celulares;Smartphone Orion 128GB;2;1772.72;0.08;Cartão de crédito
V001218;2026-02-08;Sudeste;Aplicativo;Escritório;Luminária LED;1;136.0;0.12;Pix
V001219;2026-02-27;Sudeste;Site;Celulares;Capa Antichoque;1;72.29;;Cartão de débito
V001220;2026-06-22;Sudeste;Site;Casa e Cozinha;Sanduicheira Grill;2;169.95;0.15;Boleto
V001221;2026-07-01;Sudeste;Site;Casa e Cozinha;Jogo de Panelas 5 peças;1;410.44;0.08;Cartão de débito
V001222;2026-02-11;Centro-Oeste;Marketplace;Celulares;Carregador USB-C 30W;1;114.35;0;Cartão de crédito
V001223;2026-07-13;Centro-Oeste;Site;Áudio e Vídeo;Smart TV 43 4K;1;2077.34;0.1;Cartão de crédito
V001224;2026-06-02;Nordeste;Aplicativo;Informática;Memória DDR4 16GB;1;304.86;0.12;Pix
V001225;2026-03-17;Nordeste;Aplicativo;Escritório;Organizador de Mesa;2;72.3;0;Pix
V001226;2026-03-10;Sudeste;Site;Áudio e Vídeo;Smart TV 55 4K;6;3044.91;0.05;Cartão de débito
V001227;2026-02-20;Nordeste;Marketplace;Celulares;Carregador USB-C 30W;1;122.98;0.08;Pix
V001228;2026-01-19;Sudeste;Aplicativo;Celulares;Smartphone Orion 128GB;1;1822.98;0.1;Pix
V001229;2026-07-11;Centro-Oeste;Marketplace;Escritório;Impressora Multifuncional;2;872.16;0.05;Cartão de crédito
V001230;2026-07-17;Sul;Site;Escritório;Organizador de Mesa;1;72.9;0.1;Cartão de crédito
V001231;2026-06-10;Sudeste;Aplicativo;Informática;Memória DDR4 16GB;3;284.72;0.1;Cartão de débito
V001232;2026-01-18;Nordeste;Marketplace;Escritório;Fragmentadora 10 folhas;1;731.28;0.12;Pix
V001233;2026-08-03;Nordeste;Site;Áudio e Vídeo;Smart TV 43 4K;1;2127.39;0.2;Cartão de crédito
V001234;2026-07-31;Nordeste;Aplicativo;Áudio e Vídeo;Projetor Full HD;4;1918.94;0.15;Pix
V001235;2026-06-03;Sudeste;Marketplace;Informática;Teclado Mecânico;2;337.37;0;Boleto
V001236;2026-01-06;Nordeste;Aplicativo;Informática;SSD NVMe 1TB;1;547.66;0.08;Cartão de crédito
V001237;2026-08-24;Sudeste;Marketplace;Áudio e Vídeo;Caixa Bluetooth;2;406.68;0;Pix
V001238;2026-07-05;Centro-Oeste;Site;Celulares;Smartphone Orion 128GB;1;1724.46;0.2;Cartão de crédito
V001239;2026-07-06;Sul;Aplicativo;Games;Console PlaySphere 5;2;4528.48;0.12;Cartão de débito
V001240;2026-01-11;Sudeste;Marketplace;Games;Headset 7.1;8;433.42;0.08;Boleto
V001241;2026-02-08;Nordeste;Marketplace;Informática;Hub USB-C 8 em 1;4;280.78;0.2;Cartão de crédito
V001242;2026-06-29;Sudeste;Site;Informática;SSD SATA 480GB;1;267.38;0.1;Pix
V001243;2026-03-17;Sul;Aplicativo;Casa e Cozinha;Liquidificador 1200W;1;297.59;0;Cartão de crédito
V001244;2026-08-26;Sudeste;Aplicativo;Casa e Cozinha;Kit Potes Herméticos;2;123.23;0.05;Cartão de crédito
V001245;2026-06-19;Centro-Oeste;Site;Áudio e Vídeo;Headset Gamer;1;307.75;0.05;Cartão de débito
V001246;2026-08-19;Nordeste;Site;Celulares;Smartphone Orion 128GB;3;1907.25;0;Cartão de crédito
V001247;2026-03-29;Sul;Site;Informática;SSD NVMe 1TB;1;548.78;0;Cartão de crédito
V001248;2026-04-04;Nordeste;Aplicativo;Games;Jogo Aventura Lendária;1;330.91;0.2;Cartão de crédito
V001249;2026-06-21;Nordeste;Marketplace;Informática;Webcam Full HD;1;250.87;0.08;Cartão de crédito
V001250;2026-07-21;Sudeste;Aplicativo;Informática;Webcam Full HD;2;252.92;0.1;Pix
V001251;2026-03-11;Centro-Oeste;Site;Games;Volante Racing;1;1354.11;0.15;Pix
V001252;2026-03-23;Centro-Oeste;Aplicativo;Casa e Cozinha;Cafeteira Programável;1;341.68;0.08;Pix
V001253;2026-01-24;Sul;Site;Celulares;Smartphone Orion 128GB;6;1896.22;0.15;Pix
V001254;2026-04-16;Sudeste;Aplicativo;Celulares;Smartphone Vega Max 256GB;1;2438.01;0.12;Cartão de crédito
V001255;2026-07-06;Centro-Oeste;Marketplace;Informática;SSD SATA 480GB;4;272.1;0.1;Cartão de crédito
V001256;2026-05-13;Nordeste;Site;Games;Headset 7.1;1;480.82;0;Cartão de crédito
V001257;2026-07-06;Sul;Site;Informática;Mochila para Notebook;1;187.8;0;Cartão de crédito
V001258;2026-03-21;Sudeste;Aplicativo;Escritório;Organizador de Mesa;2;74.61;0.08;Cartão de crédito
V001259;2026-06-19;Sul;Site;Informática;SSD NVMe 1TB;4;551.54;0;Cartão de crédito
V001260;2026-01-27;Sudeste;Aplicativo;Casa e Cozinha;Air Fryer 5L;1;521.78;0.05;Pix
V001261;2026-01-17;Sudeste;Site;Informática;Mouse Sem Fio;1;130.85;0.15;Cartão de crédito
V001262;2026-07-17;Norte;Aplicativo;Celulares;Smartphone Orion Pro 256GB;2;2980.79;0.05;Cartão de crédito
V001263;2026-01-24;Sudeste;Marketplace;Celulares;Fone Bluetooth;1;264.44;0.2;Pix
V001264;2026-06-30;Sudeste;Aplicativo;Informática;Monitor 27 QHD;1;1693.48;0.05;Cartão de débito
V001265;2026-02-16;Sul;Aplicativo;Celulares;Smartphone Orion Pro 256GB;1;2802.68;0;Pix
V001266;2026-04-26;Centro-Oeste;Aplicativo;Escritório;Suporte para Notebook;8;110.78;0.2;Cartão de crédito
V001267;2026-03-26;Sudeste;Site;Informática;Webcam Full HD;1;245.19;0;Pix
V001268;2026-02-07;;Aplicativo;Escritório;Impressora Multifuncional;1;939.44;0;Pix
V001269;2026-03-21;Centro-Oeste;Site;Games;Volante Racing;1;1300.76;0.1;Pix
V001270;2026-04-08;Nordeste;Site;Áudio e Vídeo;Suporte TV Articulado;1;163.0;0;Cartão de crédito
V001271;2026-02-24;Sudeste;Aplicativo;Celulares;Fone Bluetooth;2;245.71;0;Cartão de crédito
V001272;2026-04-16;Nordeste;Site;Escritório;Impressora Multifuncional;1;933.02;0.2;Cartão de crédito
V001273;2026-03-26;Centro-Oeste;Site;Áudio e Vídeo;Projetor Full HD;1;1791.77;0.1;Cartão de crédito
V001274;2026-03-04;Sul;Aplicativo;Casa e Cozinha;Balança Digital Cozinha;2;94.56;0.08;Pix
V001275;2026-02-16;Sudeste;Site;Escritório;Fragmentadora 10 folhas;3;696.6;0;Cartão de crédito
V001276;2026-07-02;Sul;Aplicativo;Informática;Mochila para Notebook;2;181.47;0;Cartão de crédito
V001277;2026-04-04;Sudeste;Marketplace;Informática;Notebook 15 Pro;1;3860.97;0.1;Pix
V001278;2026-05-19;Sudeste;Aplicativo;Informática;Notebook 14 Air;1;3410.87;0.08;Pix
V001279;2026-01-10;Sul;Aplicativo;Áudio e Vídeo;Headset Gamer;1;307.23;0;Cartão de crédito
V001280;2026-02-20;Sudeste;Site;Informática;Monitor 24 IPS;1;887.91;0.05;Cartão de crédito
V001281;2026-06-14;Nordeste;Marketplace;Celulares;Fone Bluetooth;1;259.34;0.08;Pix
V001282;2026-01-05;Nordeste;Aplicativo;Games;Cadeira Gamer;3;1044.41;0.15;Cartão de débito
V001283;2026-05-23;Sudeste;Site;Games;Controle Sem Fio;1;422.23;0.15;Pix
V001284;2026-04-09;Sudeste;Marketplace;Informática;Teclado Mecânico;3;345.28;0.12;Cartão de débito
V001285;2026-05-27;Sul;Site;Celulares;Capa Antichoque;1;68.56;0.1;Pix
V001286;2026-03-14;Sul;Site;Áudio e Vídeo;Headset Gamer;1;293.23;0.05;Cartão de débito
V001287;2026-08-21;Sudeste;Aplicativo;Games;Console PlaySphere 5;1;4573.58;0.05;Cartão de crédito
V001288;2026-02-24;Sul;Site;Informática;Notebook 14 Air;2;3403.69;0;Cartão de crédito
V001289;2026-06-20;Nordeste;Aplicativo;Casa e Cozinha;Air Fryer 5L;2;509.09;0.12;Cartão de crédito
V001290;2026-02-03;Sudeste;Aplicativo;Áudio e Vídeo;Caixa Bluetooth;5;386.93;0.08;Pix
V001291;2026-03-18;Centro-Oeste;Site;Casa e Cozinha;Panela Elétrica 5L;1;367.43;0;Pix
V001292;2026-04-22;Nordeste;Site;Informática;Monitor 27 QHD;1;1643.22;0.08;Cartão de débito
V001293;2026-04-08;Nordeste;Site;Escritório;Suporte para Notebook;1;116.93;0.2;Pix
V001294;2026-06-09;Norte;Site;Celulares;Carregador USB-C 30W;1;119.69;0;Pix
V001295;2026-07-07;Sudeste;Site;Escritório;Suporte para Notebook;2;104.86;0.1;Pix
V001296;2026-08-13;Sudeste;Aplicativo;Informática;Mochila para Notebook;1;202.48;0;Pix
V001297;2026-07-28;Nordeste;Site;Áudio e Vídeo;Smart TV 43 4K;1;2214.68;0.08;Cartão de crédito
V001298;2026-03-04;Sudeste;Site;Casa e Cozinha;Kit Potes Herméticos;1;129.27;0.05;Pix
V001299;2026-07-07;Sudeste;Aplicativo;Áudio e Vídeo;Suporte TV Articulado;1;171.64;0;Cartão de crédito
V001300;2026-06-28;Sul;Marketplace;Informática;Mochila para Notebook;2;202.44;0.05;Cartão de crédito
V001301;2026-01-15;Sul;Site;Celulares;Capa Antichoque;1;73.23;0.08;Cartão de crédito
V001302;2026-03-23;Sul;Site;Celulares;Smartphone Vega 128GB;1;1591.41;0.08;Cartão de crédito
V001303;2026-05-20;Norte;Marketplace;Informática;SSD SATA 480GB;10;261.72;0;Pix
V001304;2026-05-16;Norte;Aplicativo;Informática;Mouse Sem Fio;1;127.05;0;Cartão de débito
V001305;2026-06-09;Centro-Oeste;Aplicativo;Informática;Monitor 24 IPS;1;910.98;0;Cartão de crédito
V001306;2026-04-05;Sudeste;Site;Celulares;Capa Antichoque;1;70.48;0.08;Boleto
V001307;2026-04-09;Norte;Site;Escritório;Mesa Escritório 120cm;2;615.41;0.1;Cartão de crédito
V001308;2026-02-05;Sul;Site;Informática;Hub USB-C 8 em 1;3;279.2;0.08;Pix
V001309;2026-01-24;Sul;Aplicativo;Celulares;Capa Antichoque;1;70.21;0.2;Pix
V001310;2026-04-04;Nordeste;Site;Áudio e Vídeo;Projetor Full HD;4;2025.4;0.08;Cartão de crédito
V001311;2026-06-24;;Site;Celulares;Smartphone Orion 128GB;1;1722.65;0.05;Cartão de crédito
V001312;2026-05-28;Sudeste;Aplicativo;Informática;Notebook 15 Pro;2;3915.59;0.08;Cartão de crédito
V001313;2026-02-17;Sudeste;Site;Celulares;Capa Antichoque;3;74.37;0.1;Cartão de crédito
V001314;2026-06-10;Sudeste;Site;Celulares;Película 3D;1;40.01;0.08;Cartão de crédito
V001315;2026-06-10;Sudeste;Site;Celulares;Smartphone Orion 128GB;3;1694.07;0.12;Cartão de crédito
V001316;2026-08-11;Sudeste;Site;Informática;Memória DDR4 16GB;1;;0;Pix
V001317;2026-04-21;Nordeste;Site;Informática;Notebook 15 Pro;1;3918.74;0;Cartão de crédito
V001318;2026-05-12;Centro-Oeste;Aplicativo;Celulares;Carregador USB-C 30W;5;113.53;0;Cartão de crédito
V001319;2026-05-15;Sul;Aplicativo;Celulares;Película 3D;4;38.03;0.08;Pix
V001320;2026-07-04;Centro-Oeste;Site;Casa e Cozinha;Aspirador Vertical;1;532.26;0;Pix
V001321;2026-07-17;Nordeste;Site;Informática;Notebook 14 Air;2;3298.24;0;Cartão de crédito
V001322;2026-02-20;Nordeste;Site;Casa e Cozinha;Aspirador Vertical;2;548.04;0.08;Cartão de crédito
V001323;2026-08-24;Centro-Oeste;Site;Informática;Monitor 24 IPS;2;935.05;0.15;Pix
V001324;2026-05-14;Sudeste;Site;Áudio e Vídeo;Smart TV 55 4K;1;3126.74;0;Pix
V001325;2026-03-11;Norte;Site;Informática;Mouse Sem Fio;1;125.63;0;Cartão de débito
V001326;2026-01-17;Norte;Site;Informática;Monitor 24 IPS;1;868.42;0.1;Cartão de crédito
V001327;2026-07-04;Sudeste;Site;Informática;Memória DDR4 16GB;2;290.7;0;Cartão de crédito
V001328;2026-01-14;Centro-Oeste;Aplicativo;Informática;Hub USB-C 8 em 1;2;264.89;0.1;Cartão de crédito
V001329;2026-05-19;Centro-Oeste;Site;Celulares;Smartphone Vega Max 256GB;2;2400.62;0;Pix
V001330;2026-04-15;Nordeste;Site;Celulares;Fone Bluetooth;1;267.08;0.08;Cartão de crédito
V001331;2026-04-08;Sudeste;Site;Áudio e Vídeo;Smart TV 43 4K;3;2286.79;0;Cartão de crédito
V001332;2026-04-10;Centro-Oeste;Aplicativo;Informática;Mouse Sem Fio;1;130.42;0;Pix
V001333;2026-05-01;Sudeste;Site;Áudio e Vídeo;Projetor Full HD;1;1987.33;0;Cartão de crédito
V001334;2026-01-18;Centro-Oeste;Site;Áudio e Vídeo;Soundbar 2.1;1;850.42;0.05;Pix
V001335;2026-08-12;Sudeste;Site;Escritório;Papel A4 500 folhas;2;33.48;0.08;Pix
V001336;2026-04-04;Nordeste;Site;Informática;Webcam Full HD;1;228.67;0.08;Pix
V001337;2026-03-19;Centro-Oeste;Site;Escritório;Impressora Multifuncional;1;898.33;0.08;Cartão de crédito
V001338;2026-05-13;Sul;Site;Games;Headset 7.1;2;465.49;0.08;Cartão de crédito
V001339;2026-04-16;Centro-Oeste;Aplicativo;Informática;Webcam Full HD;2;225.55;0.05;Cartão de crédito
V001340;2026-08-08;Sudeste;Site;Casa e Cozinha;Panela Elétrica 5L;1;388.57;0.12;Cartão de crédito
V001341;2026-07-17;Sudeste;Site;Áudio e Vídeo;Suporte TV Articulado;1;178.38;0.1;Cartão de crédito
V001342;2026-05-02;Nordeste;Aplicativo;Casa e Cozinha;Air Fryer 5L;2;472.74;0;Cartão de crédito
V001343;2026-01-19;Nordeste;Site;Escritório;Mesa Escritório 120cm;2;688.45;0;Boleto
V001344;2026-08-12;Sul;Aplicativo;Games;Headset 7.1;1;484.61;0;Pix
V001345;2026-07-30;Centro-Oeste;Site;Games;Volante Racing;1;1307.05;0.05;Cartão de crédito
V001346;2026-03-29;Sudeste;Site;Escritório;Papel A4 500 folhas;2;34.89;0.15;Cartão de débito
V001347;2026-06-29;Sudeste;Site;Informática;Memória DDR4 16GB;1;285.58;0.08;Cartão de crédito
V001348;2026-07-14;Sul;Aplicativo;Escritório;Impressora Multifuncional;3;913.16;0.05;Cartão de débito
V001349;2026-03-26;Sul;Site;Casa e Cozinha;Air Fryer 5L;3;510.4;0.1;Boleto
V001350;2026-07-20;Sudeste;Site;Casa e Cozinha;Panela Elétrica 5L;1;388.99;0.05;Cartão de crédito
V001351;2026-03-12;Sudeste;Site;Escritório;Suporte para Notebook;3;105.09;0.12;Boleto
V001352;2026-02-20;Sudeste;Site;Celulares;Power Bank 20000mAh;2;225.5;0.08;Pix
V001353;2026-04-14;Sudeste;Aplicativo;Informática;Mochila para Notebook;2;199.53;0.05;Pix
V001354;2026-04-02;Norte;Marketplace;Áudio e Vídeo;Smart TV 55 4K;2;3178.75;0.1;Cartão de crédito
V001355;2026-07-31;Nordeste;Aplicativo;Casa e Cozinha;Kit Potes Herméticos;1;126.14;0.15;Cartão de crédito
V001356;2026-04-23;Sudeste;Site;Celulares;Smartphone Orion Pro 256GB;15;2861.14;0.05;Cartão de crédito
V001357;2026-07-22;Nordeste;Site;Games;Volante Racing;1;1346.08;0.08;Cartão de crédito
V001358;2026-01-07;Sudeste;Site;Celulares;Capa Antichoque;5;67.11;0;Cartão de crédito
V001359;2026-02-22;Sul;Aplicativo;Escritório;Organizador de Mesa;3;71.64;0.15;Cartão de crédito
V001360;2026-03-06;Centro-Oeste;Site;Celulares;Smartphone Vega 128GB;1;1462.41;0.15;Cartão de débito
V001361;2026-06-28;Sudeste;Aplicativo;Games;Jogo Corrida Pro;3;291.59;0;Pix
V001362;2026-02-08;Sudeste;Marketplace;Celulares;Película 3D;4;38.12;0.08;Cartão de crédito
V001363;2026-02-26;Nordeste;Aplicativo;Games;Headset 7.1;2;462.44;0;Pix
V001364;2026-08-08;Sudeste;Marketplace;Informática;Teclado Mecânico;1;344.01;0.1;Cartão de débito
V001365;2026-03-06;Sudeste;Aplicativo;Áudio e Vídeo;Microfone USB;2;364.09;0.1;Cartão de débito
V001366;2026-06-06;Sul;Site;Casa e Cozinha;Sanduicheira Grill;1;177.81;0.05;Cartão de crédito
V001367;2026-08-27;Sudeste;Site;Celulares;Smartphone Vega 128GB;2;1567.44;0.05;Cartão de débito
V001368;2026-03-07;Nordeste;Site;Games;Cadeira Gamer;1;1122.98;0.08;Cartão de crédito
V001369;2026-03-13;Sul;Site;Celulares;Película 3D;1;41.07;0.1;Cartão de débito
V001370;2026-06-02;Sudeste;Site;Casa e Cozinha;Panela Elétrica 5L;1;401.31;0.15;Cartão de crédito
V001371;2026-06-29;Centro-Oeste;Site;Informática;Monitor 24 IPS;1;867.13;0;Pix
V001372;2026-06-06;Norte;Aplicativo;Áudio e Vídeo;Smart TV 43 4K;1;2159.73;0;Pix
V001373;2026-03-31;Sul;Aplicativo;Casa e Cozinha;Cafeteira Programável;8;318.87;0;Cartão de crédito
V001374;2026-06-05;Sudeste;Site;Informática;Webcam Full HD;1;232.89;0.08;Boleto
V001375;2026-04-03;Sudeste;Aplicativo;Casa e Cozinha;Panela Elétrica 5L;2;398.95;0.1;Cartão de crédito
V001376;2026-07-21;Sudeste;Aplicativo;Áudio e Vídeo;Soundbar 2.1;1;826.15;0.08;Pix
V001377;2026-01-18;Sudeste;Aplicativo;Áudio e Vídeo;Soundbar 2.1;2;801.46;0.1;Pix
V001378;2026-03-03;Centro-Oeste;Site;Casa e Cozinha;Balança Digital Cozinha;6;95.72;0;Cartão de crédito
V001379;2026-02-28;Norte;Site;Celulares;Capa Antichoque;1;73.77;0.08;Cartão de crédito
V001380;2026-06-17;Centro-Oeste;Site;Celulares;Smartphone Vega 128GB;2;1577.36;0.1;Pix
V001381;2026-04-19;Nordeste;Marketplace;Informática;Webcam Full HD;2;232.86;0;Cartão de crédito
V001382;2026-06-06;Centro-Oeste;Marketplace;Celulares;Capa Antichoque;1;67.26;0.08;Cartão de débito
V001383;2026-06-14;Sudeste;Aplicativo;Escritório;Luminária LED;1;140.56;0;Cartão de crédito
V001384;2026-02-11;Norte;Site;Informática;Monitor 24 IPS;1;901.11;0.1;Cartão de débito
V001385;2026-06-07;Sudeste;Site;Informática;SSD NVMe 1TB;5;525.38;0.1;Pix
V001386;2026-04-04;Nordeste;Marketplace;Celulares;Smartphone Vega Max 256GB;2;2281.08;0.08;Pix
V001387;2026-04-23;Nordeste;Aplicativo;Áudio e Vídeo;Smart TV 55 4K;1;3118.39;0.08;Cartão de débito
V001388;2026-05-26;Sudeste;Aplicativo;Escritório;Mesa Escritório 120cm;1;693.98;0;Pix
V001389;2026-01-22;Centro-Oeste;Site;Informática;Monitor 24 IPS;1;857.21;0.08;Cartão de crédito
V001390;2026-06-28;Nordeste;Site;Celulares;Power Bank 20000mAh;2;228.24;0.1;Pix
V001391;2026-08-31;Sul;Aplicativo;Celulares;Smartphone Vega Max 256GB;3;2411.63;0.08;Cartão de crédito
V001392;2026-06-18;Nordeste;Aplicativo;Celulares;Capa Antichoque;3;67.29;0.05;Pix
V001393;2026-03-25;Centro-Oeste;Aplicativo;Celulares;Smartphone Vega Max 256GB;2;2539.08;0;Cartão de crédito
V001394;2026-04-11;Sul;Site;Celulares;Capa Antichoque;2;67.04;0;Pix
V001395;2026-08-21;Sul;Site;Escritório;Cadeira Ergonômica;1;1130.27;0.05;Cartão de débito
V001396;2026-01-28;Sudeste;Site;Celulares;Smartphone Orion Pro 256GB;1;2804.66;0.1;Cartão de crédito
V001397;2026-08-29;Sudeste;Marketplace;Casa e Cozinha;Cafeteira Programável;1;331.07;0.15;Pix
V001398;2026-07-07;Sul;Site;Áudio e Vídeo;Caixa Bluetooth;2;419.55;0.05;Pix
V001399;2026-07-09;Sul;Aplicativo;Escritório;Mesa Escritório 120cm;1;619.0;0;Cartão de crédito
V001400;2026-07-13;Centro-Oeste;Site;Celulares;Smartphone Vega 128GB;2;1415.66;0;Pix
V001401;2026-05-20;Sudeste;Site;Escritório;Papel A4 500 folhas;5;37.09;0.15;Cartão de crédito
V001402;2026-02-01;Sul;Marketplace;Escritório;Fragmentadora 10 folhas;1;710.45;0.05;Cartão de crédito
V001403;2026-04-08;Sudeste;Site;Áudio e Vídeo;Caixa Bluetooth;5;397.22;0.15;Pix
V001404;2026-03-21;Sul;Aplicativo;Games;Jogo Corrida Pro;1;288.27;0.1;Cartão de crédito
V001405;2026-07-11;Nordeste;Aplicativo;Games;Jogo Corrida Pro;1;310.9;0.2;Cartão de débito
V001406;2026-08-26;Sudeste;Site;Informática;SSD NVMe 1TB;1;566.83;0.05;Cartão de crédito
V001407;2026-03-07;Sul;Site;Informática;Notebook 14 Air;1;3447.21;0;Cartão de débito
V001408;2026-07-19;Sudeste;Marketplace;Informática;Monitor 24 IPS;1;849.82;0;Cartão de crédito
V001409;2026-07-20;Sul;Aplicativo;Casa e Cozinha;Kit Potes Herméticos;4;134.36;0.05;Pix
V001410;2026-06-30;Centro-Oeste;Site;Informática;Webcam Full HD;2;252.68;0.05;Pix
V001411;2026-05-06;Sul;Site;Casa e Cozinha;Aspirador Vertical;2;552.51;0.08;Cartão de crédito
V001412;2026-03-04;Centro-Oeste;Marketplace;Celulares;Fone Bluetooth;6;253.71;0.15;Cartão de crédito
V001413;2026-08-12;Nordeste;Aplicativo;Celulares;Smartphone Vega 128GB;1;1481.66;0;Cartão de crédito
V001414;2026-08-17;Sul;Site;Informática;SSD SATA 480GB;1;256.86;0.05;Cartão de débito
V001415;2026-01-15;Nordeste;Site;Áudio e Vídeo;Caixa Bluetooth;1;410.83;0.2;Cartão de crédito
V001416;2026-05-08;Nordeste;Site;Celulares;Smartphone Orion Pro 256GB;1;2962.14;0.12;Boleto
V001417;2026-06-04;Centro-Oeste;Site;Casa e Cozinha;Sanduicheira Grill;1;179.36;0;Pix
V001418;2026-02-20;Sudeste;Site;Áudio e Vídeo;Caixa Bluetooth;1;394.03;0.15;Cartão de crédito
V001419;2026-01-11;Sudeste;Site;Escritório;Fragmentadora 10 folhas;3;684.56;0.08;Cartão de débito
V001420;2026-04-25;Sul;Marketplace;Áudio e Vídeo;Smart TV 43 4K;2;2271.62;0.12;Pix
V001421;2026-05-07;Sul;Marketplace;Celulares;Carregador USB-C 30W;1;118.51;0.1;Cartão de crédito
V001422;2026-02-04;Nordeste;Site;Casa e Cozinha;Jogo de Panelas 5 peças;1;436.25;0;Cartão de crédito
V001423;2026-06-13;Sul;Site;Escritório;Cadeira Ergonômica;1;1276.1;0;Cartão de débito
V001424;2026-01-24;Sul;Site;Áudio e Vídeo;Microfone USB;1;343.71;0.05;Boleto
V001425;2026-02-02;Sudeste;Marketplace;Informática;Memória DDR4 16GB;2;294.56;0;Cartão de crédito
V001426;2026-08-12;Sudeste;Marketplace;Escritório;Mesa Escritório 120cm;5;659.94;0.12;Cartão de crédito
V001427;2026-06-01;Sudeste;Marketplace;Informática;Notebook 15 Pro;1;3974.14;0;Cartão de crédito
V001428;2026-01-12;Centro-Oeste;Aplicativo;Celulares;Capa Antichoque;2;70.83;0;Cartão de crédito
V001429;2026-07-29;Sudeste;Marketplace;Escritório;Mesa Escritório 120cm;1;686.65;0;Cartão de crédito
V001430;2026-06-03;Sul;Site;Escritório;Mesa Escritório 120cm;1;;0.12;Boleto
V001431;2026-01-11;Sudeste;Marketplace;Games;Console PlaySphere 5;2;4552.25;0.05;Cartão de crédito
V001432;2026-06-03;Nordeste;Aplicativo;Games;Cadeira Gamer;1;1165.1;0;Pix
V001433;2026-06-01;Norte;Site;Áudio e Vídeo;Smart TV 43 4K;2;2340.83;0;Pix
V001434;2026-08-05;Nordeste;Aplicativo;Casa e Cozinha;Jogo de Panelas 5 peças;1;422.6;0;Cartão de débito
V001435;2026-06-14;Sul;Site;Áudio e Vídeo;Microfone USB;1;379.61;0;Pix
V001436;2026-01-17;Nordeste;Marketplace;Informática;Hub USB-C 8 em 1;2;297.97;0.05;Cartão de débito
V001437;2026-05-19;Sudeste;Site;Celulares;Smartphone Orion Pro 256GB;2;3038.04;0.08;Cartão de crédito
V001438;2026-02-23;Sul;Site;Informática;Memória DDR4 16GB;1;295.1;0.05;Cartão de débito
V001439;2026-06-08;Norte;Site;Áudio e Vídeo;Suporte TV Articulado;8;179.09;0;Pix
V001440;2026-05-22;Centro-Oeste;Aplicativo;Informática;Monitor 27 QHD;1;1667.21;0.15;Cartão de débito
V001441;2026-03-06;Sudeste;Site;Escritório;Fragmentadora 10 folhas;1;675.61;0.15;Cartão de crédito
V001442;2026-08-20;Sudeste;Aplicativo;Informática;Mochila para Notebook;1;198.7;0;Cartão de crédito
V001443;2026-08-18;Nordeste;Site;Informática;SSD NVMe 1TB;1;501.28;0.08;Cartão de crédito
V001444;2026-06-13;Sul;Aplicativo;Informática;Hub USB-C 8 em 1;8;270.61;0.1;Cartão de crédito
V001445;2026-08-11;Sudeste;Site;Áudio e Vídeo;Soundbar 2.1;1;832.05;0;Cartão de crédito
V001446;2026-05-02;Centro-Oeste;Aplicativo;Celulares;Smartphone Vega Max 256GB;3;2425.74;0.05;Cartão de crédito
V001447;2026-06-03;Sudeste;Marketplace;Casa e Cozinha;Kit Potes Herméticos;3;123.03;0.15;Cartão de crédito
V001448;2026-07-25;Sudeste;Aplicativo;Informática;SSD SATA 480GB;1;286.1;0.1;Cartão de crédito
V001449;2026-08-30;Sudeste;Aplicativo;Áudio e Vídeo;Headset Gamer;2;305.76;0;Cartão de débito
V001450;2026-02-20;Nordeste;Aplicativo;Games;Console PlaySphere 5;1;4584.35;0.12;Pix
V001451;2026-01-07;Nordeste;Site;Informática;Notebook 14 Air;2;3237.14;0.08;Cartão de débito
V001452;2026-05-15;Sul;Site;Informática;Mochila para Notebook;1;179.76;0;Cartão de crédito
V001453;2026-02-20;Sudeste;Site;Casa e Cozinha;Air Fryer 5L;1;509.97;0;Cartão de crédito
V001454;2026-08-14;Sudeste;Marketplace;Celulares;Smartphone Orion Pro 256GB;4;2752.25;0.05;Cartão de crédito
V001455;2026-03-23;Sul;Aplicativo;Informática;SSD NVMe 1TB;1;544.71;0.08;Pix
V001456;2026-08-30;Sul;Aplicativo;Celulares;Película 3D;1;38.48;0;Cartão de crédito
V001457;2026-05-06;Sudeste;Site;Celulares;Fone Bluetooth;2;262.38;0.08;Cartão de crédito
V001458;2026-08-10;Centro-Oeste;Site;Informática;SSD SATA 480GB;4;253.81;0;Cartão de débito
V001459;2026-01-29;Sudeste;Site;Escritório;Luminária LED;1;147.63;0;Pix
V001460;2026-04-05;Centro-Oeste;Site;Escritório;Luminária LED;1;133.32;0.12;Boleto
V001461;2026-04-22;Nordeste;Site;Celulares;Smartphone Orion Pro 256GB;1;2894.86;0.05;Pix
V001462;2026-03-21;Nordeste;Site;Escritório;Luminária LED;1;149.47;0.2;Cartão de crédito
V001463;2026-07-16;Sudeste;Site;Celulares;Capa Antichoque;2;69.57;0.08;Cartão de crédito
V001464;2026-07-27;Nordeste;Site;Escritório;Impressora Multifuncional;4;865.4;0.15;Cartão de crédito
V001465;2026-02-23;Norte;Aplicativo;Celulares;Película 3D;3;40.6;0.1;Cartão de crédito
V001466;2026-07-07;Sudeste;Aplicativo;Celulares;Fone Bluetooth;1;238.5;0.1;Pix
V001467;2026-03-08;Sudeste;Marketplace;Informática;Monitor 24 IPS;2;957.46;0.08;Pix
V001468;2026-04-08;Sudeste;Site;Celulares;Smartphone Orion 128GB;8;1722.52;0.08;Cartão de débito
V001469;2026-01-02;Sul;Site;Informática;Mochila para Notebook;1;202.43;0.1;Cartão de crédito
V001470;2026-06-11;Sul;Site;Casa e Cozinha;Cafeteira Programável;1;305.58;0.08;Pix
V001471;2026-05-17;Sudeste;Aplicativo;Áudio e Vídeo;Caixa Bluetooth;1;426.63;0.1;Boleto
V001472;2026-02-04;Sudeste;Site;Games;Jogo Corrida Pro;5;295.05;0.05;Pix
V001473;2026-02-28;Sudeste;Site;Escritório;Suporte para Notebook;1;108.01;0.2;Cartão de débito
V001474;2026-08-08;Centro-Oeste;Site;Informática;Mochila para Notebook;1;191.15;0.12;Pix
V001475;2026-07-06;Sul;Site;Casa e Cozinha;Kit Potes Herméticos;1;124.51;0.1;Cartão de crédito
V001476;2026-04-07;Sudeste;Aplicativo;Áudio e Vídeo;Headset Gamer;1;301.3;0.08;Pix
V001477;2026-07-01;Sudeste;Site;Áudio e Vídeo;Projetor Full HD;1;1872.33;0.1;Cartão de crédito
V001478;2026-01-12;Nordeste;Site;Casa e Cozinha;Cafeteira Programável;4;340.47;0.15;Cartão de crédito
V001479;2026-03-29;Sudeste;Site;Áudio e Vídeo;Suporte TV Articulado;2;166.45;0;Cartão de débito
V001480;2026-05-29;Sudeste;Site;Celulares;Smartphone Vega 128GB;1;1545.07;0;Cartão de crédito
V001481;2026-08-04;Sudeste;Aplicativo;Informática;SSD SATA 480GB;3;266.1;0.15;Cartão de crédito
V001482;2026-03-20;Sudeste;Aplicativo;Games;Headset 7.1;1;468.63;0.05;Cartão de crédito
V001483;2026-03-22;Sudeste;Site;Casa e Cozinha;Kit Potes Herméticos;1;130.88;0.1;Pix
V001484;2026-06-27;Nordeste;Aplicativo;Games;Console PlaySphere 5;2;4248.88;0.05;Pix
V001485;2026-05-17;Sul;Site;Informática;Monitor 27 QHD;1;1679.77;0.05;Cartão de crédito
V001486;2026-07-13;Sudeste;Aplicativo;Escritório;Fragmentadora 10 folhas;2;663.71;0.05;Cartão de crédito
V001487;2026-04-02;Sudeste;Aplicativo;Games;Console NovaBox X;1;4135.24;0.08;Cartão de débito
V001488;2026-08-05;Sul;Aplicativo;Games;Jogo Aventura Lendária;1;354.09;0.05;Pix
V001489;2026-05-07;Nordeste;Site;Informática;Memória DDR4 16GB;2;290.88;0.05;Cartão de crédito
V001490;2026-05-27;Sudeste;Site;Games;Console PlaySphere 5;1;4183.98;0.05;Pix
V001491;2026-06-10;Nordeste;Marketplace;Celulares;Película 3D;1;37.84;0.2;Cartão de débito
V001492;2026-06-24;Sul;Marketplace;Games;Console NovaBox X;1;4006.36;0.1;Cartão de crédito
V001493;2026-08-11;Sudeste;Site;Casa e Cozinha;Jogo de Panelas 5 peças;1;409.32;0.1;Cartão de débito
V001494;2026-03-11;Sudeste;Marketplace;Informática;Monitor 24 IPS;2;846.03;0;Cartão de crédito
V001495;2026-03-30;Sudeste;Site;Casa e Cozinha;Sanduicheira Grill;2;183.89;0.2;Pix
V001496;2026-07-01;Sudeste;Site;Celulares;Smartphone Vega Max 256GB;1;2564.14;0.1;Boleto
V001497;2026-04-12;Sul;Aplicativo;Celulares;Smartphone Vega 128GB;1;1488.38;0.05;Cartão de crédito
V001498;2026-03-02;Centro-Oeste;Aplicativo;Informática;Hub USB-C 8 em 1;2;283.53;0.08;Cartão de crédito
V001499;2026-08-21;Sul;Aplicativo;Celulares;Carregador USB-C 30W;3;116.28;0;Cartão de crédito
V001500;2026-07-18;Sudeste;Marketplace;Casa e Cozinha;Liquidificador 1200W;1;296.72;0.1;Pix
V001501;2026-03-22;Sudeste;Aplicativo;Celulares;Power Bank 20000mAh;1;240.85;0;Cartão de crédito
V001502;2026-01-12;Sudeste;Site;Escritório;Impressora Multifuncional;1;937.95;0.12;Cartão de crédito
V001503;2026-07-04;Sul;Marketplace;Informática;Hub USB-C 8 em 1;5;280.5;0;Cartão de débito
V001504;2026-08-10;Sudeste;Aplicativo;Games;Console PlaySphere 5;5;4094.5;0.2;Pix
V001505;2026-03-12;Sul;Site;Escritório;Papel A4 500 folhas;1;35.23;0.08;Cartão de débito
V001506;2026-06-22;Nordeste;Site;Casa e Cozinha;Balança Digital Cozinha;6;86.2;0;Cartão de crédito
V001507;2026-01-29;Sudeste;Site;Casa e Cozinha;Balança Digital Cozinha;5;93.14;0.15;Pix
V001508;2026-02-20;Nordeste;Aplicativo;Casa e Cozinha;Panela Elétrica 5L;4;391.77;0.05;Pix
V001509;2026-05-30;Sudeste;Site;Celulares;Power Bank 20000mAh;2;234.87;0.15;Pix
V001510;2026-03-10;Sudeste;Marketplace;Casa e Cozinha;Air Fryer 5L;2;484.91;0.05;Pix
V001511;2026-02-08;Nordeste;Site;Casa e Cozinha;Cafeteira Programável;2;326.98;0;Cartão de crédito
V001512;2026-01-28;Nordeste;Site;Celulares;Carregador USB-C 30W;1;122.25;0;Cartão de crédito
V001513;2026-08-19;Sul;Marketplace;Áudio e Vídeo;Smart TV 43 4K;4;2164.27;0;Cartão de crédito
V001514;2026-06-25;Nordeste;Site;Informática;Monitor 27 QHD;4;1631.1;0.15;Cartão de crédito
V001515;2026-02-18;Nordeste;Site;Games;Headset 7.1;1;458.23;0.1;Cartão de crédito
V001516;2026-06-10;Sul;Site;Games;Controle Sem Fio;2;379.11;0.1;Cartão de crédito
V001517;2026-02-06;Nordeste;Site;Informática;Hub USB-C 8 em 1;4;276.56;0.1;Pix
V001518;2026-03-16;Sudeste;Site;Escritório;Impressora Multifuncional;2;891.79;0;Cartão de crédito
V001519;2026-07-15;Sudeste;Site;Escritório;Luminária LED;2;139.2;0;Pix
V001520;2026-06-29;Sudeste;Aplicativo;Informática;Mouse Sem Fio;1;126.8;0.2;Cartão de débito
V001521;2026-01-04;Sudeste;Site;Celulares;Fone Bluetooth;1;260.2;0.08;Cartão de crédito
V001522;2026-06-11;Nordeste;Site;Casa e Cozinha;Liquidificador 1200W;2;274.03;0.1;Pix
V001523;2026-02-19;Sudeste;Aplicativo;Casa e Cozinha;Liquidificador 1200W;3;296.66;0.12;Cartão de crédito
V001524;2026-01-08;Sudeste;Site;Casa e Cozinha;Cafeteira Programável;4;317.69;0;Pix
V001525;2026-01-01;Centro-Oeste;Site;Escritório;Impressora Multifuncional;1;915.61;0;Cartão de crédito
V001526;2026-03-25;Sudeste;Aplicativo;Áudio e Vídeo;Soundbar 2.1;1;837.78;0.2;Cartão de crédito
V001527;2026-03-26;Sudeste;Aplicativo;Casa e Cozinha;Sanduicheira Grill;3;184.44;0;Pix
V001528;2026-02-19;Sudeste;Site;Escritório;Suporte para Notebook;4;108.43;0.15;Cartão de crédito
V001529;2026-07-24;Norte;Site;Áudio e Vídeo;Smart TV 43 4K;2;2123.21;0.15;Pix
V001530;2026-04-24;Sudeste;Site;Celulares;Fone Bluetooth;3;262.34;0.08;Cartão de crédito
V001531;2026-07-28;Sudeste;Aplicativo;Áudio e Vídeo;Projetor Full HD;1;1971.34;0.12;Cartão de crédito
V001532;2026-02-22;Sudeste;Aplicativo;Celulares;Capa Antichoque;5;66.48;0;Cartão de crédito
V001533;2026-03-03;Sudeste;Marketplace;Informática;SSD SATA 480GB;3;276.25;0;Pix
V001534;2026-02-26;Sudeste;Site;Informática;Teclado Mecânico;2;356.74;0.08;Cartão de crédito
V001535;2026-08-13;Sudeste;Aplicativo;Casa e Cozinha;Air Fryer 5L;4;477.9;0.1;Cartão de crédito
V001536;2026-05-27;Sudeste;Site;Informática;Monitor 24 IPS;1;850.61;0.05;Cartão de débito
V001537;2026-02-24;Sudeste;Site;Games;Console NovaBox X;1;4212.89;0.2;Cartão de débito
V001538;2026-04-22;Centro-Oeste;Aplicativo;Informática;Hub USB-C 8 em 1;2;270.51;0.05;Cartão de crédito
V001539;2026-03-10;Sudeste;Site;Informática;Mochila para Notebook;3;182.91;0.15;Cartão de crédito
V001540;2026-03-20;Norte;Aplicativo;Informática;Monitor 27 QHD;1;1504.54;0;Boleto
V001541;2026-08-29;Sudeste;Marketplace;Informática;Mouse Sem Fio;2;129.31;0;Cartão de débito
V001542;2026-08-31;Nordeste;Site;Informática;Mouse Sem Fio;2;131.71;0.05;Pix
V001543;2026-08-11;Sudeste;Site;Áudio e Vídeo;Smart TV 55 4K;8;3248.67;0;Cartão de crédito
V001544;2026-02-15;Sudeste;Aplicativo;Informática;Mochila para Notebook;1;197.16;0.05;Cartão de crédito
V001545;2026-01-10;Nordeste;Aplicativo;Casa e Cozinha;Liquidificador 1200W;2;267.41;0;Cartão de débito
V001546;2026-02-25;Sudeste;Site;Games;Jogo Aventura Lendária;1;341.55;0;Cartão de crédito
V001547;2026-02-21;Centro-Oeste;Site;Escritório;Mesa Escritório 120cm;1;675.44;0.1;Cartão de crédito
V001548;2026-04-24;Nordeste;Marketplace;Escritório;Organizador de Mesa;1;72.39;0.05;Cartão de crédito
V001549;2026-05-22;Sul;Site;Escritório;Fragmentadora 10 folhas;1;695.84;0.08;Cartão de crédito
V001550;2026-03-10;Sul;Aplicativo;Informática;SSD SATA 480GB;2;282.97;0.15;Cartão de crédito
V001551;2026-05-14;Sul;Aplicativo;Informática;Notebook 14 Air;1;3149.86;0.05;Pix
V001552;2026-03-02;Sudeste;Aplicativo;Casa e Cozinha;Air Fryer 5L;1;508.73;0;Pix
V001553;2026-08-26;Sudeste;Marketplace;Informática;Mochila para Notebook;1;180.55;0.1;Pix
V001554;2026-08-20;Nordeste;Site;Celulares;Power Bank 20000mAh;4;221.17;0.12;Cartão de crédito
V001555;2026-07-05;Sul;Aplicativo;Games;Controle Sem Fio;2;384.38;0;Cartão de débito
V001556;2026-05-14;Norte;Site;Áudio e Vídeo;Smart TV 55 4K;5;3316.42;0;Cartão de crédito
V001557;2026-05-14;Sudeste;Site;Informática;SSD NVMe 1TB;1;499.64;0.08;Boleto
V001558;2026-08-26;Norte;Aplicativo;Informática;Teclado Mecânico;2;344.49;0.12;Pix
V001559;2026-01-16;Norte;Aplicativo;Áudio e Vídeo;Soundbar 2.1;1;850.39;0;Cartão de crédito
V001560;2026-03-30;Sudeste;Site;Informática;Notebook 14 Air;1;3474.89;0.12;Cartão de débito
V001561;2026-02-16;Sudeste;Aplicativo;Informática;Notebook 15 Pro;6;3682.13;0;Pix
V001562;2026-03-04;Norte;Aplicativo;Casa e Cozinha;Air Fryer 5L;1;483.2;0;Cartão de crédito
V001563;2026-05-12;Nordeste;Site;Informática;SSD NVMe 1TB;3;529.54;0.08;Pix
V001564;2026-08-23;Nordeste;Aplicativo;Celulares;Carregador USB-C 30W;2;115.87;0.05;Pix
V001565;2026-02-21;Sudeste;Site;Informática;Webcam Full HD;4;229.98;0.2;Cartão de crédito
V001566;2026-06-10;Sudeste;Site;Áudio e Vídeo;Smart TV 55 4K;1;3126.08;0.05;Pix
V001567;2026-05-21;Sudeste;Site;Games;Cadeira Gamer;1;1167.21;0.15;Cartão de crédito
V001568;2026-04-07;Sudeste;Site;Informática;Notebook 14 Air;3;3216.77;0.12;Cartão de débito
V001569;2026-03-15;Centro-Oeste;Site;Informática;Webcam Full HD;1;236.74;0;Cartão de crédito
V001570;2026-07-02;Centro-Oeste;Site;Celulares;Smartphone Orion 128GB;2;1903.18;0;Cartão de débito
V001571;2026-04-16;Nordeste;Aplicativo;Informática;Mouse Sem Fio;2;126.25;0;Cartão de débito
V001572;2026-02-28;Centro-Oeste;Site;Informática;Mouse Sem Fio;1;124.42;0.1;Cartão de débito
V001573;2026-05-26;Sudeste;Site;Celulares;Smartphone Orion Pro 256GB;2;3060.21;0;Cartão de crédito
V001574;2026-03-17;Nordeste;Site;Celulares;Fone Bluetooth;4;240.47;0.08;Cartão de crédito
V001575;2026-01-10;Centro-Oeste;Site;Informática;Mochila para Notebook;1;202.77;0;Cartão de débito
V001576;2026-08-20;Sudeste;Site;Áudio e Vídeo;Microfone USB;1;362.0;0.08;Cartão de crédito
V001577;2026-07-25;Sudeste;Marketplace;Informática;Notebook 14 Air;1;3462.96;0;Cartão de crédito
V001578;2026-07-11;Sudeste;Aplicativo;Casa e Cozinha;Air Fryer 5L;3;483.63;0;Cartão de crédito
V001579;2026-03-06;Nordeste;Aplicativo;Casa e Cozinha;Balança Digital Cozinha;1;93.85;0.15;Cartão de crédito
V001580;2026-06-06;Sul;Site;Games;Console NovaBox X;2;4113.86;0.1;Cartão de crédito
V001581;2026-07-06;Sudeste;Marketplace;Games;Controle Sem Fio;1;400.47;0;Cartão de crédito
V001582;2026-04-22;Centro-Oeste;Aplicativo;Celulares;Carregador USB-C 30W;1;119.0;0.05;Pix
V001583;2026-03-31;Nordeste;Aplicativo;Áudio e Vídeo;Smart TV 43 4K;3;2108.84;0.08;Pix
V001584;2026-01-22;Sudeste;Site;Games;Headset 7.1;1;439.78;0.2;Cartão de crédito
V001585;2026-02-06;Nordeste;Aplicativo;Games;Headset 7.1;4;466.58;0.1;Cartão de crédito
V001586;2026-06-23;Sudeste;Site;Escritório;Impressora Multifuncional;4;863.77;0;Cartão de débito
V001587;2026-06-22;Nordeste;Aplicativo;Celulares;Capa Antichoque;1;73.95;0.15;Cartão de crédito
V001588;2026-08-15;Centro-Oeste;Marketplace;Informática;Notebook 15 Pro;2;3939.32;0.15;Pix
V001589;2026-03-25;Sul;Site;Áudio e Vídeo;Smart TV 55 4K;1;3081.95;0;Cartão de crédito
V001590;2026-03-07;Nordeste;Aplicativo;Áudio e Vídeo;Headset Gamer;2;295.49;0.05;Cartão de crédito
V001591;2026-02-05;Sul;Aplicativo;Escritório;Suporte para Notebook;10;114.73;0.12;Cartão de crédito
V001592;2026-08-16;Sudeste;Site;Áudio e Vídeo;Microfone USB;1;349.73;0;Cartão de débito
V001593;2026-05-17;Sudeste;Aplicativo;Informática;Mouse Sem Fio;1;123.98;0.1;Cartão de crédito
V001594;2026-05-16;Sul;Site;Informática;Notebook 15 Pro;1;3990.0;0.2;Pix
V001595;2026-03-06;Nordeste;Site;Áudio e Vídeo;Microfone USB;2;366.91;0.15;Cartão de crédito
V001596;2026-02-07;Sudeste;Aplicativo;Games;Volante Racing;2;1367.37;0.05;Pix
V001597;2026-02-17;Sul;Site;Celulares;Fone Bluetooth;1;251.5;0.05;Cartão de crédito
V001598;2026-04-22;Sudeste;Marketplace;Informática;Monitor 24 IPS;1;924.23;0.15;Cartão de débito
V001599;2026-02-12;Norte;Site;Áudio e Vídeo;Projetor Full HD;1;1931.15;0;Cartão de débito
V001600;2026-08-28;Sudeste;Aplicativo;Casa e Cozinha;Air Fryer 5L;1;504.22;0;Pix
V001601;2026-04-02;Centro-Oeste;Aplicativo;Escritório;Organizador de Mesa;3;67.61;0.1;Pix
V001602;2026-07-14;Sudeste;Marketplace;Áudio e Vídeo;Suporte TV Articulado;1;177.88;0;Cartão de débito
V001603;2026-02-13;Sudeste;Site;Games;Cadeira Gamer;8;1116.51;0.08;Cartão de crédito
V001604;2026-06-14;Sul;Marketplace;Celulares;Capa Antichoque;1;68.44;0.1;Boleto
V001605;2026-07-18;Nordeste;Site;Celulares;Smartphone Orion Pro 256GB;1;2812.63;0;Cartão de crédito
V001606;2026-01-30;Sudeste;Site;Casa e Cozinha;Liquidificador 1200W;2;285.4;0.05;Boleto
V001607;2026-04-16;Sul;Aplicativo;Celulares;Smartphone Vega Max 256GB;4;2356.3;0;Pix
V001608;2026-05-02;Nordeste;Aplicativo;Escritório;Suporte para Notebook;1;107.77;0;Cartão de débito
V001609;2026-03-12;Sudeste;Site;Celulares;Smartphone Vega Max 256GB;1;2283.96;0;Cartão de crédito
V001610;2026-07-26;Sul;Site;Escritório;Papel A4 500 folhas;8;36.76;0;Pix
V001611;2026-02-15;Nordeste;Aplicativo;Escritório;Mesa Escritório 120cm;1;665.71;0;Cartão de débito
V001612;2026-07-06;Sudeste;Marketplace;Informática;Mouse Sem Fio;1;122.45;0.12;Cartão de crédito
V001613;2026-04-22;Nordeste;Site;Casa e Cozinha;Cafeteira Programável;1;339.96;0;Cartão de crédito
V001614;2026-08-30;Sul;Site;Celulares;Carregador USB-C 30W;1;122.99;0.1;Cartão de crédito
V001615;2026-08-07;Sudeste;Aplicativo;Escritório;Fragmentadora 10 folhas;1;747.71;0.12;Cartão de crédito
V001616;2026-03-06;Sul;Aplicativo;Games;Jogo Aventura Lendária;8;357.06;0.12;Cartão de débito
V001617;2026-06-10;Sul;Site;Celulares;Smartphone Orion Pro 256GB;1;3075.86;0.05;Pix
V001618;2026-06-06;Sudeste;Site;Informática;Hub USB-C 8 em 1;8;286.51;0.1;Cartão de crédito
V001619;2026-07-10;Sul;Site;Celulares;Smartphone Orion Pro 256GB;2;2949.02;0;Cartão de débito
V001620;2026-04-16;Centro-Oeste;Site;Celulares;Power Bank 20000mAh;1;220.64;0.05;Cartão de crédito
V001621;2026-07-25;Centro-Oeste;Aplicativo;Celulares;Capa Antichoque;1;73.65;0.15;Cartão de crédito
V001622;2026-03-13;Sudeste;Aplicativo;Escritório;Fragmentadora 10 folhas;1;671.86;0.05;Cartão de crédito
V001623;2026-05-03;Centro-Oeste;Site;Casa e Cozinha;Aspirador Vertical;1;554.31;0;Cartão de débito
V001624;2026-07-22;Sul;Aplicativo;Áudio e Vídeo;Headset Gamer;2;288.45;0.05;Cartão de crédito
V001625;2026-03-29;Sudeste;Site;Áudio e Vídeo;Headset Gamer;1;281.4;0.2;Pix
V001626;2026-08-23;Sudeste;Aplicativo;Informática;Teclado Mecânico;4;340.78;0.05;Cartão de crédito
V001627;2026-06-30;Centro-Oeste;Site;Celulares;Smartphone Vega Max 256GB;5;2454.18;0.1;Cartão de crédito
V001628;2026-03-07;Nordeste;Aplicativo;Informática;Mouse Sem Fio;4;135.15;0.05;Cartão de crédito
V001629;2026-06-26;Nordeste;Site;Celulares;Smartphone Orion 128GB;2;1703.2;0.12;Cartão de crédito
V001630;2026-05-10;Sudeste;Site;Celulares;Carregador USB-C 30W;1;119.14;0;Pix
V001631;2026-04-18;Sul;Site;Celulares;Capa Antichoque;4;73.19;0.15;Cartão de crédito
V001632;2026-08-19;Centro-Oeste;Site;Informática;Notebook 15 Pro;1;3782.57;0;Cartão de crédito
V001633;2026-04-02;Sudeste;Aplicativo;Casa e Cozinha;Aspirador Vertical;1;521.68;0.08;Cartão de débito
V001634;2026-01-08;Nordeste;Site;Informática;Notebook 14 Air;4;3451.21;0.15;Cartão de débito
V001635;2026-06-28;Sudeste;Site;Informática;Mochila para Notebook;4;189.78;0.08;Pix
V001636;2026-01-04;Sudeste;Aplicativo;Casa e Cozinha;Air Fryer 5L;2;494.6;0.12;Cartão de crédito
V001637;2026-01-23;Sul;Aplicativo;Informática;Notebook 15 Pro;1;4072.61;0;Cartão de crédito
V001638;2026-01-23;Nordeste;Aplicativo;Celulares;Película 3D;24;40.35;0.1;Pix
V001639;2026-06-09;Centro-Oeste;Aplicativo;Games;Jogo Aventura Lendária;2;334.86;0.15;Cartão de crédito
V001640;2026-06-21;Sudeste;Aplicativo;Casa e Cozinha;Kit Potes Herméticos;1;127.39;0.1;Cartão de crédito
V001641;2026-02-27;Sul;Site;Casa e Cozinha;Liquidificador 1200W;5;276.46;0.15;Pix
V001642;2026-04-29;Nordeste;Marketplace;Informática;Teclado Mecânico;1;342.35;0;Cartão de débito
V001643;2026-08-06;Sudeste;Marketplace;Informática;Memória DDR4 16GB;3;300.14;0.1;Cartão de crédito
V001644;2026-01-17;Nordeste;Site;Áudio e Vídeo;Caixa Bluetooth;5;422.12;0.15;Cartão de crédito
V001645;2026-06-21;Sudeste;Marketplace;Informática;Hub USB-C 8 em 1;1;270.17;0.05;Cartão de débito
V001646;2026-04-14;Sudeste;Site;Escritório;Luminária LED;1;133.02;0.12;Pix
V001647;2026-03-26;Sudeste;Site;Escritório;Impressora Multifuncional;2;962.7;0.05;Cartão de crédito
V001648;2026-07-25;Sudeste;Aplicativo;Escritório;Cadeira Ergonômica;2;1230.8;0.08;Pix
V001649;2026-02-11;Sudeste;Site;Informática;SSD SATA 480GB;1;282.22;0.05;Cartão de débito
V001650;2026-04-04;Centro-Oeste;Site;Áudio e Vídeo;Soundbar 2.1;1;789.73;0;Pix
V001651;2026-06-18;Centro-Oeste;Aplicativo;Áudio e Vídeo;Microfone USB;1;377.61;0;Cartão de crédito
V001652;2026-05-04;Sudeste;Site;Games;Console NovaBox X;2;3924.49;0.15;Cartão de crédito
V001653;2026-03-24;Norte;Site;Áudio e Vídeo;Headset Gamer;1;305.05;0.2;Cartão de crédito
V001654;2026-05-27;Sudeste;Site;Celulares;Smartphone Vega 128GB;1;1528.65;0;Boleto
V001655;2026-08-09;Sudeste;Aplicativo;Celulares;Smartphone Orion 128GB;3;1852.9;0.12;Cartão de crédito
V001656;2026-05-01;Sul;Aplicativo;Áudio e Vídeo;Smart TV 55 4K;1;3315.66;0.1;Cartão de crédito
V001657;2026-07-30;Sudeste;Marketplace;Casa e Cozinha;Kit Potes Herméticos;1;128.92;0.1;Cartão de crédito
V001658;2026-04-26;Sudeste;Site;Informática;SSD SATA 480GB;1;271.9;0;Pix
V001659;2026-02-19;Sudeste;Aplicativo;Escritório;Impressora Multifuncional;1;889.43;0;Cartão de crédito
V001660;2026-04-21;Sul;Aplicativo;Celulares;Smartphone Orion Pro 256GB;2;2762.41;0.1;Boleto
V001661;2026-03-25;Sudeste;Aplicativo;Games;Console PlaySphere 5;3;4419.12;0.08;Cartão de débito
V001662;2026-07-17;Sudeste;Site;Games;Controle Sem Fio;2;424.83;0;Pix
V001663;2026-06-05;Sudeste;Site;Celulares;Película 3D;3;40.93;0.15;Cartão de débito
V001664;2026-05-18;Nordeste;Site;Áudio e Vídeo;Microfone USB;1;364.81;0.15;Cartão de crédito
V001665;2026-02-10;Sudeste;Site;Games;Console PlaySphere 5;1;4283.78;0;Cartão de crédito
V001666;2026-05-07;;Site;Informática;Monitor 24 IPS;3;902.85;0;Cartão de débito
V001667;2026-04-30;Sul;Marketplace;Áudio e Vídeo;Soundbar 2.1;1;778.61;0;Pix
V001668;2026-04-08;Sudeste;Aplicativo;Informática;Mouse Sem Fio;5;135.42;0;Cartão de crédito
V001669;2026-06-29;Nordeste;Aplicativo;Celulares;Película 3D;1;41.98;0.08;Cartão de crédito
V001670;2026-03-23;Nordeste;Marketplace;Casa e Cozinha;Jogo de Panelas 5 peças;5;448.25;0.05;Cartão de crédito
V001671;2026-02-24;Sul;Site;Celulares;Smartphone Orion 128GB;1;1886.36;0;Pix
V001672;2026-03-18;Sul;Site;Celulares;Smartphone Orion Pro 256GB;6;2726.57;0;Cartão de débito
V001673;2026-01-24;Sudeste;Aplicativo;Celulares;Capa Antichoque;8;69.0;0.08;Cartão de crédito
V001674;2026-08-23;Sudeste;Site;Celulares;Smartphone Orion Pro 256GB;1;3054.37;0;Pix
V001675;2026-06-06;Sudeste;Aplicativo;Celulares;Smartphone Orion 128GB;2;1908.7;0;Cartão de débito
V001676;2026-02-14;Sudeste;Site;Áudio e Vídeo;Headset Gamer;1;299.82;0.05;Cartão de crédito
V001677;2026-07-05;Sudeste;Site;Informática;Mochila para Notebook;2;199.55;0;Cartão de crédito
V001678;2026-05-15;Norte;Site;Informática;Webcam Full HD;2;226.97;0;Pix
V001679;2026-02-05;Centro-Oeste;Marketplace;Celulares;Smartphone Orion Pro 256GB;3;3094.14;0.08;Cartão de crédito
V001680;2026-03-08;Nordeste;Marketplace;Informática;SSD SATA 480GB;4;278.64;0.2;Pix
V001681;2026-03-16;Centro-Oeste;Site;Games;Console PlaySphere 5;1;4474.84;0.08;Pix
V001682;2026-08-11;Sul;Aplicativo;Informática;Webcam Full HD;4;249.44;0.1;Cartão de crédito
V001683;2026-08-08;Sudeste;Aplicativo;Escritório;Fragmentadora 10 folhas;8;741.44;0;Cartão de débito
V001684;2026-07-13;Nordeste;Marketplace;Informática;Hub USB-C 8 em 1;5;288.86;0.1;Boleto
V001685;2026-01-16;Sudeste;Site;Games;Cadeira Gamer;4;1095.86;0.05;Cartão de crédito
V001686;2026-03-24;Sudeste;Marketplace;Casa e Cozinha;Sanduicheira Grill;3;190.97;0.08;Cartão de débito
V001687;2026-07-12;Nordeste;Site;Celulares;Smartphone Vega Max 256GB;3;2338.57;0;Cartão de crédito
V001688;2026-06-26;Sul;Site;Celulares;Smartphone Orion Pro 256GB;2;2848.55;0.08;Pix
V001689;2026-06-22;Nordeste;Site;Áudio e Vídeo;Soundbar 2.1;1;796.77;0.2;Cartão de crédito
V001690;2026-07-02;Sudeste;Marketplace;Áudio e Vídeo;Projetor Full HD;1;1856.42;0.1;Pix
V001691;2026-01-31;Sudeste;Site;Casa e Cozinha;Kit Potes Herméticos;1;136.86;0.2;Boleto
V001692;2026-04-21;Sudeste;Aplicativo;Informática;Monitor 27 QHD;2;1616.34;0;Pix
V001693;2026-01-14;Nordeste;Aplicativo;Celulares;Smartphone Vega 128GB;5;1485.78;0.05;Pix
V001694;2026-03-29;Centro-Oeste;Site;Informática;Notebook 14 Air;1;3398.99;0.08;Cartão de crédito
V001695;2026-05-19;Norte;Site;Casa e Cozinha;Kit Potes Herméticos;1;127.86;0.15;Cartão de débito
V001696;2026-03-24;Nordeste;Site;Áudio e Vídeo;Smart TV 55 4K;2;3240.35;0.1;Cartão de crédito
V001697;2026-05-28;Nordeste;Aplicativo;Escritório;Papel A4 500 folhas;4;37.07;0.12;Pix
V001698;2026-04-30;Sul;Marketplace;Casa e Cozinha;Air Fryer 5L;2;507.73;;Pix
V001699;2026-08-17;Sul;Site;Celulares;Power Bank 20000mAh;2;238.43;0.12;Pix
V001700;2026-05-23;Sudeste;Aplicativo;Casa e Cozinha;Cafeteira Programável;1;316.35;0.12;Pix
V001701;2026-04-20;Sudeste;Site;Informática;SSD SATA 480GB;3;257.52;0.05;Cartão de crédito
V001702;2026-06-09;Sudeste;Site;Informática;Teclado Mecânico;1;335.85;0;Cartão de crédito
V001703;2026-08-21;Sul;Site;Informática;Mouse Sem Fio;2;135.59;0.1;Pix
V001704;2026-02-13;Sudeste;Aplicativo;Celulares;Capa Antichoque;1;66.34;0;Cartão de crédito
V001705;2026-04-17;Sudeste;Site;Áudio e Vídeo;Smart TV 43 4K;1;2312.26;0;Cartão de débito
V001706;2026-01-12;Nordeste;Marketplace;Informática;Notebook 14 Air;2;3262.38;0.12;Pix
V001707;2026-06-20;Nordeste;Aplicativo;Escritório;Mesa Escritório 120cm;1;653.71;0.15;Boleto
V001708;2026-02-19;Sudeste;Marketplace;Casa e Cozinha;Cafeteira Programável;1;335.25;0.15;Cartão de débito
V001709;2026-01-05;Sudeste;Site;Escritório;Organizador de Mesa;4;74.6;0;Pix
V001710;2026-08-23;Sul;Site;Áudio e Vídeo;Caixa Bluetooth;2;398.67;0;Pix
V001711;2026-05-23;Sudeste;Site;Áudio e Vídeo;Suporte TV Articulado;1;176.48;0;Cartão de crédito
V001712;2026-01-20;Nordeste;Marketplace;Informática;Webcam Full HD;1;229.16;0.05;Boleto
V001713;2026-05-23;Sudeste;Site;Informática;Webcam Full HD;2;251.63;0.15;Cartão de crédito
V001714;2026-03-19;Sudeste;Aplicativo;Áudio e Vídeo;Caixa Bluetooth;1;411.05;0;Cartão de débito
V001715;2026-02-16;Norte;Site;Celulares;Smartphone Vega Max 256GB;1;2473.87;0.08;Boleto
V001716;2026-07-09;Sudeste;Site;Celulares;Fone Bluetooth;2;242.61;0;Boleto
V001717;2026-08-06;Norte;Aplicativo;Escritório;Papel A4 500 folhas;1;34.28;0.05;Cartão de crédito
V001718;2026-06-27;;Site;Informática;Mochila para Notebook;1;182.22;0;Cartão de crédito
V001719;2026-06-18;Sul;Site;Casa e Cozinha;Air Fryer 5L;1;492.76;0.15;Cartão de crédito
V001720;2026-04-03;Centro-Oeste;Site;Informática;Webcam Full HD;1;230.55;0.1;Cartão de débito
V001721;2026-01-17;Sul;Marketplace;Informática;Teclado Mecânico;2;332.03;0.05;Cartão de crédito
V001722;2026-07-29;Sudeste;Site;Celulares;Capa Antichoque;2;68.18;0.08;Pix
V001723;2026-05-29;Sudeste;Aplicativo;Escritório;Papel A4 500 folhas;2;37.08;0.05;Cartão de crédito
V001724;2026-01-17;Norte;Aplicativo;Informática;Hub USB-C 8 em 1;8;276.26;0.1;Cartão de débito
V001725;2026-01-25;Nordeste;Site;Informática;Webcam Full HD;2;251.14;0;Pix
V001726;2026-08-14;Nordeste;Aplicativo;Informática;Teclado Mecânico;1;340.89;0.05;Cartão de crédito
V001727;2026-03-29;Centro-Oeste;Aplicativo;Informática;Mouse Sem Fio;5;135.44;0.1;Pix
V001728;2026-05-13;Nordeste;Site;Informática;Mochila para Notebook;2;192.53;0;Cartão de débito
V001729;2026-02-08;Sudeste;Site;Escritório;Impressora Multifuncional;1;869.98;0;Boleto
V001730;2026-05-11;Centro-Oeste;Site;Casa e Cozinha;Air Fryer 5L;1;480.98;0.1;Cartão de crédito
V001731;2026-08-21;Sudeste;Aplicativo;Informática;Monitor 24 IPS;2;940.81;0.15;Cartão de crédito
V001732;2026-04-17;Sudeste;Site;Áudio e Vídeo;Projetor Full HD;5;1924.99;0.08;Cartão de débito
V001733;2026-01-27;Nordeste;Site;Casa e Cozinha;Balança Digital Cozinha;2;91.28;0;Cartão de crédito
V001734;2026-02-17;Norte;Aplicativo;Informática;SSD NVMe 1TB;4;498.94;0.08;Pix
V001735;2026-01-26;Sudeste;Site;Games;Console PlaySphere 5;1;4516.47;0.08;Cartão de débito
V001736;2026-02-23;Sudeste;Site;Celulares;Carregador USB-C 30W;1;123.63;0.2;Cartão de crédito
V001737;2026-05-15;Nordeste;Marketplace;Celulares;Power Bank 20000mAh;2;241.82;0.08;Pix
V001738;2026-03-06;Sudeste;Marketplace;Casa e Cozinha;Kit Potes Herméticos;2;128.38;0.08;Cartão de crédito
V001739;2026-08-22;Sul;Site;Celulares;Carregador USB-C 30W;8;127.52;0.05;Pix
V001740;2026-05-16;Nordeste;Site;Informática;Memória DDR4 16GB;3;274.73;0;Cartão de crédito
V001741;2026-07-30;Sudeste;Aplicativo;Áudio e Vídeo;Projetor Full HD;2;1834.1;0.12;Pix
V001742;2026-08-05;Sul;Aplicativo;Áudio e Vídeo;Projetor Full HD;1;1962.53;0.08;Cartão de crédito
V001743;2026-03-27;Sul;Site;Escritório;Fragmentadora 10 folhas;2;697.5;0.08;Pix
V001744;2026-06-05;Sudeste;Aplicativo;Informática;Teclado Mecânico;2;334.91;0;Cartão de crédito
V001745;2026-04-09;Centro-Oeste;Aplicativo;Informática;Webcam Full HD;6;227.39;0.15;Cartão de crédito
V001746;2026-05-29;Sudeste;Site;Casa e Cozinha;Cafeteira Programável;1;338.6;0;Pix
V001747;2026-05-20;Centro-Oeste;Aplicativo;Casa e Cozinha;Balança Digital Cozinha;1;94.03;0.05;Pix
V001748;2026-05-29;Sudeste;Aplicativo;Casa e Cozinha;Panela Elétrica 5L;3;386.24;0.08;Cartão de crédito
V001749;2026-05-26;Sudeste;Site;Informática;Webcam Full HD;1;239.64;0.05;Pix
V001750;2026-07-16;Nordeste;Site;Escritório;Papel A4 500 folhas;1;36.63;0.05;Pix
V001751;2026-02-23;Sudeste;Marketplace;Celulares;Película 3D;1;38.49;0.12;Cartão de crédito
V001752;2026-04-29;Sul;Site;Escritório;Mesa Escritório 120cm;5;688.93;0.1;Pix
V001753;2026-08-15;Centro-Oeste;Site;Casa e Cozinha;Aspirador Vertical;1;564.76;0.05;Pix
V001754;2026-04-24;Sul;Marketplace;Áudio e Vídeo;Suporte TV Articulado;1;166.64;0.1;Pix
V001755;2026-02-06;Sudeste;Marketplace;Áudio e Vídeo;Suporte TV Articulado;2;170.59;0.15;Cartão de crédito
V001756;2026-07-02;Nordeste;Site;Áudio e Vídeo;Soundbar 2.1;4;797.62;0.08;Boleto
V001757;2026-05-03;Sudeste;Site;Casa e Cozinha;Panela Elétrica 5L;2;390.27;0;Cartão de crédito
V001758;2026-07-07;Norte;Aplicativo;Áudio e Vídeo;Microfone USB;1;362.05;0.1;Pix
V001759;2026-02-25;Centro-Oeste;Site;Áudio e Vídeo;Projetor Full HD;1;1941.99;0;Cartão de crédito
V001760;2026-03-17;Sudeste;Site;Informática;SSD SATA 480GB;1;272.54;0.05;Pix
V001761;2026-01-16;Centro-Oeste;Site;Informática;Webcam Full HD;8;237.45;0.1;Cartão de crédito
V001762;2026-07-29;Sudeste;Marketplace;Escritório;Fragmentadora 10 folhas;1;720.61;0.05;Cartão de crédito
V001763;2026-03-11;Sul;Aplicativo;Casa e Cozinha;Panela Elétrica 5L;4;398.25;0.08;Pix
V001764;2026-02-02;Sudeste;Marketplace;Informática;SSD NVMe 1TB;1;563.16;0.08;Boleto
V001765;2026-02-12;Sudeste;Aplicativo;Celulares;Fone Bluetooth;1;248.42;0.12;Cartão de crédito
V001766;2026-08-23;Sul;Marketplace;Escritório;Cadeira Ergonômica;1;1133.9;0.15;Pix
V001767;2026-03-15;Centro-Oeste;Marketplace;Celulares;Película 3D;2;41.71;0;Cartão de débito
V001768;2026-06-18;Nordeste;Site;Casa e Cozinha;Aspirador Vertical;10;575.92;0.1;Pix
V001769;2026-06-22;Sul;Site;Celulares;Smartphone Orion 128GB;1;1906.09;0;Cartão de crédito
V001770;2026-01-03;Sudeste;Site;Casa e Cozinha;Kit Potes Herméticos;1;128.06;0;Cartão de crédito
V001771;2026-08-22;Sudeste;Aplicativo;Áudio e Vídeo;Caixa Bluetooth;2;386.66;0;Cartão de crédito
V001772;2026-04-26;Nordeste;Site;Áudio e Vídeo;Caixa Bluetooth;1;409.4;0.05;Boleto
V001773;2026-03-08;Nordeste;Site;Informática;Monitor 24 IPS;3;910.76;0.1;Cartão de crédito
V001774;2026-04-12;Sul;Site;Informática;Monitor 24 IPS;3;951.55;0;Cartão de crédito
V001775;2026-01-14;Sudeste;Site;Games;Volante Racing;1;1305.02;0.15;Boleto
V001776;2026-04-22;Centro-Oeste;Site;Escritório;Cadeira Ergonômica;4;1235.94;0.1;Cartão de crédito
V001777;2026-08-20;Sudeste;Site;Celulares;Smartphone Orion 128GB;1;1694.8;0;Cartão de crédito
V001778;2026-08-04;Nordeste;Marketplace;Escritório;Organizador de Mesa;2;69.01;0;Pix
V001779;2026-04-24;Norte;Site;Celulares;Capa Antichoque;1;71.91;0;Boleto
V001780;2026-06-09;Norte;Aplicativo;Games;Volante Racing;1;1308.48;0;Cartão de crédito
V001781;2026-05-07;Centro-Oeste;Site;Games;Console PlaySphere 5;2;4103.77;0.05;Pix
V001782;2026-04-13;Centro-Oeste;Marketplace;Casa e Cozinha;Aspirador Vertical;1;568.96;0;Cartão de crédito
V001783;2026-08-01;Nordeste;Aplicativo;Informática;Mouse Sem Fio;1;132.89;0.1;Cartão de crédito
V001784;2026-07-09;Sudeste;Marketplace;Games;Console PlaySphere 5;2;4553.32;0;Cartão de débito
V001785;2026-03-30;Sul;Site;Celulares;Smartphone Orion 128GB;3;1867.2;0.15;Cartão de crédito
V001786;2026-07-07;Sudeste;Aplicativo;Celulares;Smartphone Vega Max 256GB;1;2302.3;0;Cartão de crédito
V001787;2026-03-05;Sudeste;Aplicativo;Games;Console NovaBox X;4;4100.48;0.15;Cartão de crédito
V001788;2026-05-24;Centro-Oeste;Aplicativo;Áudio e Vídeo;Projetor Full HD;2;1929.08;0.1;Pix
V001789;2026-05-23;Centro-Oeste;Aplicativo;Games;Headset 7.1;1;484.34;;Cartão de débito
V001790;2026-01-22;Sudeste;Marketplace;Áudio e Vídeo;Projetor Full HD;2;1940.96;0.1;Cartão de crédito
V001791;2026-06-15;Sudeste;Aplicativo;Informática;Monitor 27 QHD;1;1653.49;0.2;Cartão de crédito
V001792;2026-06-10;Sul;Site;Áudio e Vídeo;Projetor Full HD;1;1970.02;0.12;Cartão de crédito
V001793;2026-07-10;Sudeste;Aplicativo;Informática;SSD SATA 480GB;2;283.58;0.15;Cartão de crédito
V001794;2026-06-25;Sudeste;Marketplace;Informática;Webcam Full HD;1;244.28;0.1;Cartão de crédito
V001795;2026-07-25;Sudeste;Marketplace;Celulares;Smartphone Orion 128GB;1;1749.88;0.12;Pix
V001796;2026-03-12;Sul;Site;Escritório;Impressora Multifuncional;1;962.51;0;Cartão de crédito
V001797;2026-04-15;Sudeste;Marketplace;Games;Controle Sem Fio;2;413.6;0.15;Pix
V001798;2026-02-09;Sudeste;Site;Celulares;Película 3D;2;38.25;0.12;Cartão de crédito
V001799;2026-02-27;Norte;Aplicativo;Áudio e Vídeo;Suporte TV Articulado;1;181.39;0.05;Pix
V001800;2026-08-11;Nordeste;Aplicativo;Casa e Cozinha;Jogo de Panelas 5 peças;1;434.16;0;Pix
V001801;2026-01-06;Sul;Marketplace;Informática;Webcam Full HD;1;255.06;0.1;Cartão de crédito
V001802;2026-04-26;Centro-Oeste;Marketplace;Celulares;Smartphone Orion Pro 256GB;4;3081.77;0.12;Cartão de crédito
V001803;2026-04-07;Sudeste;Aplicativo;Informática;Notebook 14 Air;1;3255.01;0;Cartão de crédito
V001804;2026-07-15;Sudeste;Site;Celulares;Fone Bluetooth;1;244.76;0.1;Cartão de débito
V001805;2026-05-04;Nordeste;Site;Casa e Cozinha;Liquidificador 1200W;1;276.45;0;Cartão de crédito
V001806;2026-03-28;Sudeste;Aplicativo;Áudio e Vídeo;Microfone USB;4;374.77;0;Cartão de crédito
V001807;2026-03-11;Sul;Marketplace;Casa e Cozinha;Balança Digital Cozinha;1;87.35;0.12;Cartão de débito
V001808;2026-05-17;Sul;Aplicativo;Áudio e Vídeo;Headset Gamer;1;295.67;0.05;Pix
V001809;2026-08-27;Sudeste;Marketplace;Informática;Monitor 24 IPS;1;862.08;0.1;Pix
V001810;2026-04-05;Sudeste;Aplicativo;Games;Jogo Aventura Lendária;3;332.59;0.1;Cartão de débito
V001811;2026-02-26;Sudeste;Aplicativo;Games;Jogo Corrida Pro;1;292.43;0.05;Cartão de crédito
V001812;2026-07-08;Nordeste;Site;Celulares;Carregador USB-C 30W;4;123.25;0.08;Pix
V001813;2026-08-06;Sudeste;Site;Celulares;Smartphone Orion 128GB;4;1823.06;0.2;Cartão de crédito
V001814;2026-02-08;Norte;Site;Celulares;Capa Antichoque;1;73.37;0.1;Cartão de débito
V001815;2026-01-09;Nordeste;Marketplace;Informática;Notebook 14 Air;1;3430.72;0.2;Cartão de crédito
V001816;2026-05-06;Sudeste;Aplicativo;Casa e Cozinha;Liquidificador 1200W;1;286.22;0;Pix
V001817;2026-02-04;Sudeste;Marketplace;Áudio e Vídeo;Headset Gamer;1;;0;Pix
V001818;2026-02-23;Sul;Site;Games;Jogo Corrida Pro;5;312.51;0.05;Pix
V001819;2026-03-16;Sudeste;Site;Escritório;Mesa Escritório 120cm;1;689.86;0;Pix
V001820;2026-05-08;Sul;Site;Informática;Webcam Full HD;2;236.8;0.1;Pix
V001821;2026-05-01;Sul;Site;Celulares;Película 3D;1;41.82;0.15;Cartão de crédito
V001822;2026-04-21;Nordeste;Site;Casa e Cozinha;Sanduicheira Grill;1;189.52;0.1;Pix
V001823;2026-01-18;Sudeste;Marketplace;Áudio e Vídeo;Smart TV 43 4K;1;2068.98;0.1;Cartão de crédito
V001824;2026-05-16;Nordeste;Aplicativo;Celulares;Fone Bluetooth;1;243.77;0.08;Cartão de débito
V001825;2026-01-01;Sudeste;Site;Informática;Monitor 24 IPS;1;956.12;0;Pix
V001826;2026-08-25;Sul;Marketplace;Celulares;Smartphone Orion 128GB;1;1859.19;0.15;Cartão de crédito
V001827;2026-03-16;Centro-Oeste;Aplicativo;Celulares;Carregador USB-C 30W;1;112.98;0;Cartão de crédito
V001828;2026-02-24;Sudeste;Aplicativo;Áudio e Vídeo;Smart TV 43 4K;2;2166.47;0.08;Cartão de débito
V001829;2026-07-07;Sudeste;Site;Games;Console PlaySphere 5;2;4255.73;0.08;Cartão de crédito
V001830;2026-01-09;Sudeste;Marketplace;Escritório;Papel A4 500 folhas;3;35.75;0.05;Cartão de crédito
V001831;2026-01-09;Norte;Site;Casa e Cozinha;Cafeteira Programável;1;329.29;0;Pix
V001832;2026-06-23;Sudeste;Aplicativo;Informática;SSD SATA 480GB;2;277.86;0;Pix
V001833;2026-02-12;Sudeste;Site;Escritório;Suporte para Notebook;1;113.81;0;Cartão de débito
V001834;2026-03-16;Sudeste;Aplicativo;Celulares;Smartphone Orion 128GB;1;1920.01;0;Pix
V001835;2026-03-23;Sul;Aplicativo;Escritório;Impressora Multifuncional;3;941.22;0.05;Pix
V001836;2026-07-03;Sudeste;Site;Áudio e Vídeo;Smart TV 43 4K;1;2253.26;0;Cartão de crédito
V001837;2026-03-30;Nordeste;Aplicativo;Informática;SSD SATA 480GB;2;256.71;0.2;Pix
V001838;2026-04-08;Sudeste;Site;Informática;SSD SATA 480GB;1;267.89;0.08;Pix
V001839;2026-07-22;Sudeste;Marketplace;Informática;Memória DDR4 16GB;2;309.86;0;Cartão de débito
V001840;2026-07-29;Sudeste;Site;Informática;Mouse Sem Fio;2;124.81;0.15;Cartão de crédito
V001841;2026-01-19;Sul;Aplicativo;Games;Jogo Aventura Lendária;1;329.19;0.08;Pix
V001842;2026-03-06;Sudeste;Marketplace;Celulares;Capa Antichoque;3;68.8;0.1;Cartão de crédito
V001843;2026-07-01;Centro-Oeste;Site;Áudio e Vídeo;Smart TV 55 4K;1;3022.44;0;Pix
V001844;2026-01-20;Sudeste;Site;Escritório;Impressora Multifuncional;2;862.38;0;Cartão de débito
V001845;2026-06-07;Norte;Aplicativo;Informática;Notebook 15 Pro;1;3773.92;0.12;Boleto
V001846;2026-06-08;Sul;Site;Casa e Cozinha;Sanduicheira Grill;2;191.03;0.05;Pix
V001847;2026-04-26;Sul;Site;Informática;Mouse Sem Fio;1;133.59;0;Boleto
V001848;2026-02-10;Norte;Site;Casa e Cozinha;Cafeteira Programável;1;316.09;0.15;Cartão de crédito
V001849;2026-07-15;Sudeste;Aplicativo;Casa e Cozinha;Air Fryer 5L;5;516.3;0.08;Pix
V001850;2026-03-02;Sudeste;Aplicativo;Informática;Mouse Sem Fio;4;126.67;0.05;Cartão de crédito
V001851;2026-06-27;Sul;Site;Informática;SSD SATA 480GB;1;273.96;0.05;Pix
V001852;2026-04-16;Sul;Site;Informática;Notebook 15 Pro;1;4104.63;0;Pix
V001853;2026-01-18;Sudeste;Aplicativo;Informática;Notebook 15 Pro;2;4110.22;0;Cartão de crédito
V001854;2026-06-10;Nordeste;Aplicativo;Escritório;Luminária LED;1;133.73;0.05;Pix
V001855;2026-04-13;Sudeste;Marketplace;Áudio e Vídeo;Smart TV 43 4K;1;2108.87;0;Cartão de crédito
V001856;2026-05-14;Sudeste;Aplicativo;Áudio e Vídeo;Headset Gamer;1;302.1;0;Cartão de crédito
V001857;2026-05-15;Nordeste;Marketplace;Games;Controle Sem Fio;1;414.9;0;Cartão de débito
V001858;2026-01-08;Sudeste;Aplicativo;Games;Jogo Corrida Pro;1;308.47;0;Cartão de crédito
V001859;2026-06-11;Sul;Site;Celulares;Carregador USB-C 30W;1;116.51;0.15;Cartão de crédito
V001860;2026-02-06;Sul;Site;Games;Jogo Aventura Lendária;1;355.75;0.08;Pix
V001861;2026-02-05;Centro-Oeste;Site;Celulares;Carregador USB-C 30W;2;116.09;0.2;Cartão de crédito
V001862;2026-06-30;Sudeste;Site;Celulares;Smartphone Orion Pro 256GB;1;3077.58;0.2;Pix
V001863;2026-07-19;Sudeste;Site;Escritório;Organizador de Mesa;1;71.57;0.05;Pix
V001864;2026-03-22;Nordeste;Site;Escritório;Mesa Escritório 120cm;2;655.31;0;Cartão de débito
V001865;2026-05-03;Norte;Site;Escritório;Luminária LED;1;133.16;0;Cartão de débito
V001866;2026-08-09;Nordeste;Site;Informática;Notebook 14 Air;1;3306.66;0.08;Cartão de crédito
V001867;2026-05-26;Sudeste;Site;Informática;SSD NVMe 1TB;8;509.53;0.15;Cartão de crédito
V001868;2026-03-01;Nordeste;Marketplace;Informática;Notebook 15 Pro;4;3731.42;0;Cartão de crédito
V001869;2026-03-11;Norte;Site;Casa e Cozinha;Air Fryer 5L;2;472.96;0.08;Cartão de crédito
V001870;2026-04-18;Sudeste;Aplicativo;Celulares;Power Bank 20000mAh;1;223.4;0.15;Pix
V001871;2026-03-19;Nordeste;Site;Informática;Mouse Sem Fio;1;134.87;0;Cartão de débito
V001872;2026-01-23;Sudeste;Marketplace;Celulares;Smartphone Vega Max 256GB;2;2335.81;0.1;Boleto
V001873;2026-03-08;Sudeste;Aplicativo;Áudio e Vídeo;Projetor Full HD;6;1812.89;0;Cartão de crédito
V001874;2026-06-03;Sul;Site;Informática;SSD NVMe 1TB;2;524.72;0.05;Cartão de crédito
V001875;2026-02-01;Nordeste;Site;Celulares;Smartphone Vega Max 256GB;2;2501.49;0;Pix
V001876;2026-01-28;Centro-Oeste;Marketplace;Áudio e Vídeo;Caixa Bluetooth;4;391.65;0;Pix
V001877;2026-08-08;Sudeste;Marketplace;Casa e Cozinha;Panela Elétrica 5L;1;404.4;0.2;Cartão de crédito
V001878;2026-04-09;Sul;Site;Celulares;Película 3D;1;42.27;0;Cartão de crédito
V001879;2026-05-03;Sul;Site;Informática;SSD NVMe 1TB;1;536.14;0.15;Pix
V001880;2026-07-23;Sul;Aplicativo;Escritório;Organizador de Mesa;1;73.15;0;Pix
V001881;2026-06-25;Nordeste;Site;Escritório;Impressora Multifuncional;1;920.81;0.05;Pix
V001882;2026-02-21;Sudeste;Aplicativo;Informática;Mochila para Notebook;2;182.15;0;Cartão de crédito
V001883;2026-03-12;Sudeste;Aplicativo;Informática;Mouse Sem Fio;1;129.31;0;Pix
V001884;2026-02-12;Sudeste;Marketplace;Informática;SSD NVMe 1TB;1;542.16;0.05;Cartão de crédito
V001885;2026-08-10;Nordeste;Aplicativo;Casa e Cozinha;Sanduicheira Grill;2;191.11;0.1;Cartão de crédito
V001886;2026-01-21;Sudeste;Site;Casa e Cozinha;Aspirador Vertical;2;528.51;0;Pix
V001887;2026-06-14;Sul;Site;Celulares;Smartphone Orion Pro 256GB;1;2922.79;0.08;Pix
V001888;2026-08-04;Norte;Site;Áudio e Vídeo;Soundbar 2.1;2;814.27;0.1;Boleto
V001889;2026-01-25;Sudeste;Marketplace;Celulares;Smartphone Orion Pro 256GB;1;2881.62;0.05;Cartão de crédito
V001890;2026-02-25;Sudeste;Marketplace;Áudio e Vídeo;Microfone USB;1;374.48;0.08;Cartão de débito
V001891;2026-08-21;Sudeste;Marketplace;Escritório;Cadeira Ergonômica;1;1251.91;0.15;Cartão de débito
V001892;2026-02-18;Sudeste;Aplicativo;Games;Console NovaBox X;3;4273.47;0.12;Pix
V001893;2026-04-30;Sul;Site;Escritório;Papel A4 500 folhas;1;35.2;0;Pix
V001894;2026-06-21;Sul;Aplicativo;Casa e Cozinha;Aspirador Vertical;1;547.02;0.08;Cartão de crédito
V001895;2026-01-23;Sudeste;Site;Celulares;Película 3D;2;42.36;0.08;Boleto
V001896;2026-08-21;Nordeste;Site;Informática;Memória DDR4 16GB;4;287.86;0;Cartão de débito
V001897;2026-04-10;Norte;Aplicativo;Casa e Cozinha;Balança Digital Cozinha;3;87.0;0.05;Boleto
V001898;2026-04-11;Sudeste;Aplicativo;Celulares;Smartphone Orion 128GB;6;1770.04;0;Pix
V001899;2026-08-12;Nordeste;Site;Informática;SSD SATA 480GB;2;260.85;0;Cartão de crédito
V001900;2026-03-18;Sudeste;Site;Informática;SSD NVMe 1TB;2;517.79;0.1;Pix
V001901;2026-04-16;Sul;Aplicativo;Celulares;Smartphone Vega 128GB;6;1604.67;0.05;Cartão de débito
V001902;2026-07-14;Nordeste;Aplicativo;Escritório;Cadeira Ergonômica;3;1235.6;0.12;Boleto
V001903;2026-01-16;Sul;Site;Casa e Cozinha;Sanduicheira Grill;1;192.29;0;Cartão de crédito
V001904;2026-07-28;Sudeste;Site;Celulares;Capa Antichoque;1;74.46;0.08;Cartão de crédito
V001905;2026-02-07;Nordeste;Site;Escritório;Luminária LED;2;147.84;0.15;Pix
V001906;2026-07-21;Sul;Aplicativo;Celulares;Power Bank 20000mAh;1;231.42;0.1;Cartão de crédito
V001907;2026-01-15;Nordeste;Aplicativo;Casa e Cozinha;Air Fryer 5L;6;479.98;0;Pix
V001908;2026-07-23;Nordeste;Aplicativo;Games;Console NovaBox X;1;4143.5;0.08;Cartão de crédito
V001909;2026-05-30;Centro-Oeste;Site;Celulares;Smartphone Vega Max 256GB;1;2566.73;0.08;Boleto
V001910;2026-02-07;Sul;Aplicativo;Áudio e Vídeo;Projetor Full HD;1;1893.48;0;Cartão de crédito
V001911;2026-07-08;Nordeste;Aplicativo;Casa e Cozinha;Panela Elétrica 5L;1;415.62;0;Pix
V001912;2026-05-06;Sudeste;Aplicativo;Celulares;Capa Antichoque;2;67.56;0.08;Pix
V001913;2026-04-22;Centro-Oeste;Marketplace;Celulares;Power Bank 20000mAh;6;225.71;0;Boleto
V001914;2026-03-29;Sudeste;Aplicativo;Escritório;Luminária LED;1;149.24;0.05;Cartão de crédito
V001915;2026-02-07;Sul;Aplicativo;Escritório;Papel A4 500 folhas;2;35.62;0.05;Cartão de crédito
V001916;2026-08-18;Sul;Marketplace;Escritório;Impressora Multifuncional;1;916.62;0.1;Cartão de débito
V001917;2026-05-27;Nordeste;Marketplace;Celulares;Smartphone Vega Max 256GB;1;2285.2;0.1;Boleto
V001918;2026-05-28;Sudeste;Aplicativo;Informática;Memória DDR4 16GB;1;285.53;0.08;Cartão de débito
V001919;2026-07-26;Sudeste;Site;Casa e Cozinha;Sanduicheira Grill;2;181.47;0.2;Pix
V001920;2026-03-03;Sudeste;Site;Informática;Memória DDR4 16GB;2;309.42;0;Cartão de crédito
V001921;2026-07-30;Sul;Site;Informática;Monitor 24 IPS;1;916.82;0.08;Cartão de crédito
V001922;2026-04-10;Sudeste;Aplicativo;Informática;SSD NVMe 1TB;1;534.8;0;Cartão de crédito
V001923;2026-07-10;Sudeste;Aplicativo;Celulares;Smartphone Vega Max 256GB;2;2485.5;0.1;Cartão de crédito
V001924;2026-06-19;Sul;Marketplace;Informática;Monitor 27 QHD;1;1707.7;0;Pix
V001925;2026-05-15;Sudeste;Marketplace;Informática;Mouse Sem Fio;1;135.34;0.05;Pix
V001926;2026-03-22;Nordeste;Site;Celulares;Smartphone Vega 128GB;3;1599.51;0.05;Cartão de crédito
V001927;2026-04-02;Sudeste;Aplicativo;Escritório;Fragmentadora 10 folhas;2;720.94;0;Pix
V001928;2026-03-26;Sul;Site;Informática;Notebook 14 Air;3;3208.21;0;Cartão de crédito
V001929;2026-03-08;Centro-Oeste;Site;Games;Console PlaySphere 5;2;4211.37;0;Cartão de crédito
V001930;2026-06-03;Sul;Marketplace;Casa e Cozinha;Air Fryer 5L;1;525.92;0;Pix
V001931;2026-07-08;Sudeste;Site;Áudio e Vídeo;Projetor Full HD;1;1912.63;0;Cartão de crédito
V001932;2026-06-28;;Site;Informática;Mouse Sem Fio;1;;0.05;Cartão de crédito
V001933;2026-08-17;Nordeste;Site;Celulares;Smartphone Vega Max 256GB;1;2270.92;0.1;Pix
V001934;2026-05-18;Nordeste;Site;Áudio e Vídeo;Microfone USB;2;348.27;0.15;Cartão de crédito
V001935;2026-05-20;Sudeste;Aplicativo;Informática;Hub USB-C 8 em 1;4;263.88;0;Pix
V001936;2026-05-03;Sudeste;Site;Informática;Monitor 24 IPS;3;924.65;0.1;Cartão de crédito
V001937;2026-08-17;Sudeste;Aplicativo;Casa e Cozinha;Sanduicheira Grill;2;190.27;0;Pix
V001938;2026-07-24;Sudeste;Site;Casa e Cozinha;Cafeteira Programável;1;337.13;0;Cartão de crédito
V001939;2026-01-08;Sul;Aplicativo;Games;Cadeira Gamer;3;1077.09;0;Cartão de crédito
V001940;2026-01-08;Sudeste;Site;Casa e Cozinha;Aspirador Vertical;5;526.27;0;Cartão de crédito
V001941;2026-05-23;Norte;Site;Celulares;Carregador USB-C 30W;1;116.73;0;Pix
V001942;2026-02-08;Sudeste;Aplicativo;Escritório;Luminária LED;8;144.98;0;Cartão de crédito
V001943;2026-05-26;Nordeste;Aplicativo;Informática;Monitor 27 QHD;1;1675.32;0;Pix
V001944;2026-06-08;Sul;Marketplace;Celulares;Smartphone Orion Pro 256GB;1;3048.17;0;Pix
V001945;2026-08-12;Sudeste;Site;Celulares;Smartphone Vega 128GB;1;1576.0;0;Pix
V001946;2026-07-22;Sudeste;Site;Informática;SSD SATA 480GB;1;268.51;0;Pix
V001947;2026-03-19;Sul;Site;Celulares;Smartphone Orion Pro 256GB;2;3088.62;0.12;Pix
V001948;2026-08-21;Sul;Aplicativo;Informática;Memória DDR4 16GB;1;275.5;0.08;Cartão de crédito
V001949;2026-08-05;Nordeste;Site;Celulares;Smartphone Vega 128GB;1;1543.28;0.12;Cartão de crédito
V001950;2026-08-02;Sudeste;Aplicativo;Escritório;Organizador de Mesa;1;70.91;0;Cartão de débito
V001951;2026-08-29;Sul;Aplicativo;Informática;Monitor 24 IPS;3;910.74;0;Cartão de crédito
V001952;2026-08-21;Norte;Site;Celulares;Carregador USB-C 30W;1;117.33;0.12;Pix
V001953;2026-01-05;Centro-Oeste;Site;Escritório;Papel A4 500 folhas;3;34.32;0.05;Pix
V001954;2026-02-25;Nordeste;Marketplace;Áudio e Vídeo;Headset Gamer;1;298.96;0.1;Cartão de crédito
V001955;2026-01-17;Sul;Aplicativo;Informática;Hub USB-C 8 em 1;1;266.01;0.12;Cartão de crédito
V001956;2026-06-25;Norte;Site;Escritório;Suporte para Notebook;1;114.79;0.1;Pix
V001957;2026-06-29;Sudeste;Site;Casa e Cozinha;Balança Digital Cozinha;1;86.84;0;Cartão de débito
V001958;2026-04-16;Sudeste;Site;Informática;SSD NVMe 1TB;1;521.26;0;Cartão de crédito
V001959;2026-06-09;Sudeste;Aplicativo;Celulares;Fone Bluetooth;5;;0;Boleto
V001960;2026-05-18;Sul;Marketplace;Informática;Mouse Sem Fio;1;135.72;0.08;Cartão de crédito
V001961;2026-08-14;Nordeste;Site;Informática;Notebook 14 Air;3;3410.38;0.15;Pix
V001962;2026-08-13;Nordeste;Aplicativo;Celulares;Power Bank 20000mAh;2;243.15;0.08;Pix
V001963;2026-05-19;Nordeste;Site;Escritório;Luminária LED;1;146.01;0.15;Cartão de crédito
V001964;2026-05-18;Sudeste;Site;Escritório;Organizador de Mesa;1;72.96;0;Pix
V001965;2026-03-12;Sudeste;Aplicativo;Celulares;Smartphone Orion 128GB;10;1822.39;0;Cartão de crédito
V001966;2026-03-27;Centro-Oeste;Aplicativo;Áudio e Vídeo;Caixa Bluetooth;8;385.74;0;Cartão de débito
V001967;2026-03-03;Sudeste;Marketplace;Celulares;Smartphone Vega 128GB;1;1588.81;0.12;Pix
V001968;2026-07-23;Sudeste;Site;Escritório;Suporte para Notebook;1;103.99;0.05;Cartão de crédito
V001969;2026-01-26;Nordeste;Site;Casa e Cozinha;Liquidificador 1200W;1;270.25;0.08;Cartão de crédito
V001970;2026-04-16;Sul;Aplicativo;Celulares;Carregador USB-C 30W;2;117.52;0.05;Pix
V001971;2026-06-06;Sul;Site;Celulares;Smartphone Vega 128GB;1;1444.61;0.08;Cartão de crédito
V001972;2026-05-18;Sudeste;Site;Informática;SSD NVMe 1TB;3;508.14;0;Pix
V001973;2026-06-21;Norte;Marketplace;Casa e Cozinha;Panela Elétrica 5L;1;392.11;0;Pix
V001974;2026-04-21;Sul;Site;Informática;Mochila para Notebook;4;185.0;0;Cartão de crédito
V001975;2026-05-21;Sudeste;Site;Áudio e Vídeo;Caixa Bluetooth;2;384.88;0.1;Pix
V001976;2026-04-03;Sudeste;Marketplace;Celulares;Capa Antichoque;2;70.42;0;Cartão de crédito
V001977;2026-04-17;Sudeste;Site;Áudio e Vídeo;Smart TV 43 4K;2;2163.9;0;Boleto
V001978;2026-06-27;Centro-Oeste;Marketplace;Casa e Cozinha;Air Fryer 5L;1;484.31;0.1;Cartão de débito
V001979;2026-08-05;Nordeste;Site;Informática;Notebook 14 Air;3;3151.53;0;Cartão de débito
V001980;2026-05-25;Norte;Site;Celulares;Capa Antichoque;6;70.25;0.1;Cartão de débito
V001981;2026-05-10;Sudeste;Aplicativo;Informática;SSD SATA 480GB;1;264.64;0.05;Cartão de crédito
V001982;2026-07-04;Norte;Aplicativo;Informática;Notebook 14 Air;1;3160.88;0;Pix
V001983;2026-05-30;Nordeste;Site;Informática;Webcam Full HD;1;252.37;0;Pix
V001984;2026-08-24;Nordeste;Aplicativo;Celulares;Smartphone Orion 128GB;2;1859.24;0.1;Cartão de crédito
V001985;2026-01-01;Sudeste;Site;Informática;Notebook 15 Pro;8;4017.53;0.1;Pix
V001986;2026-06-24;Sudeste;Aplicativo;Áudio e Vídeo;Microfone USB;2;384.56;0;Pix
V001987;2026-05-13;Sudeste;Aplicativo;Casa e Cozinha;Balança Digital Cozinha;1;87.97;0.1;Cartão de débito
V001988;2026-07-24;Nordeste;Marketplace;Escritório;Suporte para Notebook;1;109.74;0;Cartão de crédito
V001989;2026-02-10;Sudeste;Site;Informática;SSD NVMe 1TB;1;547.93;0.2;Cartão de crédito
V001990;2026-07-02;Nordeste;Site;Casa e Cozinha;Aspirador Vertical;1;548.94;0;Pix
V001991;2026-02-08;Sudeste;Site;Escritório;Mesa Escritório 120cm;1;620.0;0;Cartão de crédito
V001992;2026-03-27;Sudeste;Site;Informática;SSD SATA 480GB;1;275.58;0.15;Cartão de crédito
V001993;2026-01-08;Sul;Marketplace;Informática;Notebook 14 Air;1;3333.85;0;Cartão de crédito
V001994;2026-03-15;Norte;Site;Casa e Cozinha;Balança Digital Cozinha;5;95.12;0.05;Cartão de crédito
V001995;2026-01-21;Sul;Site;Informática;Teclado Mecânico;1;370.12;0.08;Cartão de débito
V001996;2026-07-14;Nordeste;Aplicativo;Celulares;Smartphone Orion 128GB;1;1726.44;0;Cartão de crédito
V001997;2026-04-16;Sudeste;Aplicativo;Informática;Webcam Full HD;3;239.65;0;Cartão de crédito
V001998;2026-01-07;Sudeste;Marketplace;Informática;Mouse Sem Fio;1;127.43;0.08;Cartão de crédito
V001999;2026-03-17;Sudeste;Site;Casa e Cozinha;Jogo de Panelas 5 peças;5;421.47;0.05;Boleto
V002000;2026-04-04;Sudeste;Marketplace;Áudio e Vídeo;Microfone USB;2;360.83;0.15;Cartão de crédito
V002001;2026-05-10;Sudeste;Marketplace;Escritório;Suporte para Notebook;6;112.1;0;Pix
V002002;2026-05-15;Sul;Aplicativo;Informática;Teclado Mecânico;2;362.82;0;Pix
V002003;2026-07-01;Norte;Aplicativo;Áudio e Vídeo;Smart TV 55 4K;1;3270.52;0.1;Cartão de crédito
V002004;2026-01-22;Sudeste;Site;Casa e Cozinha;Sanduicheira Grill;1;172.74;0;Cartão de crédito
V002005;2026-06-11;Sul;Marketplace;Celulares;Smartphone Orion Pro 256GB;1;2847.94;0.15;Cartão de débito
V002006;2026-04-19;Sul;Aplicativo;Áudio e Vídeo;Projetor Full HD;1;1829.92;0;Pix
V002007;2026-01-06;Nordeste;Aplicativo;Games;Jogo Aventura Lendária;1;346.7;0.05;Cartão de débito
V002008;2026-04-20;Centro-Oeste;Site;Celulares;Smartphone Vega Max 256GB;5;2536.14;0.15;Cartão de crédito
V002009;2026-07-31;Centro-Oeste;Site;Casa e Cozinha;Cafeteira Programável;4;338.29;0.08;Pix
V002010;2026-01-08;Sul;Aplicativo;Informática;SSD SATA 480GB;2;274.72;0.1;Pix
V002011;2026-07-02;Sul;Site;Informática;Teclado Mecânico;4;333.77;0.08;Pix
V002012;2026-06-04;Sudeste;Aplicativo;Celulares;Capa Antichoque;1;72.04;0.15;Pix
V002013;2026-04-22;Nordeste;Marketplace;Games;Console PlaySphere 5;3;4496.71;0;Cartão de débito
V002014;2026-05-15;Sudeste;Site;Casa e Cozinha;Aspirador Vertical;4;575.23;0.08;Cartão de crédito
V002015;2026-03-19;Sudeste;Site;Escritório;Fragmentadora 10 folhas;15;694.94;0.05;Pix
V002016;2026-08-24;Sudeste;Marketplace;Escritório;Cadeira Ergonômica;1;1235.15;0.1;Pix
V002017;2026-07-08;Sudeste;Marketplace;Casa e Cozinha;Panela Elétrica 5L;2;371.43;0;Pix
V002018;2026-07-08;Sul;Aplicativo;Informática;Notebook 14 Air;1;3339.0;0.2;Cartão de crédito
V002019;2026-05-05;Sudeste;Site;Celulares;Power Bank 20000mAh;2;238.15;0.08;Pix
V002020;2026-05-12;Sudeste;Marketplace;Celulares;Smartphone Orion Pro 256GB;1;2894.33;0.1;Cartão de crédito
V002021;2026-02-28;Sudeste;Site;Casa e Cozinha;Kit Potes Herméticos;1;135.55;0.05;Pix
V002022;2026-05-30;Sudeste;Site;Escritório;Fragmentadora 10 folhas;1;711.23;0;Cartão de crédito
V002023;2026-06-23;Sudeste;Site;Informática;Notebook 15 Pro;1;3710.22;0;Pix
V002024;2026-06-21;Centro-Oeste;Site;Celulares;Smartphone Orion Pro 256GB;1;3074.87;0.05;Pix
V002025;2026-07-31;Sul;Aplicativo;Casa e Cozinha;Balança Digital Cozinha;1;89.81;0;Cartão de crédito
V002026;2026-02-22;Nordeste;Site;Celulares;Smartphone Vega Max 256GB;2;2284.27;0.15;Cartão de crédito
V002027;2026-02-02;Centro-Oeste;Site;Informática;Monitor 24 IPS;2;954.24;0.2;Pix
V002028;2026-03-24;Sudeste;Site;Casa e Cozinha;Jogo de Panelas 5 peças;5;417.79;0.05;Cartão de crédito
V002029;2026-02-15;Sul;Marketplace;Games;Volante Racing;2;1330.74;0;Cartão de crédito
V002030;2026-03-02;Norte;Site;Games;Controle Sem Fio;1;413.53;0;Pix
V002031;2026-05-20;Sudeste;Aplicativo;Games;Console PlaySphere 5;5;4512.21;0.05;Cartão de crédito
V002032;2026-04-09;Sudeste;Site;Informática;Hub USB-C 8 em 1;4;279.83;0.08;Pix
V002033;2026-03-20;Norte;Site;Celulares;Smartphone Vega Max 256GB;4;2455.89;0.08;Cartão de crédito
V002034;2026-01-19;Nordeste;Site;Áudio e Vídeo;Smart TV 55 4K;1;3390.33;0.08;Pix
V002035;2026-06-17;Sudeste;Site;Celulares;Smartphone Vega Max 256GB;1;2271.89;0;Cartão de crédito
V002036;2026-08-12;Nordeste;Site;Games;Console PlaySphere 5;2;4362.73;0;Cartão de débito
V002037;2026-05-26;Sudeste;Site;Escritório;Cadeira Ergonômica;1;1255.56;0.15;Cartão de crédito
V002038;2026-04-26;Sudeste;Site;Celulares;Fone Bluetooth;2;263.53;0.1;Pix
V002039;2026-01-12;Sudeste;Aplicativo;Informática;Teclado Mecânico;6;342.6;0.15;Cartão de crédito
V002040;2026-08-13;Centro-Oeste;Site;Celulares;Smartphone Orion 128GB;1;1889.98;0.1;Cartão de débito
V002041;2026-02-07;Sudeste;Aplicativo;Celulares;Película 3D;3;39.82;0.2;Cartão de débito
V002042;2026-05-06;Nordeste;Site;Informática;Teclado Mecânico;1;332.85;0.1;Pix
V002043;2026-06-06;Sul;Site;Escritório;Suporte para Notebook;2;111.78;0;Cartão de crédito
V002044;2026-02-18;Sul;Aplicativo;Escritório;Luminária LED;4;135.86;0;Cartão de crédito
V002045;2026-02-19;Nordeste;Aplicativo;Games;Volante Racing;5;1343.38;0;Cartão de crédito
V002046;2026-07-04;Sudeste;Marketplace;Celulares;Power Bank 20000mAh;1;235.22;0.2;Cartão de crédito
V002047;2026-03-13;Centro-Oeste;Site;Casa e Cozinha;Jogo de Panelas 5 peças;2;428.24;0.08;Cartão de crédito
V002048;2026-06-14;Nordeste;Aplicativo;Casa e Cozinha;Jogo de Panelas 5 peças;4;434.3;0.05;Cartão de débito
V002049;2026-05-30;Nordeste;Site;Casa e Cozinha;Liquidificador 1200W;3;286.07;0.12;Pix
V002050;2026-03-31;Centro-Oeste;Aplicativo;Áudio e Vídeo;Caixa Bluetooth;1;394.62;0;Cartão de crédito
V002051;2026-02-21;Sul;Marketplace;Celulares;Película 3D;2;39.14;0.05;Cartão de débito
V002052;2026-06-26;Norte;Marketplace;Games;Jogo Aventura Lendária;6;336.51;0.15;Cartão de crédito
V002053;2026-06-28;Sul;Site;Informática;Mochila para Notebook;1;187.3;0.12;Cartão de débito
V002054;2026-06-21;Sudeste;Site;Games;Volante Racing;1;1356.95;0;Cartão de débito
V002055;2026-01-25;Sudeste;Site;Celulares;Smartphone Orion Pro 256GB;1;3073.35;0.05;Cartão de crédito
V002056;2026-03-13;Sudeste;Site;Informática;Monitor 27 QHD;1;1700.95;0.15;Boleto
V002057;2026-01-13;Norte;Site;Informática;Hub USB-C 8 em 1;3;296.17;0.15;Pix
V002058;2026-08-16;Sudeste;Aplicativo;Casa e Cozinha;Cafeteira Programável;1;309.89;0.1;Cartão de crédito
V002059;2026-03-28;Norte;Aplicativo;Informática;SSD NVMe 1TB;2;549.83;0;Cartão de débito
V002060;2026-06-09;Sul;Site;Casa e Cozinha;Air Fryer 5L;1;491.32;0.08;Pix
V002061;2026-05-04;Nordeste;Site;Celulares;Smartphone Orion Pro 256GB;2;2925.6;0.1;Cartão de débito
V002062;2026-02-05;Sul;Site;Casa e Cozinha;Sanduicheira Grill;1;185.67;0.05;Pix
V002063;2026-05-04;Sul;Aplicativo;Celulares;Smartphone Vega Max 256GB;1;2281.89;0;Pix
V002064;2026-06-15;Sudeste;Marketplace;Celulares;Película 3D;1;37.9;0.1;Cartão de débito
V002065;2026-07-11;Sudeste;Marketplace;Informática;Memória DDR4 16GB;6;301.76;0;Cartão de crédito
V002066;2026-01-22;Sudeste;Site;Áudio e Vídeo;Headset Gamer;1;308.17;0;Cartão de crédito
V002067;2026-04-08;Nordeste;Site;Informática;SSD SATA 480GB;2;284.49;0.08;Cartão de crédito
V002068;2026-04-07;Sul;Site;Escritório;Fragmentadora 10 folhas;5;741.79;0;Pix
V002069;2026-07-14;Sudeste;Marketplace;Celulares;Power Bank 20000mAh;1;219.31;0;Pix
V002070;2026-07-24;Nordeste;Site;Áudio e Vídeo;Microfone USB;4;379.05;0.05;Cartão de débito
V002071;2026-04-04;Centro-Oeste;Site;Informática;Teclado Mecânico;6;351.11;0.12;Pix
V002072;2026-02-14;Sudeste;Aplicativo;Celulares;Capa Antichoque;1;71.42;0.08;Cartão de crédito
V002073;2026-06-25;Nordeste;Site;Informática;Notebook 15 Pro;1;4086.68;0.1;Pix
V002074;2026-08-30;Centro-Oeste;Aplicativo;Games;Console PlaySphere 5;1;4544.38;0.1;Pix
V002075;2026-05-17;Sudeste;Site;Casa e Cozinha;Air Fryer 5L;1;507.12;0.05;Cartão de débito
V002076;2026-07-14;Sudeste;Aplicativo;Informática;Notebook 15 Pro;1;3840.01;0.1;Cartão de débito
V002077;2026-08-11;Sudeste;Site;Áudio e Vídeo;Smart TV 55 4K;1;3322.87;0;Boleto
V002078;2026-07-05;Norte;Site;Informática;Teclado Mecânico;3;351.48;0;Cartão de crédito
V002079;2026-03-16;Norte;Site;Celulares;Película 3D;1;41.36;0.2;Cartão de crédito
V002080;2026-04-23;Centro-Oeste;Aplicativo;Celulares;Smartphone Orion Pro 256GB;1;2845.99;0.12;Pix
V002081;2026-02-13;Centro-Oeste;Aplicativo;Celulares;Smartphone Vega 128GB;1;1564.09;0.1;Cartão de crédito
V002082;2026-07-11;Norte;Site;Celulares;Smartphone Vega Max 256GB;5;2488.81;0.08;Cartão de débito
V002083;2026-08-19;Sudeste;Marketplace;Casa e Cozinha;Liquidificador 1200W;3;284.42;0;Cartão de crédito
V002084;2026-02-20;Centro-Oeste;Aplicativo;Games;Volante Racing;3;1276.15;0.15;Pix
V002085;2026-06-19;Sul;Site;Celulares;Capa Antichoque;1;69.08;0.08;Pix
V002086;2026-03-23;Sudeste;Aplicativo;Games;Controle Sem Fio;1;411.62;0;Boleto
V002087;2026-02-24;Sudeste;Site;Escritório;Organizador de Mesa;1;74.46;0.08;Pix
V002088;2026-03-10;Norte;Aplicativo;Informática;Webcam Full HD;8;226.47;0;Cartão de débito
V002089;2026-05-19;Sudeste;Aplicativo;Informática;Monitor 27 QHD;2;1675.86;0;Pix
V002090;2026-07-11;Norte;Site;Celulares;Smartphone Orion Pro 256GB;4;2879.65;0.1;Cartão de crédito
V002091;2026-06-06;Nordeste;Aplicativo;Casa e Cozinha;Aspirador Vertical;2;517.0;0.08;Cartão de débito
V002092;2026-02-11;Sudeste;Site;Casa e Cozinha;Air Fryer 5L;1;509.13;0.12;Pix
V002093;2026-07-05;Sudeste;Site;Informática;Hub USB-C 8 em 1;1;282.15;0.12;Cartão de crédito
V002094;2026-06-13;Sudeste;Marketplace;Games;Jogo Corrida Pro;2;297.13;0.1;Pix
V002095;2026-06-19;Sudeste;Marketplace;Games;Headset 7.1;1;483.52;0;Pix
V002096;2026-07-21;Sul;Site;Áudio e Vídeo;Soundbar 2.1;1;829.68;0;Cartão de crédito
V002097;2026-01-13;Sul;Aplicativo;Celulares;Smartphone Vega 128GB;1;1501.91;0.15;Cartão de crédito
V002098;2026-06-15;Centro-Oeste;Aplicativo;Celulares;Carregador USB-C 30W;2;113.7;0.1;Cartão de crédito
V002099;2026-01-16;Centro-Oeste;Site;Informática;Monitor 27 QHD;3;1616.55;0.1;Boleto
V002100;2026-02-19;Sudeste;Aplicativo;Informática;Memória DDR4 16GB;2;295.04;0.08;Cartão de crédito
V002101;2026-03-14;Sudeste;Site;Escritório;Papel A4 500 folhas;2;35.5;0.08;Cartão de crédito
V002102;2026-01-04;Centro-Oeste;Marketplace;Casa e Cozinha;Sanduicheira Grill;2;185.75;0;Cartão de crédito
V002103;2026-08-30;Sudeste;Site;Casa e Cozinha;Sanduicheira Grill;4;187.64;0.2;Cartão de débito
V002104;2026-08-16;Sudeste;Aplicativo;Informática;Mochila para Notebook;2;178.61;0.1;Cartão de crédito
V002105;2026-08-02;Centro-Oeste;Aplicativo;Games;Controle Sem Fio;1;427.37;0.08;Cartão de débito
V002106;2026-03-30;Sudeste;Site;Celulares;Smartphone Vega Max 256GB;1;2346.37;0;Pix
V002107;2026-07-15;Sudeste;Site;Celulares;Carregador USB-C 30W;3;120.38;0;Cartão de crédito
V002108;2026-03-22;Sudeste;Aplicativo;Informática;Monitor 24 IPS;1;853.97;0.1;Pix
V002109;2026-05-16;Sudeste;Site;Casa e Cozinha;Jogo de Panelas 5 peças;2;435.59;0.05;Cartão de débito
V002110;2026-02-27;Sudeste;Aplicativo;Games;Console NovaBox X;1;3907.97;0;Cartão de débito
V002111;2026-04-14;Centro-Oeste;Site;Áudio e Vídeo;Headset Gamer;24;280.66;0;Cartão de crédito
V002112;2026-01-29;Nordeste;Site;Informática;SSD NVMe 1TB;3;521.96;0;Cartão de crédito
V002113;2026-04-11;Nordeste;Aplicativo;Escritório;Cadeira Ergonômica;1;1187.89;0.05;Cartão de crédito
V002114;2026-08-17;Nordeste;Site;Informática;Webcam Full HD;3;248.26;0;Pix
V002115;2026-08-22;Sudeste;Aplicativo;Casa e Cozinha;Air Fryer 5L;2;511.59;0;Cartão de débito
V002116;2026-03-05;Sudeste;Aplicativo;Áudio e Vídeo;Suporte TV Articulado;3;179.21;0.12;Cartão de crédito
V002117;2026-08-19;Nordeste;Aplicativo;Celulares;Película 3D;1;39.33;0.15;Pix
V002118;2026-08-04;Sul;Site;Celulares;Smartphone Vega 128GB;1;1421.7;0.2;Pix
V002119;2026-05-09;Nordeste;Aplicativo;Celulares;Película 3D;3;37.65;0.05;Cartão de crédito
V002120;2026-08-21;Sul;Aplicativo;Escritório;Impressora Multifuncional;3;853.95;0.15;Pix
V002121;2026-07-30;Nordeste;Marketplace;Casa e Cozinha;Cafeteira Programável;1;315.57;0.05;Cartão de crédito
V002122;2026-06-13;Sudeste;Site;Games;Jogo Aventura Lendária;1;371.75;0;Cartão de débito
V002123;2026-02-22;Nordeste;Site;Informática;Notebook 15 Pro;2;4025.25;0;Cartão de crédito
V002124;2026-06-06;Nordeste;Site;Casa e Cozinha;Kit Potes Herméticos;2;125.45;0.05;Cartão de crédito
V002125;2026-02-11;Nordeste;Site;Escritório;Fragmentadora 10 folhas;2;690.29;0.15;Boleto
V002126;2026-08-09;Sul;Site;Informática;Mouse Sem Fio;1;132.6;0;Cartão de crédito
V002127;2026-02-20;Sul;Site;Games;Console NovaBox X;1;4135.94;0;Boleto
V002128;2026-02-27;Sudeste;Site;Celulares;Fone Bluetooth;1;252.68;0.05;Cartão de crédito
V002129;2026-05-03;Nordeste;Marketplace;Games;Jogo Aventura Lendária;1;359.34;0.1;Cartão de crédito
V002130;2026-04-23;Sudeste;Site;Celulares;Carregador USB-C 30W;1;118.8;0.05;Cartão de crédito
V002131;2026-06-13;Norte;Site;Casa e Cozinha;Jogo de Panelas 5 peças;1;458.67;0;Pix
V002132;2026-06-23;Sudeste;Aplicativo;Games;Volante Racing;2;1321.07;0.08;Cartão de débito
V002133;2026-07-16;Sul;Site;Áudio e Vídeo;Soundbar 2.1;1;794.98;0;Cartão de crédito
V002134;2026-01-19;Sul;Aplicativo;Áudio e Vídeo;Caixa Bluetooth;1;377.15;0;Cartão de crédito
V002135;2026-01-09;Nordeste;Marketplace;Casa e Cozinha;Liquidificador 1200W;1;287.56;0.1;Cartão de crédito
V002136;2026-03-24;Sul;Aplicativo;Casa e Cozinha;Cafeteira Programável;3;326.38;0.15;Cartão de crédito
V002137;2026-03-06;Sudeste;Site;Informática;Monitor 24 IPS;1;891.63;0;Cartão de crédito
V002138;2026-01-02;Sudeste;Marketplace;Casa e Cozinha;Kit Potes Herméticos;1;138.88;0;Pix
V002139;2026-05-13;Sul;Aplicativo;Casa e Cozinha;Cafeteira Programável;1;319.07;0.08;Cartão de crédito
V002140;2026-01-21;Sudeste;Site;Celulares;Película 3D;3;37.54;0.12;Cartão de crédito
V002141;2026-08-30;Sudeste;Site;Informática;Hub USB-C 8 em 1;3;298.23;0.08;Cartão de crédito
V002142;2026-04-04;Sudeste;Aplicativo;Áudio e Vídeo;Suporte TV Articulado;1;172.74;0;Boleto
V002143;2026-01-08;Sul;Aplicativo;Áudio e Vídeo;Caixa Bluetooth;3;382.7;0;Cartão de débito
V002144;2026-07-06;Sudeste;Aplicativo;Áudio e Vídeo;Smart TV 43 4K;1;2249.77;0;Pix
V002145;2026-07-02;Centro-Oeste;Marketplace;Escritório;Organizador de Mesa;1;72.23;0;Cartão de débito
V002146;2026-06-25;Norte;Marketplace;Informática;Mochila para Notebook;2;194.07;0.15;Pix
V002147;2026-01-22;Centro-Oeste;Aplicativo;Casa e Cozinha;Liquidificador 1200W;2;296.12;0.1;Boleto
V002148;2026-07-21;Sudeste;Site;Informática;Mouse Sem Fio;1;133.58;0.08;Pix
V002149;2026-04-28;Nordeste;Marketplace;Celulares;Smartphone Orion Pro 256GB;3;2969.29;0.15;Cartão de crédito
V002150;2026-02-24;Sul;Site;Games;Volante Racing;1;1348.06;0;Cartão de crédito
V002151;2026-05-05;Sudeste;Marketplace;Celulares;Película 3D;2;39.68;0.05;Cartão de crédito
V002152;2026-05-19;Nordeste;Aplicativo;Informática;Mochila para Notebook;1;192.9;0.05;Cartão de débito
V002153;2026-01-21;Nordeste;Marketplace;Áudio e Vídeo;Smart TV 55 4K;6;3139.04;0;Cartão de crédito
V002154;2026-06-15;Sul;Marketplace;Casa e Cozinha;Sanduicheira Grill;1;190.92;0.1;Cartão de crédito
V002155;2026-06-07;Norte;Aplicativo;Informática;SSD NVMe 1TB;2;512.04;0.1;Pix
V002156;2026-08-23;Sudeste;Site;Games;Controle Sem Fio;1;411.9;0.2;Cartão de crédito
V002157;2026-02-21;Sul;Site;Informática;Monitor 24 IPS;2;859.46;0;Cartão de débito
V002158;2026-04-27;Sul;Aplicativo;Casa e Cozinha;Kit Potes Herméticos;1;133.13;0.1;Pix
V002159;2026-07-14;Nordeste;Aplicativo;Escritório;Cadeira Ergonômica;1;1211.34;0.1;Cartão de débito
V002160;2026-03-04;Sudeste;Marketplace;Games;Volante Racing;3;1337.57;0.2;Cartão de crédito
V002161;2026-07-11;Sudeste;Site;Informática;Notebook 15 Pro;1;3905.95;0.15;Cartão de débito
V002162;2026-03-27;Nordeste;Aplicativo;Informática;Notebook 15 Pro;1;3861.94;0;Cartão de crédito
V002163;2026-05-13;Norte;Site;Escritório;Fragmentadora 10 folhas;8;738.13;0.2;Cartão de crédito
V002164;2026-08-25;Centro-Oeste;Site;Informática;Memória DDR4 16GB;1;300.2;0.08;Cartão de crédito
V002165;2026-04-20;Centro-Oeste;Aplicativo;Casa e Cozinha;Cafeteira Programável;2;321.37;0;Boleto
V002166;2026-02-02;Nordeste;Aplicativo;Áudio e Vídeo;Smart TV 55 4K;2;3227.14;0;Cartão de crédito
V002167;2026-02-11;Centro-Oeste;Site;Casa e Cozinha;Kit Potes Herméticos;2;122.36;0.15;Cartão de crédito
V002168;2026-07-18;Sudeste;Site;Games;Controle Sem Fio;2;421.53;0.12;Pix
V002169;2026-02-07;Nordeste;Aplicativo;Celulares;Smartphone Vega 128GB;1;1520.78;0.12;Cartão de débito
V002170;2026-06-24;Sudeste;Site;Celulares;Power Bank 20000mAh;1;234.14;0;Cartão de crédito
V002171;2026-08-17;Sudeste;Marketplace;Áudio e Vídeo;Microfone USB;3;384.01;0.1;Cartão de crédito
V002172;2026-07-19;Sul;Aplicativo;Casa e Cozinha;Aspirador Vertical;2;563.86;0.05;Pix
V002173;2026-03-03;Sudeste;Site;Celulares;Carregador USB-C 30W;1;125.37;0;Boleto
V002174;2026-03-04;Nordeste;Site;Áudio e Vídeo;Caixa Bluetooth;1;405.09;0.05;Cartão de crédito
V002175;2026-07-31;Nordeste;Site;Celulares;Smartphone Vega Max 256GB;2;2365.75;0;Cartão de crédito
V002176;2026-06-19;Sudeste;Site;Informática;SSD NVMe 1TB;2;557.37;0;Cartão de crédito
V002177;2026-01-06;Nordeste;Site;Celulares;Carregador USB-C 30W;1;114.63;0.05;Pix
V002178;2026-04-13;Sudeste;Site;Games;Volante Racing;1;1348.03;0.05;Pix
V002179;2026-05-18;Nordeste;Site;Informática;SSD NVMe 1TB;2;565.56;0;Pix
V002180;2026-08-13;Norte;Aplicativo;Informática;Mouse Sem Fio;1;123.85;0.05;Boleto
V002181;2026-06-08;Norte;Aplicativo;Informática;Teclado Mecânico;1;338.8;0.1;Boleto
V002182;2026-07-25;Sudeste;Site;Casa e Cozinha;Aspirador Vertical;1;521.22;0;Pix
V002183;2026-04-05;Sudeste;Site;Casa e Cozinha;Aspirador Vertical;3;579.31;0.1;Cartão de crédito
V002184;2026-08-31;Centro-Oeste;Aplicativo;Casa e Cozinha;Kit Potes Herméticos;1;132.76;0;Cartão de crédito
V002185;2026-04-03;Nordeste;Aplicativo;Celulares;Película 3D;1;38.89;0.12;Cartão de débito
V002186;2026-08-27;Sudeste;Site;Informática;Mouse Sem Fio;1;125.01;0.08;Cartão de crédito
V002187;2026-03-20;Norte;Aplicativo;Informática;Mochila para Notebook;1;184.84;0;Cartão de crédito
V002188;2026-04-09;Sudeste;Site;Informática;Webcam Full HD;1;237.42;0;Cartão de débito
V002189;2026-02-21;Sudeste;Site;Informática;Monitor 24 IPS;1;945.2;0.1;Boleto
V002190;2026-08-10;Sul;Site;Áudio e Vídeo;Smart TV 55 4K;1;;0.05;Pix
V002191;2026-05-12;Sudeste;Aplicativo;Informática;Teclado Mecânico;1;330.85;0.15;Pix
V002192;2026-04-07;Sul;Aplicativo;Celulares;Smartphone Orion 128GB;1;1831.58;0.08;Cartão de crédito
V002193;2026-03-04;Nordeste;Site;Informática;Hub USB-C 8 em 1;1;296.96;0.05;Pix
V002194;2026-04-05;Sul;Site;Celulares;Smartphone Vega Max 256GB;5;2524.88;0;Cartão de crédito
V002195;2026-04-14;Sudeste;Site;Informática;Webcam Full HD;2;232.4;0.05;Pix
V002196;2026-06-22;Nordeste;Marketplace;Celulares;Smartphone Vega 128GB;1;1421.12;0.1;Cartão de débito
V002197;2026-03-20;Nordeste;Site;Escritório;Papel A4 500 folhas;3;33.03;0.15;Cartão de crédito
V002198;2026-07-26;Sudeste;Aplicativo;Escritório;Mesa Escritório 120cm;1;641.13;0;Cartão de crédito
V002199;2026-08-23;;Site;Casa e Cozinha;Cafeteira Programável;1;319.36;0;Cartão de crédito
V002200;2026-03-02;Sul;Aplicativo;Informática;Mouse Sem Fio;2;126.09;0.1;Cartão de débito
V002201;2026-06-05;Sul;Marketplace;Áudio e Vídeo;Smart TV 55 4K;8;3083.36;0;Cartão de crédito
V002202;2026-06-08;Sudeste;Aplicativo;Celulares;Película 3D;3;40.86;0.15;Cartão de débito
V002203;2026-01-21;Norte;Aplicativo;Informática;Webcam Full HD;1;248.03;0;Pix
V002204;2026-03-18;Centro-Oeste;Marketplace;Escritório;Impressora Multifuncional;2;876.81;0.15;Pix
V002205;2026-05-01;Sul;Aplicativo;Áudio e Vídeo;Smart TV 43 4K;1;2112.52;0.05;Cartão de crédito
V002206;2026-06-16;Sul;Site;Informática;SSD NVMe 1TB;3;542.13;0;Pix
V002207;2026-01-08;Sudeste;Site;Áudio e Vídeo;Microfone USB;1;358.74;0;Cartão de crédito
V002208;2026-03-17;Sudeste;Aplicativo;Informática;Teclado Mecânico;1;338.92;0.05;Cartão de débito
V002209;2026-07-03;Sudeste;Site;Informática;Monitor 24 IPS;1;932.69;0;Pix
V002210;2026-06-26;Sudeste;Marketplace;Games;Jogo Corrida Pro;1;310.13;0.1;Cartão de débito
V002211;2026-05-30;Sul;Site;Casa e Cozinha;Panela Elétrica 5L;1;403.76;0;Cartão de crédito
V002212;2026-04-07;Sul;Aplicativo;Casa e Cozinha;Sanduicheira Grill;1;170.08;0.05;Cartão de crédito
V002213;2026-07-02;Nordeste;Aplicativo;Áudio e Vídeo;Soundbar 2.1;3;822.2;0;Cartão de crédito
V002214;2026-01-07;Sudeste;Aplicativo;Informática;Webcam Full HD;2;254.89;0.1;Cartão de crédito
V002215;2026-06-24;Sudeste;Marketplace;Casa e Cozinha;Aspirador Vertical;1;522.88;0;Cartão de crédito
V002216;2026-07-20;Sudeste;Site;Celulares;Smartphone Orion 128GB;1;1732.33;0;Cartão de crédito
V002217;2026-07-31;Nordeste;Site;Informática;Hub USB-C 8 em 1;1;284.27;0.1;Cartão de crédito
V002218;2026-05-14;Sudeste;Site;Informática;Memória DDR4 16GB;2;303.52;0.05;Cartão de crédito
V002219;2026-06-06;Sudeste;Site;Informática;Teclado Mecânico;1;369.91;0.1;Pix
V002220;2026-04-18;Nordeste;Aplicativo;Informática;Notebook 14 Air;2;3528.02;0;Cartão de crédito
V002221;2026-03-26;Nordeste;Site;Informática;Monitor 24 IPS;5;853.16;0.08;Cartão de crédito
V002222;2026-05-25;Sudeste;Aplicativo;Informática;Notebook 14 Air;1;3438.06;0.08;Cartão de crédito
V002223;2026-07-05;Nordeste;Marketplace;Informática;SSD SATA 480GB;1;266.76;0.15;Pix
V002224;2026-07-22;Sul;Site;Celulares;Fone Bluetooth;4;250.21;0;Cartão de débito
V002225;2026-04-04;Sudeste;Site;Celulares;Carregador USB-C 30W;3;124.74;0.1;Pix
V002226;2026-03-22;Nordeste;Site;Casa e Cozinha;Panela Elétrica 5L;3;389.01;0.05;Cartão de débito
V002227;2026-02-17;Sudeste;Aplicativo;Informática;Memória DDR4 16GB;1;281.55;0.05;Cartão de crédito
V002228;2026-08-13;Sudeste;Aplicativo;Escritório;Impressora Multifuncional;1;928.31;0.05;Pix
V002229;2026-06-12;Sudeste;Aplicativo;Games;Headset 7.1;1;456.05;0.05;Cartão de crédito
V002230;2026-06-22;Nordeste;Marketplace;Games;Controle Sem Fio;2;422.5;0.2;Boleto
V002231;2026-05-14;Sudeste;Site;Informática;Notebook 15 Pro;2;3714.58;0.05;Cartão de crédito
V002232;2026-07-11;Norte;Site;Informática;Webcam Full HD;1;247.72;0.05;Cartão de crédito
V002233;2026-02-04;Centro-Oeste;Aplicativo;Casa e Cozinha;Kit Potes Herméticos;1;123.06;0.1;Pix
V002234;2026-08-28;Sul;Site;Casa e Cozinha;Air Fryer 5L;2;532.22;0.1;Cartão de crédito
V002235;2026-04-30;Nordeste;Site;Áudio e Vídeo;Soundbar 2.1;1;796.71;0.05;Pix
V002236;2026-05-14;Centro-Oeste;Site;Escritório;Mesa Escritório 120cm;1;;0.12;Cartão de crédito
V002237;2026-02-11;Sudeste;Aplicativo;Casa e Cozinha;Cafeteira Programável;1;301.25;0;Boleto
V002238;2026-02-11;Sul;Aplicativo;Celulares;Power Bank 20000mAh;3;228.09;0;Cartão de crédito
V002239;2026-07-28;Sul;Site;Celulares;Smartphone Vega 128GB;2;1484.91;0;Cartão de crédito
V002240;2026-07-15;Nordeste;Site;Escritório;Suporte para Notebook;2;114.27;0.15;Pix
V002241;2026-01-23;Nordeste;Site;Áudio e Vídeo;Soundbar 2.1;1;812.84;0.2;Cartão de crédito
V002242;2026-04-08;Nordeste;Marketplace;Celulares;Smartphone Orion 128GB;1;1730.22;0.1;Pix
V002243;2026-08-26;Nordeste;Site;Casa e Cozinha;Cafeteira Programável;2;311.55;0.12;Pix
V002244;2026-05-12;Sudeste;Site;Escritório;Luminária LED;1;140.7;0;Cartão de crédito
V002245;2026-01-28;Nordeste;Aplicativo;Informática;Mochila para Notebook;4;187.33;0.2;Pix
V002246;2026-02-19;Centro-Oeste;Site;Celulares;Smartphone Orion Pro 256GB;1;3068.39;0;Cartão de débito
V002247;2026-02-11;Sudeste;Site;Casa e Cozinha;Kit Potes Herméticos;2;127.66;0;Cartão de crédito
V002248;2026-01-15;Sudeste;Marketplace;Informática;Monitor 24 IPS;2;932.4;0.2;Cartão de crédito
V002249;2026-03-03;Nordeste;Site;Escritório;Fragmentadora 10 folhas;1;729.18;0.15;Cartão de crédito
V002250;2026-08-08;Sudeste;Site;Games;Volante Racing;4;1375.76;0;Boleto
V002251;2026-06-12;Norte;Site;Informática;Webcam Full HD;2;253.92;0.12;Cartão de crédito
V002252;2026-04-02;Nordeste;Aplicativo;Casa e Cozinha;Sanduicheira Grill;3;171.0;0;Cartão de débito
V002253;2026-05-24;Sul;Site;Informática;Mochila para Notebook;2;195.17;0.1;Cartão de crédito
V002254;2026-08-07;Sudeste;Marketplace;Informática;Webcam Full HD;1;252.49;0.05;Cartão de débito
V002255;2026-01-27;Nordeste;Marketplace;Games;Console NovaBox X;6;3989.92;0.05;Cartão de crédito
V002256;2026-01-11;Nordeste;Site;Celulares;Película 3D;3;38.83;0;Pix
V002257;2026-04-21;Centro-Oeste;Site;Informática;Mochila para Notebook;2;190.41;0;Cartão de crédito
V002258;2026-03-11;Sudeste;Site;Casa e Cozinha;Panela Elétrica 5L;2;385.03;0.05;Cartão de crédito
V002259;2026-06-16;Sudeste;Marketplace;Casa e Cozinha;Panela Elétrica 5L;1;399.19;0.05;Boleto
V002260;2026-07-30;Sul;Site;Áudio e Vídeo;Headset Gamer;3;280.13;0;Cartão de débito
V002261;2026-04-15;Sudeste;Site;Escritório;Organizador de Mesa;3;68.33;0;Boleto
V002262;2026-08-19;Sudeste;Site;Games;Controle Sem Fio;2;405.52;0.12;Pix
V002263;2026-06-10;Norte;Site;Informática;Monitor 27 QHD;1;1532.98;0.1;Pix
V002264;2026-06-11;Norte;Aplicativo;Áudio e Vídeo;Caixa Bluetooth;1;414.06;0;Cartão de crédito
V002265;2026-04-18;Sul;Aplicativo;Informática;Notebook 14 Air;2;3503.37;0.05;Pix
V002266;2026-07-21;Sudeste;Aplicativo;Áudio e Vídeo;Smart TV 43 4K;3;2170.16;0;Pix
V002267;2026-01-09;Sul;Aplicativo;Celulares;Smartphone Vega 128GB;1;1529.03;0.2;Cartão de débito
V002268;2026-08-01;Sul;Site;Informática;Teclado Mecânico;1;335.61;0.08;Pix
V002269;2026-07-03;Sudeste;Aplicativo;Informática;Notebook 14 Air;4;3288.93;0;Cartão de crédito
V002270;2026-04-21;Norte;Aplicativo;Áudio e Vídeo;Smart TV 55 4K;1;3268.9;0.05;Cartão de débito
V002271;2026-03-29;Nordeste;Aplicativo;Informática;Notebook 14 Air;1;3324.99;0.08;Pix
V002272;2026-05-10;Sudeste;Marketplace;Escritório;Suporte para Notebook;1;104.01;0.05;Cartão de crédito
V002273;2026-04-13;Sudeste;Site;Games;Jogo Aventura Lendária;4;343.81;0;Pix
V002274;2026-04-22;Sudeste;Site;Celulares;Fone Bluetooth;1;255.66;0;Cartão de débito
V002275;2026-04-08;Sul;Aplicativo;Escritório;Suporte para Notebook;1;113.38;0;Pix
V002276;2026-08-01;Nordeste;Site;Escritório;Luminária LED;6;131.84;0.1;Cartão de crédito
V002277;2026-08-25;Sudeste;Marketplace;Celulares;Película 3D;1;41.74;0.1;Cartão de débito
V002278;2026-02-12;Sudeste;Aplicativo;Celulares;Fone Bluetooth;1;257.37;0.08;Cartão de crédito
V002279;2026-04-17;Centro-Oeste;Marketplace;Games;Volante Racing;2;1271.57;0;Cartão de crédito
V002280;2026-05-05;Sudeste;Site;Áudio e Vídeo;Smart TV 55 4K;10;3227.18;0.08;Pix
V002281;2026-05-28;Nordeste;Site;Celulares;Carregador USB-C 30W;1;123.17;0.15;Cartão de débito
V002282;2026-07-25;Sudeste;Site;Celulares;Smartphone Vega Max 256GB;4;2316.6;0.05;Pix
V002283;2026-04-04;Norte;Site;Informática;Notebook 15 Pro;2;3706.35;0;Cartão de débito
V002284;2026-03-25;Sudeste;Aplicativo;Casa e Cozinha;Panela Elétrica 5L;1;383.41;0;Cartão de crédito
V002285;2026-06-07;Sudeste;Aplicativo;Informática;SSD SATA 480GB;2;258.9;0.05;Cartão de crédito
V002286;2026-08-29;Nordeste;Aplicativo;Áudio e Vídeo;Microfone USB;3;338.41;0.15;Pix
V002287;2026-05-19;;Aplicativo;Casa e Cozinha;Liquidificador 1200W;4;289.14;0.2;Cartão de crédito
V002288;2026-07-12;Nordeste;Site;Games;Console NovaBox X;8;4226.65;0;Pix
V002289;2026-06-10;Sudeste;Aplicativo;Áudio e Vídeo;Smart TV 43 4K;1;2191.2;0.08;Boleto
V002290;2026-01-09;Sudeste;Aplicativo;Celulares;Capa Antichoque;3;68.64;0.12;Cartão de débito
V002291;2026-01-01;Centro-Oeste;Aplicativo;Celulares;Smartphone Vega Max 256GB;1;2514.09;;Cartão de débito
V002292;2026-04-27;Centro-Oeste;Aplicativo;Celulares;Smartphone Orion Pro 256GB;2;3053.65;0.2;Pix
V002293;2026-05-27;Centro-Oeste;Site;Celulares;Smartphone Orion 128GB;2;1825.06;0.08;Cartão de crédito
V002294;2026-08-10;Norte;Marketplace;Áudio e Vídeo;Smart TV 55 4K;1;3139.47;0;Cartão de crédito
V002295;2026-08-27;Sudeste;Site;Informática;Monitor 24 IPS;2;900.59;0.2;Pix
V002296;2026-01-25;Nordeste;Aplicativo;Casa e Cozinha;Air Fryer 5L;1;486.53;0.05;Pix
V002297;2026-01-22;Nordeste;Site;Informática;Mochila para Notebook;3;202.56;0.15;Pix
V002298;2026-01-22;Centro-Oeste;Aplicativo;Casa e Cozinha;Kit Potes Herméticos;1;136.91;0;Cartão de crédito
V002299;2026-03-30;Nordeste;Aplicativo;Escritório;Mesa Escritório 120cm;8;667.36;0.15;Pix
V002300;2026-05-10;Sul;Marketplace;Informática;SSD SATA 480GB;2;276.31;0;Cartão de crédito
V002301;2026-06-04;Norte;Site;Informática;Teclado Mecânico;1;331.27;0;Cartão de crédito
V002302;2026-04-15;Norte;Aplicativo;Celulares;Smartphone Vega Max 256GB;6;2355.36;0.05;Cartão de crédito
V002303;2026-08-14;Nordeste;Site;Celulares;Capa Antichoque;1;66.91;0.08;Cartão de débito
V002304;2026-07-19;Sudeste;Site;Games;Headset 7.1;1;450.78;0.08;Pix
V002305;2026-07-03;Sudeste;Aplicativo;Games;Controle Sem Fio;4;399.74;0.12;Cartão de débito
V002306;2026-08-05;Sudeste;Aplicativo;Áudio e Vídeo;Microfone USB;2;348.59;0.08;Boleto
V002307;2026-04-05;Sudeste;Aplicativo;Games;Jogo Aventura Lendária;1;362.33;0.08;Cartão de crédito
V002308;2026-07-11;Sudeste;Marketplace;Celulares;Capa Antichoque;2;73.46;0.1;Pix
V002309;2026-07-05;Sudeste;Site;Áudio e Vídeo;Projetor Full HD;5;1935.89;0.05;Cartão de crédito
V002310;2026-05-10;Sudeste;Site;Informática;Monitor 27 QHD;1;1651.29;0.1;Pix
V002311;2026-03-26;Sudeste;Marketplace;Informática;Mouse Sem Fio;1;129.5;0;Cartão de débito
V002312;2026-06-17;Centro-Oeste;Aplicativo;Escritório;Impressora Multifuncional;5;882.34;0;Cartão de crédito
V002313;2026-06-25;Sul;Aplicativo;Celulares;Película 3D;1;39.7;0.05;Cartão de débito
V002314;2026-02-09;Sul;Aplicativo;Escritório;Cadeira Ergonômica;2;1180.23;0.05;Cartão de crédito
V002315;2026-08-29;Sul;Site;Celulares;Fone Bluetooth;1;236.17;0.15;Cartão de crédito
V002316;2026-06-24;Centro-Oeste;Site;Celulares;Fone Bluetooth;2;257.14;0.15;Cartão de crédito
V002317;2026-06-29;Centro-Oeste;Aplicativo;Celulares;Smartphone Vega Max 256GB;1;2546.76;0;Cartão de crédito
V002318;2026-08-31;Sudeste;Site;Escritório;Fragmentadora 10 folhas;3;688.78;0.08;Pix
V002319;2026-07-06;Sudeste;Marketplace;Games;Console PlaySphere 5;2;4311.79;0.1;Pix
V002320;2026-08-24;Nordeste;Site;Celulares;Power Bank 20000mAh;1;238.34;0;Pix
V002321;2026-05-04;Sul;Aplicativo;Informática;Notebook 15 Pro;1;4106.41;0.05;Cartão de débito
V002322;2026-07-10;Centro-Oeste;Marketplace;Áudio e Vídeo;Caixa Bluetooth;4;400.51;0;Pix
V002323;2026-04-04;Nordeste;Site;Escritório;Suporte para Notebook;2;112.62;0;Cartão de crédito
V002324;2026-03-30;Sudeste;Site;Escritório;Cadeira Ergonômica;2;1136.82;0;Cartão de débito
V002325;2026-07-29;Sudeste;Site;Informática;SSD NVMe 1TB;1;507.54;0.08;Pix
V002326;2026-02-11;Norte;Site;Escritório;Papel A4 500 folhas;10;34.1;0.08;Pix
V002327;2026-02-17;Sudeste;Site;Casa e Cozinha;Balança Digital Cozinha;1;84.88;0.05;Pix
V002328;2026-01-09;Sudeste;Marketplace;Celulares;Smartphone Vega 128GB;6;1547.09;0.05;Pix
V002329;2026-05-09;Sudeste;Aplicativo;Informática;Teclado Mecânico;1;333.7;0.08;Cartão de crédito
V002330;2026-06-30;Nordeste;Site;Informática;Notebook 15 Pro;1;3691.87;0;Cartão de crédito
V002331;2026-07-03;;Marketplace;Casa e Cozinha;Liquidificador 1200W;1;269.92;0.15;Pix
V002332;2026-08-29;Sudeste;Site;Celulares;Smartphone Orion Pro 256GB;2;3068.18;0;Cartão de crédito
V002333;2026-04-01;Nordeste;Aplicativo;Informática;Mochila para Notebook;10;183.8;0.15;Boleto
V002334;2026-06-11;Centro-Oeste;Marketplace;Casa e Cozinha;Cafeteira Programável;1;327.83;0.12;Cartão de crédito
V002335;2026-06-26;Sul;Site;Informática;SSD SATA 480GB;1;269.06;0.1;Pix
V002336;2026-06-16;Norte;Site;Informática;SSD NVMe 1TB;1;513.36;0.05;Cartão de crédito
V002337;2026-08-18;Nordeste;Site;Games;Jogo Corrida Pro;2;311.64;0;Pix
V002338;2026-01-05;Sudeste;Site;Escritório;Impressora Multifuncional;2;850.53;0.05;Cartão de crédito
V002339;2026-03-07;Sudeste;Aplicativo;Celulares;Película 3D;1;42.31;0.15;Cartão de débito
V002340;2026-08-16;Nordeste;Aplicativo;Áudio e Vídeo;Soundbar 2.1;2;;0.05;Cartão de crédito
V002341;2026-03-14;Sudeste;Site;Escritório;Papel A4 500 folhas;1;33.03;0.08;Cartão de crédito
V002342;2026-08-08;Sudeste;Aplicativo;Áudio e Vídeo;Smart TV 55 4K;2;3413.72;0;Cartão de crédito
V002343;2026-05-22;Sul;Site;Áudio e Vídeo;Microfone USB;3;359.62;0.15;Cartão de crédito
V002344;2026-01-11;Nordeste;Site;Games;Console NovaBox X;5;3872.51;0.08;Cartão de crédito
V002345;2026-01-27;Sul;Aplicativo;Casa e Cozinha;Liquidificador 1200W;1;274.37;0.08;Pix
V002346;2026-08-18;Norte;Site;Games;Jogo Aventura Lendária;2;331.01;0.08;Cartão de crédito
V002347;2026-05-23;Sudeste;Marketplace;Celulares;Smartphone Orion 128GB;3;1791.54;0.1;Cartão de crédito
V002348;2026-02-10;Nordeste;Site;Áudio e Vídeo;Microfone USB;2;371.87;0;Pix
V002349;2026-02-02;;Aplicativo;Escritório;Cadeira Ergonômica;2;1179.5;0.05;Cartão de débito
V002350;2026-04-26;Sudeste;Marketplace;Informática;Hub USB-C 8 em 1;1;279.01;0.08;Cartão de crédito
V002351;2026-01-27;Sudeste;Site;Celulares;Smartphone Vega Max 256GB;3;2305.2;0.08;Pix
V002352;2026-03-05;Sul;Site;Celulares;Smartphone Orion Pro 256GB;1;2987.25;0.1;Cartão de crédito
V002353;2026-04-21;Nordeste;Site;Celulares;Fone Bluetooth;3;254.98;0;Cartão de crédito
V002354;2026-08-18;Nordeste;Marketplace;Casa e Cozinha;Jogo de Panelas 5 peças;1;454.63;0.1;Cartão de crédito
V002355;2026-08-22;Sudeste;Aplicativo;Celulares;Smartphone Vega 128GB;5;1519.71;0.12;Boleto
V002356;2026-04-12;Sudeste;Marketplace;Casa e Cozinha;Jogo de Panelas 5 peças;1;413.26;0;Cartão de crédito
V002357;2026-05-04;Sul;Site;Celulares;Capa Antichoque;1;70.64;0.05;Cartão de crédito
V002358;2026-06-01;Nordeste;Marketplace;Celulares;Smartphone Vega 128GB;2;1422.1;0.12;Cartão de débito
V002359;2026-03-07;Norte;Marketplace;Informática;Monitor 24 IPS;1;915.28;0;Cartão de crédito
V002360;2026-06-20;Sudeste;Aplicativo;Escritório;Impressora Multifuncional;8;847.05;0;Pix
V002361;2026-06-26;Sudeste;Aplicativo;Casa e Cozinha;Balança Digital Cozinha;1;93.12;0;Pix
V002362;2026-03-25;Sul;Aplicativo;Informática;Monitor 27 QHD;1;1696.51;0.05;Pix
V002363;2026-01-30;Sudeste;Site;Casa e Cozinha;Liquidificador 1200W;1;284.48;0;Cartão de crédito
V002364;2026-03-21;Sudeste;Marketplace;Áudio e Vídeo;Projetor Full HD;1;1915.03;0.15;Cartão de crédito
V002365;2026-06-03;Sudeste;Site;Celulares;Power Bank 20000mAh;4;240.8;0.2;Pix
V002366;2026-02-10;Centro-Oeste;Aplicativo;Informática;Hub USB-C 8 em 1;1;278.41;0.05;Cartão de crédito
V002367;2026-07-28;Nordeste;Marketplace;Celulares;Smartphone Orion Pro 256GB;1;2933.62;0.1;Cartão de crédito
V002368;2026-06-29;Sudeste;Site;Informática;SSD NVMe 1TB;2;564.53;0;Cartão de crédito
V002369;2026-02-27;Sul;Site;Casa e Cozinha;Sanduicheira Grill;5;175.48;0;Pix
V002370;2026-08-11;Nordeste;Site;Informática;Memória DDR4 16GB;1;272.53;0;Cartão de débito
V002371;2026-05-09;Centro-Oeste;Aplicativo;Escritório;Suporte para Notebook;3;113.48;0.05;Cartão de crédito
V002372;2026-06-28;Norte;Site;Áudio e Vídeo;Soundbar 2.1;3;801.33;0.05;Cartão de débito
V002373;2026-02-24;Sudeste;Aplicativo;Áudio e Vídeo;Soundbar 2.1;2;782.63;0.12;Cartão de crédito
V002374;2026-01-12;Sudeste;Aplicativo;Escritório;Cadeira Ergonômica;5;1137.2;0;Cartão de crédito
V002375;2026-01-22;Sul;Site;Informática;SSD NVMe 1TB;2;530.91;0;Boleto
V002376;2026-08-03;Sudeste;Aplicativo;Áudio e Vídeo;Smart TV 43 4K;1;2121.68;0;Pix
V002377;2026-05-25;Centro-Oeste;Marketplace;Informática;Notebook 15 Pro;2;3795.0;0.08;Cartão de crédito
V002378;2026-08-19;Nordeste;Site;Celulares;Smartphone Vega 128GB;3;1435.51;0.08;Pix
V002379;2026-07-19;Sul;Aplicativo;Áudio e Vídeo;Suporte TV Articulado;3;171.5;0;Cartão de débito
V002380;2026-03-14;Sul;Aplicativo;Informática;Memória DDR4 16GB;10;278.99;0.08;Cartão de crédito
V002381;2026-04-26;Sul;Aplicativo;Informática;SSD SATA 480GB;3;273.87;0.05;Cartão de crédito
V002382;2026-06-30;Sul;Aplicativo;Celulares;Smartphone Vega 128GB;1;1480.35;0.05;Cartão de crédito
V002383;2026-04-25;Sul;Marketplace;Casa e Cozinha;Aspirador Vertical;1;585.34;0.1;Cartão de crédito
V002384;2026-08-25;Sul;Aplicativo;Celulares;Smartphone Orion 128GB;4;1729.73;0.08;Cartão de débito
V002385;2026-05-04;Nordeste;Aplicativo;Casa e Cozinha;Jogo de Panelas 5 peças;1;423.31;0.05;Pix
V002386;2026-03-23;Nordeste;Aplicativo;Escritório;Mesa Escritório 120cm;2;664.86;0;Pix
V002387;2026-05-17;Sudeste;Site;Áudio e Vídeo;Suporte TV Articulado;1;173.86;0;Cartão de crédito
V002388;2026-01-16;Nordeste;Marketplace;Escritório;Impressora Multifuncional;1;867.5;0.2;Pix
V002389;2026-04-01;Sul;Marketplace;Celulares;Fone Bluetooth;2;259.86;0.2;Cartão de crédito
V002390;2026-08-14;Centro-Oeste;Site;Casa e Cozinha;Aspirador Vertical;1;579.76;0.12;Pix
V002391;2026-04-01;Sul;Aplicativo;Informática;Notebook 15 Pro;3;3840.34;0;Cartão de crédito
V002392;2026-07-10;Sudeste;Aplicativo;Games;Jogo Aventura Lendária;3;341.42;0.08;Cartão de crédito
V002393;2026-05-28;Nordeste;Aplicativo;Informática;Mochila para Notebook;2;187.87;0.2;Cartão de débito
V002394;2026-03-26;Nordeste;Aplicativo;Casa e Cozinha;Kit Potes Herméticos;2;130.23;0;Cartão de crédito
V002395;2026-01-16;Sudeste;Site;Áudio e Vídeo;Smart TV 43 4K;1;2118.26;0;Pix
V002396;2026-05-05;Nordeste;Aplicativo;Escritório;Impressora Multifuncional;2;929.13;0;Boleto
V002397;2026-08-09;Sul;Aplicativo;Áudio e Vídeo;Headset Gamer;1;301.99;0.08;Cartão de crédito
V002398;2026-07-20;Nordeste;Site;Informática;Monitor 27 QHD;1;1650.7;0;Boleto
V002399;2026-06-18;Sudeste;Site;Informática;Webcam Full HD;2;254.16;0.15;Cartão de débito
V002400;2026-06-19;Nordeste;Aplicativo;Escritório;Fragmentadora 10 folhas;1;681.93;0;Cartão de crédito
V002401;2026-01-16;Nordeste;Site;Informática;Mochila para Notebook;2;178.67;0.12;Cartão de crédito
V002402;2026-05-26;Sul;Site;Áudio e Vídeo;Caixa Bluetooth;1;393.41;0;Cartão de crédito
V002403;2026-04-03;Sudeste;Site;Escritório;Cadeira Ergonômica;2;1217.95;0;Cartão de crédito
V002404;2026-05-13;Centro-Oeste;Marketplace;Games;Jogo Corrida Pro;3;315.28;;Cartão de crédito
V002405;2026-07-19;Centro-Oeste;Site;Celulares;Capa Antichoque;1;68.24;0.05;Pix
V002406;2026-06-08;Sudeste;Aplicativo;Games;Volante Racing;2;1380.87;0;Pix
V002407;2026-05-02;Sul;Aplicativo;Celulares;Smartphone Orion Pro 256GB;4;2935.73;0.1;Pix
V002408;2026-07-01;Norte;Site;Celulares;Smartphone Vega 128GB;2;1595.04;0;Cartão de crédito
V002409;2026-01-06;Sudeste;Site;Escritório;Impressora Multifuncional;1;921.22;0;Cartão de crédito
V002410;2026-08-26;Sudeste;Marketplace;Áudio e Vídeo;Smart TV 43 4K;1;2098.94;0.12;Pix
V002411;2026-05-21;Sul;Marketplace;Casa e Cozinha;Balança Digital Cozinha;1;90.37;0;Cartão de crédito
V002412;2026-06-13;Norte;Site;Informática;Notebook 14 Air;6;3155.83;0.1;Cartão de débito
V002413;2026-01-03;Nordeste;Site;Informática;SSD SATA 480GB;1;255.77;0.05;Cartão de crédito
V002414;2026-06-12;Nordeste;Site;Celulares;Capa Antichoque;1;67.11;0;Pix
V002415;2026-01-08;Sudeste;Site;Casa e Cozinha;Jogo de Panelas 5 peças;1;437.6;0.1;Cartão de débito
V002416;2026-07-21;Sudeste;Aplicativo;Áudio e Vídeo;Suporte TV Articulado;1;167.49;0;Cartão de crédito
V002417;2026-05-21;Nordeste;Aplicativo;Casa e Cozinha;Aspirador Vertical;2;544.48;0.1;Cartão de crédito
V002418;2026-05-30;Sudeste;Aplicativo;Informática;Webcam Full HD;5;235.36;0;Cartão de crédito
V002419;2026-03-01;Sudeste;Site;Informática;SSD SATA 480GB;2;273.53;0;Cartão de crédito
V002420;2026-03-09;Sudeste;Site;Casa e Cozinha;Sanduicheira Grill;5;186.03;0.05;Pix
V002421;2026-01-24;Centro-Oeste;Site;Casa e Cozinha;Sanduicheira Grill;2;187.76;0.1;Cartão de crédito
V002422;2026-05-08;Sudeste;Site;Celulares;Carregador USB-C 30W;1;117.23;0.08;Cartão de crédito
V002423;2026-07-02;Nordeste;Site;Escritório;Suporte para Notebook;2;107.93;0.15;Cartão de crédito
V002424;2026-04-20;Nordeste;Site;Informática;Memória DDR4 16GB;1;284.14;0.08;Cartão de crédito
V002425;2026-08-16;Nordeste;Site;Escritório;Fragmentadora 10 folhas;3;689.27;0;Pix
V002426;2026-05-01;Sudeste;Aplicativo;Informática;Memória DDR4 16GB;1;297.9;0.2;Cartão de crédito
V002427;2026-08-19;Sudeste;Aplicativo;Informática;Monitor 24 IPS;1;894.42;0.2;Pix
V002428;2026-02-06;Centro-Oeste;Marketplace;Escritório;Suporte para Notebook;4;114.78;0;Cartão de crédito
V002429;2026-07-27;Centro-Oeste;Aplicativo;Informática;Monitor 27 QHD;3;1557.1;0.15;Cartão de crédito
V002430;2026-08-03;Sul;Aplicativo;Informática;Mochila para Notebook;6;197.63;0;Cartão de débito
V002431;2026-04-13;Sudeste;Site;Áudio e Vídeo;Microfone USB;2;379.02;0.1;Pix
V002432;2026-04-04;Sudeste;Aplicativo;Casa e Cozinha;Aspirador Vertical;1;523.47;0.05;Cartão de crédito
V002433;2026-04-29;Centro-Oeste;Marketplace;Informática;Memória DDR4 16GB;2;278.78;0.15;Boleto
V002434;2026-04-17;Sudeste;Aplicativo;Celulares;Fone Bluetooth;1;249.24;0;Pix
V002435;2026-08-19;Norte;Aplicativo;Celulares;Power Bank 20000mAh;2;241.77;0.1;Pix
V002436;2026-03-12;Sul;Marketplace;Informática;SSD SATA 480GB;2;270.84;0;Pix
V002437;2026-08-27;Sudeste;Site;Informática;SSD SATA 480GB;3;256.7;0;Cartão de crédito
V002438;2026-04-15;Sudeste;Aplicativo;Informática;Monitor 27 QHD;1;1543.06;0.08;Cartão de débito
V002439;2026-03-21;Nordeste;Aplicativo;Celulares;Smartphone Orion Pro 256GB;3;2817.35;0.08;Cartão de crédito
V002440;2026-04-24;Sul;Aplicativo;Informática;Monitor 24 IPS;1;895.97;0;Boleto
V002441;2026-08-05;Centro-Oeste;Site;Escritório;Fragmentadora 10 folhas;1;670.7;0.05;Cartão de crédito
V002442;2026-08-12;Centro-Oeste;Site;Áudio e Vídeo;Caixa Bluetooth;1;419.57;0;Boleto
V002443;2026-06-21;Sul;Aplicativo;Casa e Cozinha;Panela Elétrica 5L;5;377.05;0;Cartão de débito
V002444;2026-04-13;Nordeste;Aplicativo;Celulares;Smartphone Orion 128GB;1;1838.32;0.05;Cartão de crédito
V002445;2026-06-12;Nordeste;Aplicativo;Informática;Webcam Full HD;1;237.28;0;Pix
V002446;2026-01-15;Nordeste;Aplicativo;Áudio e Vídeo;Smart TV 43 4K;2;2245.1;0.1;Cartão de débito
V002447;2026-08-31;Sul;Site;Informática;SSD SATA 480GB;1;277.52;0;Pix
V002448;2026-01-27;Sul;Marketplace;Áudio e Vídeo;Caixa Bluetooth;5;404.53;0.15;Boleto
V002449;2026-01-14;Sul;Aplicativo;Escritório;Cadeira Ergonômica;8;1255.01;0.1;Cartão de crédito
V002450;2026-02-13;Centro-Oeste;Marketplace;Casa e Cozinha;Cafeteira Programável;1;341.63;0;Cartão de débito
V002451;2026-01-30;Sul;Aplicativo;Games;Volante Racing;2;;0;Cartão de crédito
V002452;2026-03-05;Sudeste;Site;Áudio e Vídeo;Microfone USB;1;344.46;0;Cartão de débito
V002453;2026-05-11;Sudeste;Site;Áudio e Vídeo;Soundbar 2.1;1;842.89;0;Cartão de crédito
V002454;2026-04-03;Sudeste;Aplicativo;Áudio e Vídeo;Soundbar 2.1;1;845.63;0.05;Cartão de débito
V002455;2026-01-24;Centro-Oeste;Site;Informática;SSD SATA 480GB;1;257.97;0.08;Pix
V002456;2026-01-11;Sudeste;Marketplace;Escritório;Papel A4 500 folhas;1;35.54;0.15;Cartão de débito
V002457;2026-05-04;Nordeste;Marketplace;Áudio e Vídeo;Headset Gamer;1;293.47;0;Pix
V002458;2026-05-18;Norte;Site;Celulares;Power Bank 20000mAh;1;233.52;0.08;Cartão de crédito
V002459;2026-08-16;Sul;Aplicativo;Escritório;Papel A4 500 folhas;2;32.85;0;Cartão de crédito
V002460;2026-08-17;Nordeste;Aplicativo;Celulares;Carregador USB-C 30W;1;120.47;0.05;Cartão de débito
V002461;2026-08-13;Sudeste;Aplicativo;Informática;Memória DDR4 16GB;4;284.07;0.1;Cartão de crédito
V002462;2026-04-18;Sudeste;Aplicativo;Games;Console PlaySphere 5;2;4054.49;0.05;Pix
V002463;2026-08-10;Nordeste;Aplicativo;Áudio e Vídeo;Smart TV 43 4K;5;2352.49;0;Cartão de crédito
V002464;2026-03-14;Sudeste;Site;Informática;Mouse Sem Fio;1;132.1;0.12;Cartão de crédito
V002465;2026-06-29;Sudeste;Site;Celulares;Power Bank 20000mAh;2;234.22;0;Cartão de crédito
V002466;2026-06-27;Sudeste;Marketplace;Escritório;Organizador de Mesa;8;65.89;0.05;Pix
V002467;2026-04-26;Sudeste;Aplicativo;Informática;Teclado Mecânico;24;369.0;0;Cartão de crédito
V002468;2026-07-20;Nordeste;Site;Casa e Cozinha;Jogo de Panelas 5 peças;1;423.6;0.05;Cartão de débito
V002469;2026-06-22;Sudeste;Site;Áudio e Vídeo;Suporte TV Articulado;3;166.89;0;Cartão de crédito
V002470;2026-05-07;Sudeste;Site;Informática;Monitor 24 IPS;2;889.84;0.1;Cartão de crédito
V002471;2026-02-18;Sudeste;Site;Casa e Cozinha;Balança Digital Cozinha;2;93.34;0;Pix
V002472;2026-04-20;Nordeste;Site;Games;Jogo Aventura Lendária;2;365.25;0.2;Cartão de crédito
V002473;2026-05-19;Nordeste;Marketplace;Informática;Mochila para Notebook;2;192.64;0.08;Pix
V002474;2026-08-22;Sudeste;Marketplace;Áudio e Vídeo;Projetor Full HD;5;1802.52;0;Pix
V002475;2026-04-24;Nordeste;Aplicativo;Áudio e Vídeo;Smart TV 55 4K;3;3286.88;0;Cartão de crédito
V002476;2026-02-03;Sul;Marketplace;Celulares;Smartphone Vega Max 256GB;3;2521.65;0;Boleto
V002477;2026-06-26;Nordeste;Marketplace;Informática;Hub USB-C 8 em 1;2;267.17;0;Cartão de débito
V002478;2026-02-18;Sudeste;Marketplace;Celulares;Smartphone Orion Pro 256GB;2;2810.93;0.15;Cartão de crédito
V002479;2026-05-09;Norte;Aplicativo;Celulares;Smartphone Orion Pro 256GB;5;3068.33;0.1;Cartão de crédito
V002480;2026-06-22;Sudeste;Site;Casa e Cozinha;Jogo de Panelas 5 peças;1;433.9;0.1;Cartão de crédito
V002481;2026-05-03;Sul;Aplicativo;Escritório;Luminária LED;2;144.91;0.05;Cartão de crédito
V002482;2026-01-31;Sudeste;Site;Casa e Cozinha;Air Fryer 5L;2;479.77;0.05;Cartão de crédito
V002483;2026-06-30;Sudeste;Site;Celulares;Smartphone Vega 128GB;3;1570.86;0;Cartão de crédito
V002484;2026-03-09;Centro-Oeste;Site;Informática;Memória DDR4 16GB;2;296.91;0;Pix
V002485;2026-05-20;Norte;Aplicativo;Casa e Cozinha;Panela Elétrica 5L;2;405.22;0;Cartão de débito
V002486;2026-07-17;Sudeste;Aplicativo;Escritório;Cadeira Ergonômica;2;1161.27;0.15;Cartão de crédito
V002487;2026-02-05;Sudeste;Aplicativo;Celulares;Fone Bluetooth;1;261.12;0.12;Pix
V002488;2026-01-14;Sul;Aplicativo;Informática;Teclado Mecânico;2;350.02;0;Cartão de crédito
V002489;2026-06-30;Sul;Site;Escritório;Mesa Escritório 120cm;2;615.81;0.08;Cartão de crédito
V002490;2026-06-04;Sul;Site;Informática;SSD NVMe 1TB;1;533.23;0.05;Cartão de crédito
V002491;2026-08-22;Nordeste;Aplicativo;Casa e Cozinha;Jogo de Panelas 5 peças;1;445.74;0;Cartão de crédito
V002492;2026-05-24;Sudeste;Marketplace;Áudio e Vídeo;Microfone USB;1;377.42;0.05;Cartão de crédito
V002493;2026-04-13;Sudeste;Site;Celulares;Carregador USB-C 30W;1;124.23;0;Cartão de crédito
V002494;2026-07-12;Sudeste;Site;Casa e Cozinha;Aspirador Vertical;1;565.23;0;Cartão de débito
V002495;2026-04-21;Sudeste;Site;Games;Cadeira Gamer;1;1118.1;0.1;Cartão de crédito
V002496;2026-05-26;Sudeste;Site;Celulares;Fone Bluetooth;2;254.08;0.08;Pix
V002497;2026-03-08;Sul;Marketplace;Áudio e Vídeo;Caixa Bluetooth;1;399.47;0.05;Pix
V002498;2026-05-14;Norte;Site;Escritório;Mesa Escritório 120cm;2;680.87;0.15;Cartão de crédito
V002499;2026-06-07;Norte;Site;Informática;Monitor 27 QHD;3;1547.82;0;Pix
V002500;2026-02-20;Sudeste;Aplicativo;Informática;Teclado Mecânico;2;356.81;0.05;Pix
V002501;2026-02-13;Sudeste;Site;Games;Console PlaySphere 5;1;4216.02;0.15;Pix
V002502;2026-07-17;Sudeste;Site;Celulares;Power Bank 20000mAh;3;226.58;0.05;Pix
V002503;2026-08-29;Norte;Site;Informática;SSD NVMe 1TB;1;560.24;0.2;Pix
V002504;2026-06-29;Sul;Marketplace;Informática;Teclado Mecânico;2;351.38;0.1;Cartão de débito
V002505;2026-03-18;Centro-Oeste;Aplicativo;Escritório;Organizador de Mesa;5;72.25;0.08;Cartão de débito
V002506;2026-06-28;Sudeste;Site;Celulares;Carregador USB-C 30W;1;118.19;0.12;Cartão de crédito
V002507;2026-05-20;Centro-Oeste;Aplicativo;Games;Console NovaBox X;5;3878.06;0.12;Pix
V002508;2026-05-30;Sudeste;Site;Celulares;Power Bank 20000mAh;2;216.53;0.08;Cartão de crédito
V002509;2026-05-14;Nordeste;Aplicativo;Casa e Cozinha;Cafeteira Programável;1;330.83;0;Cartão de débito
V002510;2026-03-13;Sudeste;Aplicativo;Casa e Cozinha;Balança Digital Cozinha;2;95.17;0.08;Cartão de crédito
V002511;2026-04-05;Nordeste;Aplicativo;Casa e Cozinha;Sanduicheira Grill;1;172.74;0.05;Cartão de débito
V002512;2026-04-09;Sul;Aplicativo;Informática;Memória DDR4 16GB;1;272.88;0.05;Pix
V002513;2026-02-05;Norte;Site;Celulares;Smartphone Vega 128GB;3;1557.01;0.08;Cartão de débito
V002514;2026-03-03;Sudeste;Aplicativo;Casa e Cozinha;Liquidificador 1200W;2;267.47;0.05;Pix
V002515;2026-04-20;Nordeste;Marketplace;Celulares;Smartphone Vega Max 256GB;1;2420.78;0.2;Pix
V002516;2026-07-08;Nordeste;Aplicativo;Áudio e Vídeo;Headset Gamer;1;298.43;0.2;Cartão de débito
V002517;2026-06-07;Norte;Aplicativo;Informática;Memória DDR4 16GB;1;297.77;0.15;Cartão de crédito
V002518;2026-07-28;Sul;Site;Informática;SSD NVMe 1TB;6;558.88;0.1;Pix
V002519;2026-01-11;Sudeste;Site;Casa e Cozinha;Panela Elétrica 5L;1;412.77;0.1;Pix
V002520;2026-01-03;Sudeste;Aplicativo;Celulares;Capa Antichoque;1;73.81;0;Cartão de crédito
V002521;2026-01-11;Centro-Oeste;Aplicativo;Casa e Cozinha;Liquidificador 1200W;1;294.71;0.1;Cartão de crédito
V002522;2026-04-09;Sudeste;Site;Áudio e Vídeo;Headset Gamer;6;273.0;0.05;Cartão de crédito
V002523;2026-02-09;Sul;Site;Escritório;Mesa Escritório 120cm;3;690.84;0;Pix
V002524;2026-01-18;Sul;Site;Informática;Teclado Mecânico;1;367.59;0;Pix
V002525;2026-07-12;Sudeste;Marketplace;Celulares;Smartphone Vega 128GB;2;1589.28;0;Cartão de crédito
V002526;2026-03-08;Sul;Site;Casa e Cozinha;Panela Elétrica 5L;2;380.5;0.1;Cartão de crédito
V002527;2026-08-23;Nordeste;Site;Áudio e Vídeo;Projetor Full HD;1;1811.65;0;Cartão de crédito
V002528;2026-05-18;Norte;Aplicativo;Informática;Mochila para Notebook;6;201.71;0;Pix
V002529;2026-02-07;Norte;Site;Celulares;Smartphone Vega 128GB;8;1425.49;0.12;Cartão de crédito
V002530;2026-08-25;Nordeste;Site;Casa e Cozinha;Cafeteira Programável;1;318.78;0.05;Cartão de crédito
V002531;2026-08-06;Nordeste;Site;Casa e Cozinha;Air Fryer 5L;1;490.7;0;Pix
V002532;2026-03-16;Nordeste;Site;Áudio e Vídeo;Smart TV 55 4K;1;3372.89;0;Pix
V002533;2026-07-11;Sudeste;Aplicativo;Casa e Cozinha;Liquidificador 1200W;1;291.62;0.12;Pix
V002534;2026-08-01;Sul;Site;Celulares;Película 3D;1;40.14;0.1;Cartão de débito
V002535;2026-02-16;Sudeste;Site;Celulares;Power Bank 20000mAh;1;244.89;0.05;Boleto
V002536;2026-05-17;Nordeste;Aplicativo;Áudio e Vídeo;Microfone USB;2;360.72;0.15;Cartão de crédito
V002537;2026-02-19;Centro-Oeste;Site;Celulares;Carregador USB-C 30W;1;118.89;0.1;Cartão de crédito
V002538;2026-08-09;Nordeste;Aplicativo;Áudio e Vídeo;Projetor Full HD;1;1866.58;0.12;Cartão de crédito
V002539;2026-06-24;Norte;Site;Áudio e Vídeo;Smart TV 43 4K;1;2314.98;0.2;Cartão de crédito
V002540;2026-07-18;Sudeste;Site;Escritório;Mesa Escritório 120cm;2;634.33;0;Cartão de crédito
V002541;2026-01-02;Centro-Oeste;Site;Casa e Cozinha;Balança Digital Cozinha;2;89.38;0;Pix
V002542;2026-07-29;Sudeste;Marketplace;Informática;Teclado Mecânico;1;350.68;0.1;Pix
V002543;2026-02-26;Sul;Site;Celulares;Smartphone Vega 128GB;2;1465.98;0.08;Cartão de crédito
V002544;2026-01-18;Nordeste;Aplicativo;Áudio e Vídeo;Caixa Bluetooth;2;416.09;0.08;Cartão de débito
V002545;2026-06-26;Nordeste;Site;Áudio e Vídeo;Soundbar 2.1;2;805.86;0.12;Cartão de crédito
V002546;2026-01-17;Sul;Aplicativo;Informática;Mochila para Notebook;2;193.36;0.05;Cartão de crédito
V002547;2026-04-07;Sudeste;Marketplace;Informática;Teclado Mecânico;8;347.59;0.08;Pix
V002548;2026-07-14;Sudeste;Marketplace;Informática;Notebook 15 Pro;3;3804.22;0.08;Cartão de crédito
V002549;2026-08-01;Sudeste;Aplicativo;Escritório;Luminária LED;1;147.08;0.05;Pix
V002550;2026-01-19;Sul;Site;Informática;Teclado Mecânico;1;348.95;0.12;Cartão de crédito
V002551;2026-07-30;Norte;Aplicativo;Informática;SSD SATA 480GB;4;276.14;0.05;Cartão de crédito
V002552;2026-08-23;Sul;Aplicativo;Informática;Monitor 24 IPS;1;881.6;0;Cartão de crédito
V002553;2026-02-17;Nordeste;Site;Casa e Cozinha;Balança Digital Cozinha;1;94.98;0;Cartão de crédito
V002554;2026-02-16;Nordeste;Aplicativo;Áudio e Vídeo;Smart TV 55 4K;4;3276.84;0;Cartão de crédito
V002555;2026-03-25;Sudeste;Aplicativo;Áudio e Vídeo;Projetor Full HD;1;1896.47;0.15;Cartão de crédito
V002556;2026-04-02;Sul;Site;Games;Console NovaBox X;2;3968.35;0.08;Pix
V002557;2026-04-02;Centro-Oeste;Site;Games;Jogo Corrida Pro;1;307.3;0.05;Cartão de débito
V002558;2026-06-24;Nordeste;Site;Celulares;Carregador USB-C 30W;2;116.98;0;Cartão de crédito
V002559;2026-08-17;Nordeste;Aplicativo;Games;Console PlaySphere 5;1;4409.53;0.2;Pix
V002560;2026-03-27;Sul;Site;Áudio e Vídeo;Soundbar 2.1;1;817.71;0.05;Pix
V002561;2026-07-07;Nordeste;Marketplace;Celulares;Power Bank 20000mAh;2;237.69;0;Cartão de débito
V002562;2026-01-01;Nordeste;Aplicativo;Escritório;Mesa Escritório 120cm;4;691.28;0.1;Pix
V002563;2026-04-20;Sul;Site;Casa e Cozinha;Kit Potes Herméticos;2;131.21;0.08;Pix
V002564;2026-07-05;Centro-Oeste;Site;Informática;Teclado Mecânico;4;344.16;0.12;Pix
V002565;2026-03-22;Sudeste;Site;Informática;Notebook 15 Pro;2;3984.69;0.08;Cartão de crédito
V002566;2026-06-22;Sudeste;Site;Celulares;Película 3D;2;40.31;0.1;Cartão de crédito
V002567;2026-02-12;Nordeste;Site;Informática;Hub USB-C 8 em 1;1;272.63;0.08;Cartão de crédito
V002568;2026-06-13;Centro-Oeste;Aplicativo;Celulares;Carregador USB-C 30W;1;126.12;0;Cartão de crédito
V002569;2026-06-01;Sudeste;Site;Casa e Cozinha;Sanduicheira Grill;1;185.69;0;Cartão de crédito
V002570;2026-02-04;Sul;Marketplace;Casa e Cozinha;Liquidificador 1200W;3;291.81;0.08;Pix
V002571;2026-05-19;Norte;Site;Áudio e Vídeo;Projetor Full HD;1;1990.84;0.1;Cartão de crédito
V002572;2026-01-25;Sudeste;Aplicativo;Escritório;Suporte para Notebook;1;116.94;0.15;Cartão de crédito
V002573;2026-08-29;Sul;Site;Informática;SSD NVMe 1TB;1;527.72;0;Cartão de débito
V002574;2026-02-18;Nordeste;Site;Casa e Cozinha;Air Fryer 5L;3;524.74;0.1;Cartão de débito
V002575;2026-03-06;Centro-Oeste;Site;Celulares;Smartphone Vega 128GB;2;1484.13;0.12;Pix
V002576;2026-02-14;Sudeste;Aplicativo;Casa e Cozinha;Sanduicheira Grill;1;171.75;0;Cartão de débito
V002577;2026-06-02;Sudeste;Aplicativo;Escritório;Papel A4 500 folhas;1;36.0;0;Pix
V002578;2026-07-10;Sudeste;Site;Celulares;Carregador USB-C 30W;1;127.71;0.05;Cartão de débito
V002579;2026-05-27;Centro-Oeste;Marketplace;Casa e Cozinha;Jogo de Panelas 5 peças;1;430.63;0.05;Pix
V002580;2026-03-16;Nordeste;Aplicativo;Informática;SSD NVMe 1TB;1;546.84;0;Cartão de crédito
V002581;2026-05-09;Sul;Aplicativo;Games;Controle Sem Fio;2;384.46;0.05;Cartão de crédito
V002582;2026-05-02;Sul;Marketplace;Escritório;Luminária LED;2;136.27;0.08;Cartão de crédito
V002583;2026-03-20;Centro-Oeste;Marketplace;Áudio e Vídeo;Microfone USB;8;371.71;0.15;Cartão de crédito
V002584;2026-08-16;Nordeste;Aplicativo;Games;Console PlaySphere 5;1;4129.81;0.15;Cartão de crédito
V002585;2026-06-29;Norte;Aplicativo;Informática;Webcam Full HD;1;232.51;0.08;Cartão de crédito
V002586;2026-01-04;Sul;Site;Escritório;Papel A4 500 folhas;1;33.03;0.15;Cartão de crédito
V002587;2026-06-16;Sul;Aplicativo;Escritório;Cadeira Ergonômica;4;1256.05;0.05;Cartão de crédito
V002588;2026-07-22;Sul;Site;Casa e Cozinha;Liquidificador 1200W;2;264.06;0.08;Cartão de crédito
V002589;2026-01-30;Sudeste;Aplicativo;Casa e Cozinha;Jogo de Panelas 5 peças;1;430.93;0.15;Pix
V002590;2026-08-27;Sudeste;Marketplace;Áudio e Vídeo;Soundbar 2.1;2;796.23;0.1;Cartão de crédito
V002591;2026-01-02;Nordeste;Marketplace;Celulares;Smartphone Vega 128GB;2;1548.38;0.1;Cartão de crédito
V002592;2026-07-15;Sudeste;Site;Áudio e Vídeo;Microfone USB;15;371.01;0.1;Cartão de crédito
V002593;2026-03-04;Centro-Oeste;Site;Escritório;Impressora Multifuncional;1;876.06;0.15;Boleto
V002594;2026-07-08;Nordeste;Aplicativo;Casa e Cozinha;Kit Potes Herméticos;2;124.78;0.08;Cartão de débito
V002595;2026-06-09;Nordeste;Marketplace;Celulares;Smartphone Vega Max 256GB;1;2481.67;0;Pix
V002596;2026-07-22;Centro-Oeste;Aplicativo;Celulares;Capa Antichoque;1;73.76;0.05;Cartão de crédito
V002597;2026-01-18;Nordeste;Aplicativo;Áudio e Vídeo;Caixa Bluetooth;1;393.67;0;Cartão de crédito
V002598;2026-02-10;Centro-Oeste;Site;Áudio e Vídeo;Microfone USB;1;368.39;0;Cartão de crédito
V002599;2026-05-04;Norte;Aplicativo;Games;Console NovaBox X;2;;0.2;Cartão de débito
V002600;2026-05-04;Nordeste;Aplicativo;Escritório;Cadeira Ergonômica;1;1135.49;0;Pix
V002601;2026-06-09;Centro-Oeste;Site;Áudio e Vídeo;Caixa Bluetooth;2;410.59;0.05;Cartão de crédito
V002602;2026-01-21;Sul;Site;Celulares;Smartphone Vega 128GB;3;1501.91;0.1;Cartão de crédito
V002603;2026-08-23;Nordeste;Aplicativo;Informática;Hub USB-C 8 em 1;1;266.38;0;Pix
V002604;2026-06-20;Sul;Site;Casa e Cozinha;Sanduicheira Grill;1;186.83;0;Pix
V002605;2026-03-07;Sudeste;Aplicativo;Escritório;Fragmentadora 10 folhas;1;683.84;0.15;Cartão de débito
V002606;2026-02-02;Sudeste;Site;Informática;Teclado Mecânico;2;341.78;0.12;Pix
V002607;2026-02-16;Sudeste;Site;Celulares;Carregador USB-C 30W;1;122.92;0;Pix
V002608;2026-02-25;Sudeste;Site;Games;Volante Racing;1;1348.13;0;Cartão de crédito
V002609;2026-04-14;Nordeste;Site;Áudio e Vídeo;Caixa Bluetooth;1;420.82;0.08;Pix
V002610;2026-05-17;Sudeste;Aplicativo;Casa e Cozinha;Sanduicheira Grill;5;180.05;0.2;Cartão de débito
V002611;2026-02-27;Nordeste;Site;Casa e Cozinha;Jogo de Panelas 5 peças;1;450.68;0.08;Cartão de crédito
V002612;2026-07-08;Sul;Aplicativo;Áudio e Vídeo;Soundbar 2.1;1;766.61;0.08;Cartão de crédito
V002613;2026-04-24;Sudeste;Site;Games;Controle Sem Fio;1;400.8;0;Cartão de crédito
V002614;2026-05-24;Sul;Site;Casa e Cozinha;Cafeteira Programável;1;341.2;0.05;Pix
V002615;2026-06-22;Sul;Site;Celulares;Smartphone Orion Pro 256GB;5;3033.26;0.12;Cartão de crédito
V002616;2026-07-05;Sudeste;Aplicativo;Áudio e Vídeo;Smart TV 55 4K;2;3144.11;0.1;Pix
V002617;2026-06-26;Sudeste;Site;Casa e Cozinha;Panela Elétrica 5L;1;402.86;0.05;Boleto
V002618;2026-01-02;Sudeste;Aplicativo;Games;Volante Racing;2;1387.05;0;Cartão de débito
V002619;2026-02-04;Sudeste;Aplicativo;Informática;Notebook 15 Pro;1;3878.84;0;Cartão de crédito
V002620;2026-03-27;Norte;Marketplace;Informática;Mouse Sem Fio;2;130.77;0;Pix
V002621;2026-05-31;Nordeste;Site;Áudio e Vídeo;Projetor Full HD;1;1911.04;0.05;Pix
V002622;2026-01-24;Norte;Site;Games;Cadeira Gamer;1;1036.4;0.1;Pix
V002623;2026-07-12;Sul;Site;Celulares;Power Bank 20000mAh;2;224.79;0.1;Cartão de débito
V002624;2026-01-13;Sudeste;Site;Informática;Webcam Full HD;1;251.31;0.15;Pix
V002625;2026-07-19;Nordeste;Site;Informática;SSD SATA 480GB;2;279.59;0;Pix
V002626;2026-03-20;Sudeste;Site;Games;Controle Sem Fio;5;393.98;0.08;Cartão de crédito
V002627;2026-01-22;Sul;Site;Casa e Cozinha;Aspirador Vertical;1;550.4;0;Pix
V002628;2026-02-23;Centro-Oeste;Aplicativo;Celulares;Smartphone Vega Max 256GB;5;2365.01;0;Cartão de crédito
V002629;2026-08-26;Sudeste;Site;Áudio e Vídeo;Caixa Bluetooth;6;391.47;0;Pix
V002630;2026-03-12;Sudeste;Marketplace;Áudio e Vídeo;Projetor Full HD;1;1917.21;0;Cartão de débito
V002631;2026-02-12;Sudeste;Aplicativo;Games;Jogo Corrida Pro;2;312.83;0.08;Cartão de crédito
V002632;2026-01-23;Sudeste;Aplicativo;Áudio e Vídeo;Suporte TV Articulado;1;179.91;0.1;Pix
V002633;2026-02-10;Sudeste;Aplicativo;Celulares;Smartphone Vega 128GB;1;1563.24;0.08;Boleto
V002634;2026-07-23;Centro-Oeste;Site;Escritório;Organizador de Mesa;1;70.4;0.1;Pix
V002635;2026-05-04;Sudeste;Site;Celulares;Smartphone Orion Pro 256GB;1;3042.64;0.08;Pix
V002636;2026-03-13;Nordeste;Aplicativo;Escritório;Fragmentadora 10 folhas;5;707.06;0;Pix
V002637;2026-06-19;Nordeste;Site;Escritório;Cadeira Ergonômica;3;1160.59;0.05;Cartão de débito
V002638;2026-05-12;Sudeste;Aplicativo;Celulares;Fone Bluetooth;5;251.6;0.15;Cartão de crédito
V002639;2026-08-24;Sudeste;Site;Informática;Monitor 24 IPS;1;895.54;0.05;Cartão de crédito
V002640;2026-05-19;Sul;Site;Casa e Cozinha;Kit Potes Herméticos;1;123.65;0;Pix
V002641;2026-08-19;Sudeste;Site;Games;Jogo Corrida Pro;1;315.73;0;Cartão de crédito
V002642;2026-06-20;Sudeste;Site;Escritório;Impressora Multifuncional;2;863.65;0.05;Pix
V002643;2026-06-19;Sul;Marketplace;Casa e Cozinha;Cafeteira Programável;2;310.31;0;Pix
V002644;2026-02-28;Nordeste;Site;Áudio e Vídeo;Suporte TV Articulado;1;174.35;0.05;Pix
V002645;2026-01-18;Sudeste;Marketplace;Celulares;Capa Antichoque;1;70.82;0.05;Pix
V002646;2026-01-06;Centro-Oeste;Site;Games;Volante Racing;1;1333.24;0;Cartão de débito
V002647;2026-04-18;Norte;Marketplace;Celulares;Carregador USB-C 30W;4;127.57;0.05;Cartão de crédito
V002648;2026-06-15;Sul;Marketplace;Informática;SSD NVMe 1TB;10;502.45;0;Pix
V002649;2026-07-24;Centro-Oeste;Marketplace;Áudio e Vídeo;Headset Gamer;1;291.59;0.15;Cartão de crédito
V002650;2026-03-12;Sul;Site;Informática;Monitor 24 IPS;2;914.5;0.1;Cartão de débito
V002651;2026-03-20;Sul;Site;Escritório;Fragmentadora 10 folhas;5;695.69;0.08;Boleto
V002652;2026-03-31;Sul;Aplicativo;Celulares;Smartphone Vega Max 256GB;1;2378.48;0;Cartão de crédito
V002653;2026-08-04;Norte;Site;Escritório;Impressora Multifuncional;1;883.16;0.1;Cartão de crédito
V002654;2026-04-24;Sudeste;Site;Casa e Cozinha;Kit Potes Herméticos;8;126.27;0.08;Cartão de débito
V002655;2026-03-10;Nordeste;Site;Games;Console PlaySphere 5;1;4238.59;0.05;Cartão de crédito
V002656;2026-06-07;Sul;Aplicativo;Áudio e Vídeo;Smart TV 43 4K;3;2096.62;0;Boleto
V002657;2026-08-12;Centro-Oeste;Aplicativo;Áudio e Vídeo;Suporte TV Articulado;1;166.62;0;Pix
V002658;2026-05-29;Centro-Oeste;Aplicativo;Celulares;Película 3D;1;40.65;0;Boleto
V002659;2026-07-15;Sul;Aplicativo;Áudio e Vídeo;Suporte TV Articulado;4;174.63;0.05;Cartão de crédito
V002660;2026-08-12;Nordeste;Aplicativo;Informática;SSD NVMe 1TB;1;552.86;0;Cartão de crédito
V002661;2026-03-21;Nordeste;Aplicativo;Casa e Cozinha;Panela Elétrica 5L;2;381.25;0.08;Cartão de crédito
V002662;2026-07-17;Sul;Site;Games;Cadeira Gamer;1;1061.18;0.05;Cartão de crédito
V002663;2026-04-08;Sul;Aplicativo;Informática;Mochila para Notebook;2;199.35;0;Cartão de crédito
V002664;2026-01-16;Norte;Marketplace;Celulares;Capa Antichoque;6;66.08;0.12;Cartão de crédito
V002665;2026-08-18;Sudeste;Aplicativo;Áudio e Vídeo;Smart TV 43 4K;1;2115.68;0.05;Cartão de crédito
V002666;2026-06-23;Sudeste;Site;Áudio e Vídeo;Soundbar 2.1;1;777.25;0;Cartão de débito
V002667;2026-06-29;Sudeste;Site;Informática;Teclado Mecânico;1;353.7;0.05;Pix
V002668;2026-05-18;Centro-Oeste;Aplicativo;Casa e Cozinha;Cafeteira Programável;1;334.73;0.1;Cartão de crédito
V002669;2026-08-02;Sudeste;Aplicativo;Casa e Cozinha;Liquidificador 1200W;1;285.0;0.05;Pix
V002670;2026-04-01;Sudeste;Aplicativo;Áudio e Vídeo;Microfone USB;1;379.7;0;Cartão de crédito
V002671;2026-05-26;Sul;Marketplace;Celulares;Película 3D;3;38.61;0.08;Cartão de crédito
V002672;2026-03-23;Nordeste;Site;Escritório;Organizador de Mesa;1;74.72;0;Pix
V002673;2026-05-26;Sul;Site;Escritório;Impressora Multifuncional;1;912.52;0.12;Cartão de crédito
V002674;2026-01-22;Sudeste;Aplicativo;Celulares;Power Bank 20000mAh;8;243.92;0;Boleto
V002675;2026-08-28;Sudeste;Site;Informática;Notebook 15 Pro;1;3795.83;0.08;Cartão de crédito
V002676;2026-02-15;Sudeste;Aplicativo;Informática;Memória DDR4 16GB;4;293.88;0.05;Boleto
V002677;2026-06-22;Sudeste;Marketplace;Informática;SSD NVMe 1TB;1;536.15;0.1;Cartão de crédito
V002678;2026-03-14;Sudeste;Site;Áudio e Vídeo;Projetor Full HD;1;2026.95;0.2;Pix
V002679;2026-07-29;Sudeste;Site;Áudio e Vídeo;Projetor Full HD;2;1976.69;0.05;Cartão de crédito
V002680;2026-05-11;Sudeste;Site;Celulares;Carregador USB-C 30W;1;122.92;0;Pix
V002681;2026-03-29;Sudeste;Site;Celulares;Smartphone Orion Pro 256GB;1;2855.6;0.12;Boleto
V002682;2026-03-06;Sudeste;Aplicativo;Informática;SSD SATA 480GB;3;279.5;0.05;Cartão de crédito
V002683;2026-04-15;Sudeste;Site;Celulares;Smartphone Vega Max 256GB;1;2449.45;0;Boleto
V002684;2026-01-13;Sudeste;Aplicativo;Games;Console PlaySphere 5;1;4451.55;0.05;Pix
V002685;2026-02-25;Sudeste;Aplicativo;Escritório;Luminária LED;2;144.05;0.05;Cartão de débito
V002686;2026-07-14;Sudeste;Aplicativo;Celulares;Power Bank 20000mAh;3;216.71;0.05;Cartão de crédito
V002687;2026-01-12;Norte;Marketplace;Escritório;Organizador de Mesa;4;68.1;0.08;Boleto
V002688;2026-05-08;Nordeste;Aplicativo;Informática;Monitor 27 QHD;1;1555.69;0;Pix
V002689;2026-02-01;Sudeste;Aplicativo;Áudio e Vídeo;Microfone USB;1;362.08;0;Boleto
V002690;2026-02-22;Norte;Site;Informática;SSD NVMe 1TB;2;521.88;0;Pix
V002691;2026-01-03;Sudeste;Site;Áudio e Vídeo;Caixa Bluetooth;1;392.52;0.2;Cartão de crédito
V002692;2026-04-18;Sudeste;Site;Casa e Cozinha;Cafeteira Programável;1;311.04;0.1;Cartão de crédito
V002693;2026-04-03;Sul;Site;Escritório;Mesa Escritório 120cm;1;645.92;0.05;Cartão de débito
V002694;2026-04-12;Nordeste;Aplicativo;Informática;Teclado Mecânico;1;356.33;0.08;Cartão de crédito
V002695;2026-06-22;Sudeste;Site;Informática;Teclado Mecânico;1;347.38;0.05;Pix
V002696;2026-06-26;Sul;Site;Informática;Mouse Sem Fio;1;138.78;0;Pix
V002697;2026-05-16;Sudeste;Site;Informática;Notebook 15 Pro;3;4147.32;0.05;Cartão de crédito
V002698;2026-01-19;Nordeste;Aplicativo;Informática;Monitor 27 QHD;2;1541.92;0.12;Pix
V002699;2026-01-28;Norte;Aplicativo;Escritório;Impressora Multifuncional;1;878.5;0.08;Pix
V002700;2026-04-05;Centro-Oeste;Marketplace;Celulares;Smartphone Orion 128GB;1;1786.66;0;Cartão de crédito
V002701;2026-05-06;Sudeste;Site;Games;Headset 7.1;1;438.44;0.12;Cartão de crédito
V002702;2026-08-07;Sudeste;Site;Informática;Hub USB-C 8 em 1;3;295.7;0.2;Cartão de débito
V002703;2026-05-04;Sudeste;Site;Games;Jogo Corrida Pro;4;282.05;0;Pix
V002704;2026-05-15;Sudeste;Marketplace;Informática;Mochila para Notebook;2;196.82;0;Cartão de crédito
V002705;2026-07-18;Sudeste;Site;Áudio e Vídeo;Suporte TV Articulado;4;181.31;0;Cartão de crédito
V002706;2026-07-16;Nordeste;Aplicativo;Informática;Notebook 14 Air;2;3401.2;0.05;Pix
V002707;2026-03-18;Sudeste;Aplicativo;Áudio e Vídeo;Soundbar 2.1;1;776.95;0;Pix
V002708;2026-08-09;Sul;Marketplace;Escritório;Papel A4 500 folhas;2;36.82;0.15;Cartão de débito
V002709;2026-07-09;Sudeste;Site;Celulares;Smartphone Orion Pro 256GB;1;2780.74;0.08;Pix
V002710;2026-07-30;Sudeste;Site;Áudio e Vídeo;Caixa Bluetooth;2;414.3;0;Cartão de crédito
V002711;2026-02-21;Centro-Oeste;Site;Áudio e Vídeo;Smart TV 43 4K;1;2184.48;0.12;Cartão de crédito
V002712;2026-03-07;Norte;Site;Áudio e Vídeo;Caixa Bluetooth;2;417.6;0.05;Cartão de débito
V002713;2026-08-18;Nordeste;Site;Informática;SSD NVMe 1TB;1;522.52;0;Cartão de crédito
V002714;2026-07-04;Sudeste;Site;Casa e Cozinha;Kit Potes Herméticos;1;123.23;0.08;Cartão de crédito
V002715;2026-08-31;Nordeste;Marketplace;Áudio e Vídeo;Caixa Bluetooth;2;422.44;0;Pix
V002716;2026-05-07;Sul;Aplicativo;Celulares;Smartphone Vega Max 256GB;3;2502.73;0.1;Cartão de crédito
V002717;2026-08-14;Nordeste;Aplicativo;Casa e Cozinha;Kit Potes Herméticos;1;130.2;0.12;Cartão de crédito
V002718;2026-06-03;Sul;Aplicativo;Celulares;Smartphone Orion Pro 256GB;2;3032.39;0;Cartão de crédito
V002719;2026-06-11;Sudeste;Aplicativo;Escritório;Fragmentadora 10 folhas;1;679.18;0.15;Boleto
V002720;2026-01-02;Sudeste;Site;Informática;Mochila para Notebook;1;189.3;0.05;Cartão de crédito
V002721;2026-03-08;Norte;Aplicativo;Informática;Mochila para Notebook;1;189.66;0.1;Cartão de crédito
V002722;2026-06-12;Sudeste;Site;Casa e Cozinha;Balança Digital Cozinha;1;85.59;0;Cartão de crédito
V002723;2026-02-09;Sudeste;Aplicativo;Áudio e Vídeo;Smart TV 55 4K;1;3314.91;0.12;Pix
V002724;2026-05-31;Nordeste;Aplicativo;Informática;Hub USB-C 8 em 1;1;290.09;0.05;Pix
V002725;2026-03-18;Centro-Oeste;Site;Casa e Cozinha;Sanduicheira Grill;1;183.65;0.08;Pix
V002726;2026-04-27;Sudeste;Aplicativo;Informática;Teclado Mecânico;1;373.35;0.08;Boleto
V002727;2026-03-23;Sudeste;Aplicativo;Escritório;Mesa Escritório 120cm;1;689.25;0.1;Pix
V002728;2026-02-20;Sudeste;Site;Áudio e Vídeo;Projetor Full HD;1;1804.01;0.08;Cartão de crédito
V002729;2026-06-28;Sul;Site;Escritório;Suporte para Notebook;1;107.02;0.2;Cartão de crédito
V002730;2026-08-26;Sul;Aplicativo;Áudio e Vídeo;Soundbar 2.1;2;845.21;0;Cartão de crédito
V002731;2026-01-28;Sul;Aplicativo;Áudio e Vídeo;Smart TV 55 4K;4;3376.28;0;Cartão de débito
V002732;2026-04-26;Sudeste;Marketplace;Áudio e Vídeo;Microfone USB;2;382.12;0.08;Cartão de débito
V002733;2026-06-15;Sul;Marketplace;Informática;Mouse Sem Fio;2;125.22;0;Cartão de crédito
V002734;2026-02-15;Sudeste;Site;Informática;Mochila para Notebook;1;189.96;0;Cartão de crédito
V002735;2026-04-01;Sul;Site;Informática;Notebook 14 Air;6;3323.22;0;Cartão de débito
V002736;2026-06-25;Centro-Oeste;Site;Informática;Webcam Full HD;1;230.0;0;Pix
V002737;2026-03-19;Sudeste;Site;Áudio e Vídeo;Microfone USB;5;352.39;0;Cartão de crédito
V002738;2026-06-10;Nordeste;Site;Informática;Monitor 24 IPS;1;929.78;0.08;Cartão de crédito
V002739;2026-01-31;Sudeste;Aplicativo;Áudio e Vídeo;Caixa Bluetooth;3;380.95;0;Pix
V002740;2026-02-16;Sudeste;Site;Celulares;Power Bank 20000mAh;1;220.58;0.15;Cartão de débito
V002741;2026-06-24;Sudeste;Site;Informática;Webcam Full HD;1;246.2;0.12;Cartão de débito
V002742;2026-02-10;Sudeste;Marketplace;Escritório;Luminária LED;1;147.4;0.05;Cartão de crédito
V002743;2026-02-16;Sul;Aplicativo;Áudio e Vídeo;Smart TV 55 4K;2;3327.41;0.12;Pix
V002744;2026-05-05;Sudeste;Aplicativo;Celulares;Smartphone Orion 128GB;2;1702.83;0.1;Cartão de débito
V002745;2026-04-25;Sudeste;Aplicativo;Áudio e Vídeo;Headset Gamer;3;277.68;0.1;Pix
V002746;2026-01-18;Nordeste;Marketplace;Escritório;Impressora Multifuncional;2;927.96;0.08;Cartão de crédito
V002747;2026-05-18;Nordeste;Site;Informática;Memória DDR4 16GB;1;308.15;0.1;Cartão de crédito
V002748;2026-02-27;Sudeste;Site;Casa e Cozinha;Aspirador Vertical;5;548.58;0.05;Cartão de crédito
V002749;2026-04-23;Sudeste;Aplicativo;Escritório;Fragmentadora 10 folhas;1;739.14;0;Pix
V002750;2026-06-05;Nordeste;Marketplace;Áudio e Vídeo;Suporte TV Articulado;20;181.63;0.05;Cartão de crédito
V002751;2026-07-06;Sudeste;Marketplace;Áudio e Vídeo;Microfone USB;8;341.78;0.15;Cartão de débito
V002752;2026-03-22;Sudeste;Aplicativo;Áudio e Vídeo;Projetor Full HD;2;1930.34;0;Cartão de débito
V002753;2026-07-11;Sudeste;Site;Informática;Hub USB-C 8 em 1;1;278.62;0;Cartão de crédito
V002754;2026-01-27;Norte;Aplicativo;Áudio e Vídeo;Caixa Bluetooth;3;423.14;0;Pix
V002755;2026-01-20;Nordeste;Site;Games;Cadeira Gamer;1;1058.62;0.1;Pix
V002756;2026-03-21;Sudeste;Aplicativo;Celulares;Power Bank 20000mAh;2;216.12;0;Pix
V002757;2026-06-05;Sul;Site;Informática;SSD NVMe 1TB;3;552.11;0;Cartão de crédito
V002758;2026-03-04;Centro-Oeste;Marketplace;Informática;Webcam Full HD;2;238.22;0;Cartão de débito
V002759;2026-07-22;Sudeste;Marketplace;Games;Controle Sem Fio;2;376.62;0;Pix
V002760;2026-06-17;Norte;Site;Áudio e Vídeo;Projetor Full HD;4;1819.66;0;Boleto
V002761;2026-03-14;Nordeste;Site;Informática;Hub USB-C 8 em 1;3;270.42;0;Cartão de débito
V002762;2026-07-16;Sudeste;Site;Escritório;Organizador de Mesa;5;73.49;0.1;Pix
V002763;2026-01-16;Sul;Site;Celulares;Smartphone Orion Pro 256GB;4;2925.29;0.05;Pix
V002764;2026-02-15;Sul;Site;Casa e Cozinha;Aspirador Vertical;8;562.81;0;Cartão de crédito
V002765;2026-03-09;Sudeste;Aplicativo;Celulares;Power Bank 20000mAh;15;231.66;0.05;Cartão de crédito
V002766;2026-05-23;Nordeste;Site;Áudio e Vídeo;Smart TV 43 4K;1;2346.2;0.1;Cartão de crédito
V002767;2026-08-10;Centro-Oeste;Aplicativo;Celulares;Capa Antichoque;1;73.99;0.12;Cartão de crédito
V002768;2026-06-24;Sudeste;Site;Áudio e Vídeo;Soundbar 2.1;4;810.69;0.05;Boleto
V002769;2026-08-26;Nordeste;Aplicativo;Escritório;Mesa Escritório 120cm;2;618.82;0.2;Pix
V002770;2026-05-21;Sudeste;Aplicativo;Celulares;Película 3D;1;41.58;0.1;Pix
V002771;2026-04-10;Nordeste;Marketplace;Informática;SSD NVMe 1TB;1;522.15;0;Pix
V002772;2026-01-13;Sudeste;Aplicativo;Games;Headset 7.1;1;486.41;0.15;Cartão de débito
V002773;2026-01-17;Sudeste;Aplicativo;Informática;Notebook 15 Pro;1;3797.37;0.1;Cartão de crédito
V002774;2026-08-27;Sul;Aplicativo;Informática;Memória DDR4 16GB;3;296.15;0;Cartão de débito
V002775;2026-08-17;Sul;Site;Áudio e Vídeo;Caixa Bluetooth;3;417.96;0.12;Cartão de crédito
V002776;2026-03-09;Sudeste;Marketplace;Celulares;Smartphone Vega Max 256GB;8;2421.57;0.05;Pix
V002777;2026-05-03;Centro-Oeste;Aplicativo;Informática;Webcam Full HD;1;239.97;0.15;Boleto
V002778;2026-02-25;Centro-Oeste;Aplicativo;Casa e Cozinha;Jogo de Panelas 5 peças;2;442.08;0.05;Cartão de crédito
V002779;2026-02-08;Sul;Site;Celulares;Smartphone Orion 128GB;1;1750.77;0.15;Boleto
V002780;2026-06-24;Centro-Oeste;Site;Casa e Cozinha;Sanduicheira Grill;3;184.73;0.1;Cartão de crédito
V002781;2026-06-10;Sul;Site;Escritório;Luminária LED;1;133.76;0.05;Boleto
V002782;2026-04-25;Sudeste;Site;Games;Volante Racing;1;1359.26;0;Cartão de crédito
V002783;2026-07-05;Sul;Site;Casa e Cozinha;Liquidificador 1200W;2;269.72;0.05;Pix
V002784;2026-06-28;Sudeste;Aplicativo;Escritório;Suporte para Notebook;1;108.9;0;Cartão de débito
V002785;2026-04-09;Sudeste;Marketplace;Informática;Mochila para Notebook;1;184.51;0;Pix
V002786;2026-08-27;Sudeste;Marketplace;Casa e Cozinha;Balança Digital Cozinha;2;85.03;0.15;Pix
V002787;2026-04-25;;Aplicativo;Celulares;Smartphone Orion Pro 256GB;1;2889.99;0.12;Cartão de crédito
V002788;2026-02-05;Sudeste;Marketplace;Casa e Cozinha;Kit Potes Herméticos;1;130.81;0;Pix
V002789;2026-08-23;Sudeste;Aplicativo;Escritório;Impressora Multifuncional;6;864.36;0;Pix
V002790;2026-01-10;Sudeste;Aplicativo;Áudio e Vídeo;Caixa Bluetooth;1;383.12;0.08;Cartão de crédito
V002791;2026-08-22;Nordeste;Site;Casa e Cozinha;Air Fryer 5L;2;515.02;0.05;Cartão de débito
V002792;2026-06-14;Sudeste;Aplicativo;Informática;SSD NVMe 1TB;4;539.71;0.1;Cartão de débito
V002793;2026-08-05;Nordeste;Site;Celulares;Power Bank 20000mAh;1;219.04;0;Cartão de crédito
V002794;2026-08-15;Centro-Oeste;Site;Celulares;Capa Antichoque;1;69.7;0.08;Cartão de crédito
V002795;2026-04-11;Centro-Oeste;Aplicativo;Celulares;Smartphone Orion Pro 256GB;1;2832.35;0.15;Cartão de crédito
V002796;2026-01-04;Centro-Oeste;Aplicativo;Informática;SSD NVMe 1TB;1;564.31;0.05;Cartão de crédito
V002797;2026-01-12;Nordeste;Site;Informática;Monitor 27 QHD;3;1585.82;0.1;Cartão de crédito
V002798;2026-06-07;Centro-Oeste;Aplicativo;Informática;Webcam Full HD;2;248.99;0;Cartão de crédito
V002799;2026-07-16;Centro-Oeste;Aplicativo;Casa e Cozinha;Sanduicheira Grill;1;171.08;0;Cartão de crédito
V002800;2026-08-28;Sul;Site;Informática;SSD NVMe 1TB;2;523.66;0.05;Cartão de débito
V002801;2026-03-16;Norte;Site;Escritório;Organizador de Mesa;8;73.43;0.05;Cartão de crédito
V002802;2026-06-02;Sudeste;Site;Celulares;Smartphone Orion 128GB;2;1865.32;0.05;Cartão de débito
V002803;2026-02-18;Sudeste;Site;Celulares;Smartphone Vega Max 256GB;1;2515.56;0.1;Cartão de crédito
V002804;2026-01-22;Centro-Oeste;Site;Escritório;Luminária LED;1;134.23;0.1;Cartão de crédito
V002805;2026-02-11;Centro-Oeste;Site;Casa e Cozinha;Liquidificador 1200W;2;289.43;0.08;Cartão de crédito
V002806;2026-05-13;Centro-Oeste;Site;Celulares;Smartphone Orion 128GB;4;1774.5;0;Cartão de crédito
V002807;2026-01-20;Nordeste;Site;Celulares;Smartphone Vega Max 256GB;1;2322.63;0;Cartão de crédito
V002808;2026-07-29;Norte;Site;Informática;Notebook 15 Pro;1;3738.63;0.12;Pix
V002809;2026-02-23;Sul;Site;Casa e Cozinha;Jogo de Panelas 5 peças;1;426.35;0.1;Cartão de crédito
V002810;2026-04-23;Sul;Marketplace;Casa e Cozinha;Sanduicheira Grill;1;187.34;0;Cartão de crédito
V002811;2026-01-16;Sul;Site;Celulares;Fone Bluetooth;1;236.86;0;Cartão de crédito
V002812;2026-04-06;Sudeste;Aplicativo;Casa e Cozinha;Balança Digital Cozinha;2;91.2;0.08;Cartão de crédito
V002813;2026-05-09;Sul;Site;Áudio e Vídeo;Smart TV 43 4K;4;2143.3;0.08;Pix
V002814;2026-03-20;Sudeste;Aplicativo;Celulares;Smartphone Orion 128GB;5;1744.59;0.15;Cartão de débito
V002815;2026-07-26;Sul;Site;Áudio e Vídeo;Microfone USB;1;360.43;0.05;Pix
V002816;2026-02-18;Sul;Aplicativo;Games;Jogo Corrida Pro;3;302.95;0;Cartão de crédito
V002817;2026-02-06;Sudeste;Site;Informática;Hub USB-C 8 em 1;1;268.95;0.1;Cartão de crédito
V002818;2026-03-19;Sudeste;Aplicativo;Games;Jogo Corrida Pro;1;317.02;0.05;Pix
V002819;2026-06-18;Sudeste;Site;Áudio e Vídeo;Smart TV 43 4K;1;2289.62;0.08;Pix
V002820;2026-01-07;Nordeste;Aplicativo;Informática;Monitor 27 QHD;6;1665.63;0.05;Cartão de crédito
V002821;2026-03-22;Centro-Oeste;Site;Casa e Cozinha;Air Fryer 5L;1;530.16;0;Pix
V002822;2026-05-19;Sudeste;Aplicativo;Escritório;Suporte para Notebook;3;107.83;0.05;Cartão de débito
V002823;2026-01-20;Sudeste;Site;Áudio e Vídeo;Headset Gamer;1;290.54;0;Pix
V002824;2026-05-01;Sul;Aplicativo;Celulares;Smartphone Orion Pro 256GB;1;3044.27;0.08;Cartão de débito
V002825;2026-01-14;Sul;Marketplace;Celulares;Carregador USB-C 30W;1;120.25;0.1;Cartão de crédito
V002826;2026-08-06;Sudeste;Aplicativo;Celulares;Capa Antichoque;1;66.81;0.1;Cartão de crédito
V002827;2026-04-14;Sul;Site;Informática;Memória DDR4 16GB;1;279.71;0.15;Cartão de crédito
V002828;2026-06-02;Norte;Site;Celulares;Smartphone Orion 128GB;3;1760.03;0.08;Pix
V002829;2026-02-10;Sudeste;Aplicativo;Áudio e Vídeo;Headset Gamer;1;299.29;0.05;Cartão de crédito
V002830;2026-02-12;Sudeste;Site;Áudio e Vídeo;Projetor Full HD;1;2006.32;0;Cartão de crédito
V002831;2026-03-24;Sudeste;Aplicativo;Casa e Cozinha;Kit Potes Herméticos;1;129.18;0.08;Cartão de crédito
V002832;2026-06-15;Nordeste;Aplicativo;Informática;Notebook 15 Pro;3;3962.42;0;Cartão de crédito
V002833;2026-03-12;Sul;Aplicativo;Casa e Cozinha;Jogo de Panelas 5 peças;1;441.21;0;Cartão de crédito
V002834;2026-06-15;Sul;Aplicativo;Celulares;Capa Antichoque;1;68.1;0;Boleto
V002835;2026-07-29;Sudeste;Site;Celulares;Película 3D;1;37.96;0.1;Cartão de crédito
V002836;2026-06-08;Nordeste;Site;Escritório;Luminária LED;2;140.43;0;Cartão de crédito
V002837;2026-07-21;Sudeste;Site;Áudio e Vídeo;Microfone USB;2;373.89;0.05;Boleto
V002838;2026-03-04;Sul;Aplicativo;Informática;SSD SATA 480GB;2;288.07;0.15;Cartão de crédito
V002839;2026-02-13;Norte;Site;Áudio e Vídeo;Caixa Bluetooth;1;399.85;0.05;Cartão de crédito
V002840;2026-01-15;Sudeste;Aplicativo;Celulares;Smartphone Orion 128GB;1;1717.03;0;Cartão de crédito
V002841;2026-03-30;Sul;Aplicativo;Áudio e Vídeo;Soundbar 2.1;2;785.6;0.08;Pix
V002842;2026-08-24;Centro-Oeste;Site;Casa e Cozinha;Jogo de Panelas 5 peças;2;433.01;0.08;Cartão de crédito
V002843;2026-04-03;Sul;Aplicativo;Áudio e Vídeo;Headset Gamer;1;280.54;0.08;Cartão de crédito
V002844;2026-07-12;Sudeste;Site;Áudio e Vídeo;Smart TV 43 4K;1;2307.53;0.08;Cartão de crédito
V002845;2026-07-22;Nordeste;Marketplace;Informática;Notebook 15 Pro;2;3840.6;0.15;Cartão de crédito
V002846;2026-02-20;Sudeste;Marketplace;Escritório;Papel A4 500 folhas;3;;0.08;Pix
V002847;2026-07-30;Sul;Site;Celulares;Capa Antichoque;1;73.72;0.2;Cartão de débito
V002848;2026-07-27;Sul;Marketplace;Áudio e Vídeo;Projetor Full HD;1;1955.88;0.15;Cartão de crédito
V002849;2026-05-31;Centro-Oeste;Site;Games;Jogo Aventura Lendária;2;354.21;0.1;Pix
V002850;2026-07-04;Sudeste;Site;Áudio e Vídeo;Headset Gamer;3;307.51;0.05;Cartão de crédito
V002851;2026-08-11;Sudeste;Marketplace;Celulares;Smartphone Vega Max 256GB;3;2480.65;0.1;Cartão de crédito
V002852;2026-07-31;;Site;Games;Controle Sem Fio;1;404.15;0.15;Cartão de débito
V002853;2026-07-04;Norte;Site;Casa e Cozinha;Kit Potes Herméticos;4;135.96;0.08;Cartão de crédito
V002854;2026-01-02;Sudeste;Site;Informática;SSD SATA 480GB;8;261.14;0.08;Pix
V002855;2026-02-23;Sudeste;Aplicativo;Áudio e Vídeo;Microfone USB;1;343.6;0.05;Cartão de débito
V002856;2026-01-17;Nordeste;Site;Games;Console PlaySphere 5;1;4558.76;0.05;Cartão de débito
V002857;2026-07-10;Centro-Oeste;Marketplace;Games;Console PlaySphere 5;1;4307.31;0;Pix
V002858;2026-02-10;Sudeste;Aplicativo;Games;Jogo Aventura Lendária;2;363.31;0.05;Boleto
V002859;2026-05-21;Nordeste;Site;Games;Console PlaySphere 5;1;4458.6;0;Boleto
V002860;2026-08-20;Sudeste;Aplicativo;Casa e Cozinha;Air Fryer 5L;1;510.99;0.05;Cartão de crédito
V002861;2026-03-11;Centro-Oeste;Site;Casa e Cozinha;Balança Digital Cozinha;1;90.32;0;Pix
V002862;2026-07-12;Sul;Site;Informática;SSD SATA 480GB;3;274.84;0;Cartão de crédito
V002863;2026-04-30;Sudeste;Site;Áudio e Vídeo;Soundbar 2.1;3;813.59;0.12;Pix
V002864;2026-05-29;Sudeste;Site;Informática;Monitor 27 QHD;5;1662.36;0.08;Cartão de crédito
V002865;2026-04-25;Sul;Site;Informática;Notebook 15 Pro;4;3943.58;0.12;Pix
V002866;2026-05-05;Sudeste;Aplicativo;Celulares;Fone Bluetooth;2;236.77;0.08;Cartão de crédito
V002867;2026-07-16;Nordeste;Site;Games;Cadeira Gamer;1;1036.67;0.05;Pix
V002868;2026-01-15;Sudeste;Aplicativo;Celulares;Smartphone Orion Pro 256GB;2;2988.14;0;Pix
V002869;2026-02-08;Centro-Oeste;Aplicativo;Informática;SSD NVMe 1TB;1;543.75;0.15;Cartão de débito
V002870;2026-08-21;Sudeste;Site;Casa e Cozinha;Jogo de Panelas 5 peças;1;416.78;0;Cartão de débito
V002871;2026-08-13;Sudeste;Aplicativo;Celulares;Fone Bluetooth;1;260.95;0;Cartão de crédito
V002872;2026-07-15;Sudeste;Marketplace;Informática;Teclado Mecânico;1;333.51;0.08;Cartão de crédito
V002873;2026-03-05;Norte;Aplicativo;Celulares;Power Bank 20000mAh;3;236.42;0.15;Boleto
V002874;2026-08-18;Sudeste;Aplicativo;Áudio e Vídeo;Smart TV 43 4K;1;2220.97;0;Pix
V002875;2026-05-22;Sudeste;Site;Games;Cadeira Gamer;1;1074.01;0;Cartão de crédito
V002876;2026-06-03;Sul;Site;Informática;SSD SATA 480GB;3;277.91;0.08;Cartão de crédito
V002877;2026-01-23;Nordeste;Aplicativo;Informática;Mochila para Notebook;1;185.53;0.05;Pix
V002878;2026-05-12;Sudeste;Site;Áudio e Vídeo;Projetor Full HD;4;1792.82;0.1;Cartão de crédito
V002879;2026-05-29;Norte;Site;Informática;SSD SATA 480GB;4;256.17;0;Pix
V002880;2026-06-21;Norte;Site;Áudio e Vídeo;Suporte TV Articulado;6;172.27;0.05;Cartão de crédito
V002881;2026-05-19;Centro-Oeste;Site;Celulares;Fone Bluetooth;4;267.36;0;Pix
V002882;2026-01-24;Nordeste;Aplicativo;Áudio e Vídeo;Smart TV 55 4K;3;3163.41;0.15;Cartão de crédito
V002883;2026-07-06;Centro-Oeste;Marketplace;Casa e Cozinha;Cafeteira Programável;2;301.31;0;Pix
V002884;2026-03-03;Sudeste;Marketplace;Escritório;Impressora Multifuncional;1;892.6;0;Boleto
V002885;2026-06-01;Sudeste;Site;Celulares;Smartphone Vega 128GB;1;1459.49;0.05;Pix
V002886;2026-06-18;Nordeste;Marketplace;Games;Jogo Corrida Pro;8;293.91;0.05;Cartão de crédito
V002887;2026-04-27;Centro-Oeste;Site;Informática;Monitor 24 IPS;6;864.86;0;Cartão de crédito
V002888;2026-08-19;Sul;Marketplace;Escritório;Papel A4 500 folhas;1;36.16;0.05;Boleto
V002889;2026-01-09;Centro-Oeste;Site;Informática;SSD SATA 480GB;1;266.45;0.05;Cartão de crédito
V002890;2026-07-29;Centro-Oeste;Aplicativo;Celulares;Smartphone Orion Pro 256GB;2;2878.03;0.1;Cartão de crédito
V002891;2026-05-20;Sudeste;Site;Áudio e Vídeo;Smart TV 55 4K;3;3337.39;0;Cartão de crédito
V002892;2026-06-15;Sudeste;Marketplace;Informática;Notebook 15 Pro;1;3696.2;0.1;Cartão de crédito
V002893;2026-02-15;Sudeste;Site;Casa e Cozinha;Air Fryer 5L;2;476.24;0;Cartão de crédito
V002894;2026-08-19;Sudeste;Marketplace;Escritório;Impressora Multifuncional;1;856.99;0;Cartão de crédito
V002895;2026-05-06;Sudeste;Site;Casa e Cozinha;Liquidificador 1200W;6;293.98;0.05;Boleto
V002896;2026-06-08;Sudeste;Marketplace;Escritório;Organizador de Mesa;2;74.48;0.05;Cartão de débito
V002897;2026-04-03;Sul;Site;Escritório;Mesa Escritório 120cm;1;677.76;0;Cartão de crédito
V002898;2026-05-15;Centro-Oeste;Site;Informática;Mochila para Notebook;1;184.67;0.15;Cartão de débito
V002899;2026-06-17;Sudeste;Aplicativo;Celulares;Smartphone Vega 128GB;3;1512.19;0.12;Cartão de crédito
V002900;2026-08-12;Norte;Aplicativo;Casa e Cozinha;Aspirador Vertical;3;527.24;0.05;Cartão de crédito
V002901;2026-08-30;Nordeste;Site;Informática;SSD NVMe 1TB;1;539.73;0.05;Cartão de crédito
V002902;2026-04-27;Sul;Aplicativo;Informática;Mochila para Notebook;2;182.06;0.05;Cartão de crédito
V002903;2026-03-23;Sudeste;Site;Informática;Notebook 15 Pro;5;4054.74;0.05;Pix
V002904;2026-05-04;Centro-Oeste;Aplicativo;Informática;Mouse Sem Fio;1;134.75;0.08;Cartão de crédito
V002905;2026-06-03;Nordeste;Site;Casa e Cozinha;Air Fryer 5L;2;521.29;0.12;Cartão de crédito
V002906;2026-03-13;Sudeste;Site;Áudio e Vídeo;Soundbar 2.1;8;806.68;0.05;Pix
V002907;2026-08-13;Sul;Site;Casa e Cozinha;Panela Elétrica 5L;1;396.76;0;Pix
V002908;2026-06-14;Sudeste;Aplicativo;Celulares;Carregador USB-C 30W;4;114.1;0.08;Pix
V002909;2026-01-19;Sul;Site;Informática;SSD NVMe 1TB;2;561.52;0.05;Cartão de débito
V002910;2026-04-22;Norte;Site;Casa e Cozinha;Cafeteira Programável;8;308.59;0;Pix
V002911;2026-08-22;Nordeste;Site;Informática;Monitor 27 QHD;1;1531.47;0.12;Pix
V002912;2026-03-16;Nordeste;Aplicativo;Áudio e Vídeo;Suporte TV Articulado;2;174.68;0;Pix
V002913;2026-06-19;Sudeste;Site;Celulares;Power Bank 20000mAh;3;238.69;0;Cartão de crédito
V002914;2026-08-13;Sul;Site;Games;Jogo Corrida Pro;3;312.84;0.15;Cartão de crédito
V002915;2026-05-27;Sudeste;Site;Informática;Teclado Mecânico;1;344.21;0.08;Cartão de crédito
V002916;2026-02-14;Sudeste;Site;Celulares;Carregador USB-C 30W;3;123.43;0;Cartão de crédito
V002917;2026-01-27;Sudeste;Aplicativo;Áudio e Vídeo;Microfone USB;1;383.85;0;Pix
V002918;2026-03-23;Sudeste;Site;Áudio e Vídeo;Headset Gamer;3;307.57;0;Cartão de crédito
V002919;2026-05-28;Sudeste;Site;Áudio e Vídeo;Microfone USB;1;351.87;0;Cartão de crédito
V002920;2026-02-13;Nordeste;Site;Informática;Memória DDR4 16GB;1;303.88;0;Pix
V002921;2026-01-06;Nordeste;Marketplace;Games;Console PlaySphere 5;3;4335.09;0;Boleto
V002922;2026-08-11;Sudeste;Aplicativo;Informática;SSD SATA 480GB;1;265.68;0.12;Cartão de crédito
V002923;2026-02-22;Sudeste;Site;Escritório;Organizador de Mesa;2;68.88;0.08;Cartão de crédito
V002924;2026-01-17;Sudeste;Marketplace;Celulares;Smartphone Orion 128GB;2;1700.16;0.05;Cartão de débito
V002925;2026-03-09;Sudeste;Marketplace;Informática;Monitor 27 QHD;1;1550.38;0.1;Cartão de crédito
V002926;2026-08-31;Sul;Marketplace;Áudio e Vídeo;Soundbar 2.1;1;804.66;0;Cartão de crédito
V002927;2026-04-27;Sul;Site;Informática;Mouse Sem Fio;3;133.0;0.12;Cartão de débito
V002928;2026-01-19;Sudeste;Site;Escritório;Papel A4 500 folhas;2;36.13;0.1;Pix
V002929;2026-05-18;Sudeste;Aplicativo;Áudio e Vídeo;Headset Gamer;1;301.6;0;Cartão de crédito
V002930;2026-05-15;Nordeste;Site;Informática;Notebook 14 Air;3;3163.37;0;Boleto
V002931;2026-06-07;Sul;Aplicativo;Informática;Webcam Full HD;5;253.19;0;Pix
V002932;2026-02-15;Sudeste;Marketplace;Informática;SSD SATA 480GB;2;282.36;0;Cartão de crédito
V002933;2026-06-16;Sudeste;Marketplace;Celulares;Smartphone Orion 128GB;4;1767.15;0.1;Pix
V002934;2026-08-09;Centro-Oeste;Aplicativo;Casa e Cozinha;Balança Digital Cozinha;2;93.9;0;Pix
V002935;2026-02-01;Nordeste;Site;Áudio e Vídeo;Caixa Bluetooth;2;408.88;0.08;Pix
V002936;2026-01-26;Sudeste;Site;Celulares;Carregador USB-C 30W;8;126.52;0.05;Cartão de crédito
V002937;2026-01-05;Nordeste;Marketplace;Casa e Cozinha;Sanduicheira Grill;5;174.61;0.12;Cartão de crédito
V002938;2026-02-14;Sul;Site;Escritório;Cadeira Ergonômica;2;1163.07;0.2;Pix
V002939;2026-01-29;Nordeste;Site;Celulares;Smartphone Vega Max 256GB;1;2421.34;0;Cartão de crédito
V002940;2026-02-23;Nordeste;Aplicativo;Áudio e Vídeo;Smart TV 55 4K;3;3177.5;0.05;Boleto
V002941;2026-08-30;Centro-Oeste;Site;Áudio e Vídeo;Microfone USB;1;383.04;0.15;Boleto
V002942;2026-08-29;Sudeste;Marketplace;Celulares;Carregador USB-C 30W;2;124.74;0.15;Pix
V002943;2026-02-02;Sul;Site;Informática;SSD SATA 480GB;1;256.75;0;Cartão de crédito
V002944;2026-07-22;Sudeste;Site;Áudio e Vídeo;Caixa Bluetooth;2;422.2;0.1;Cartão de crédito
V002945;2026-08-29;Sudeste;Site;Escritório;Cadeira Ergonômica;2;1148.56;0;Pix
V002946;2026-01-09;Sudeste;Site;Escritório;Mesa Escritório 120cm;1;685.51;0.1;Cartão de crédito
V002947;2026-06-22;Norte;Aplicativo;Informática;Mouse Sem Fio;3;132.6;0;Cartão de crédito
V002948;2026-08-30;Sudeste;Aplicativo;Escritório;Fragmentadora 10 folhas;1;724.04;0;Pix
V002949;2026-06-14;Sul;Marketplace;Casa e Cozinha;Liquidificador 1200W;1;264.83;0.2;Cartão de crédito
V002950;2026-04-27;Sudeste;Aplicativo;Informática;Hub USB-C 8 em 1;1;264.42;0;Cartão de débito
V002951;2026-02-07;Sul;Aplicativo;Informática;Monitor 24 IPS;1;923.47;0.15;Pix
V002952;2026-02-14;Sudeste;Aplicativo;Áudio e Vídeo;Suporte TV Articulado;1;160.91;0.05;Pix
V002953;2026-07-15;Sudeste;Aplicativo;Escritório;Impressora Multifuncional;2;908.7;0;Boleto
V002954;2026-03-16;;Aplicativo;Áudio e Vídeo;Smart TV 43 4K;1;2095.59;0.1;Cartão de crédito
V002955;2026-02-27;Centro-Oeste;Aplicativo;Escritório;Papel A4 500 folhas;4;36.74;0;Boleto
V002956;2026-04-22;Sul;Marketplace;Áudio e Vídeo;Suporte TV Articulado;1;171.53;0.2;Pix
V002957;2026-05-03;Sudeste;Site;Casa e Cozinha;Jogo de Panelas 5 peças;1;419.71;0.2;Pix
V002958;2026-03-11;Sudeste;Site;Informática;SSD SATA 480GB;5;256.02;0;Cartão de crédito
V002959;2026-07-09;Sudeste;Site;Celulares;Película 3D;1;40.28;0.15;Cartão de crédito
V002960;2026-08-07;Sudeste;Site;Áudio e Vídeo;Projetor Full HD;1;1794.43;0;Cartão de débito
V002961;2026-02-19;Centro-Oeste;Marketplace;Áudio e Vídeo;Headset Gamer;2;304.6;0;Cartão de débito
V002962;2026-02-05;Sudeste;Site;Games;Jogo Corrida Pro;4;306.32;0;Pix
V002963;2026-05-11;Sudeste;Aplicativo;Escritório;Papel A4 500 folhas;2;35.08;0;Pix
V002964;2026-08-08;Sudeste;Site;Escritório;Mesa Escritório 120cm;4;678.15;0.1;Cartão de débito
V002965;2026-02-18;Centro-Oeste;Aplicativo;Escritório;Luminária LED;1;144.49;0.2;Pix
V002966;2026-01-12;Sudeste;Site;Informática;SSD NVMe 1TB;3;561.89;0;Cartão de crédito
V002967;2026-08-28;Nordeste;Site;Celulares;Smartphone Vega Max 256GB;2;2327.04;0;Cartão de crédito
V002968;2026-07-12;Sudeste;Aplicativo;Casa e Cozinha;Panela Elétrica 5L;6;409.0;0;Boleto
V002969;2026-03-23;;Aplicativo;Celulares;Smartphone Vega Max 256GB;3;2436.25;0;Pix
V002970;2026-08-27;Nordeste;Aplicativo;Áudio e Vídeo;Microfone USB;3;339.53;0.1;Boleto
V002971;2026-04-24;Sudeste;Aplicativo;Informática;Memória DDR4 16GB;1;273.05;0;Cartão de crédito
V002972;2026-06-13;Norte;Site;Escritório;Cadeira Ergonômica;1;1276.73;0;Cartão de crédito
V002973;2026-08-12;Sul;Site;Casa e Cozinha;Aspirador Vertical;1;561.14;0.15;Cartão de débito
V002974;2026-04-29;Nordeste;Site;Casa e Cozinha;Balança Digital Cozinha;2;90.06;0;Cartão de débito
V002975;2026-03-11;Sudeste;Aplicativo;Games;Controle Sem Fio;1;385.61;0.1;Cartão de crédito
V002976;2026-08-14;Sul;Marketplace;Informática;Mouse Sem Fio;4;129.32;0.12;Pix
V002977;2026-04-16;Sudeste;Marketplace;Informática;Memória DDR4 16GB;2;276.8;0.15;Pix
V002978;2026-05-13;Centro-Oeste;Site;Informática;Monitor 24 IPS;3;882.6;0.12;Cartão de débito
V002979;2026-01-18;Sul;Aplicativo;Celulares;Capa Antichoque;4;71.29;0.05;Cartão de crédito
V002980;2026-06-02;Nordeste;Aplicativo;Casa e Cozinha;Balança Digital Cozinha;2;87.68;0.1;Cartão de crédito
V002981;2026-03-30;Norte;Marketplace;Informática;Monitor 27 QHD;1;1556.55;0;Cartão de crédito
V002982;2026-01-24;Sul;Site;Casa e Cozinha;Air Fryer 5L;3;509.49;0.2;Cartão de crédito
V002983;2026-04-10;Sudeste;Site;Escritório;Papel A4 500 folhas;2;35.71;0.08;Cartão de crédito
V002984;2026-01-23;Nordeste;Aplicativo;Casa e Cozinha;Kit Potes Herméticos;6;123.55;0.05;Cartão de crédito
V002985;2026-07-14;Sudeste;Aplicativo;Informática;Notebook 14 Air;2;3516.25;0.15;Cartão de crédito
V002986;2026-04-10;Nordeste;Marketplace;Áudio e Vídeo;Soundbar 2.1;1;803.18;0;Pix
V002987;2026-03-10;Sul;Aplicativo;Informática;Notebook 14 Air;2;3304.23;0.12;Boleto
V002988;2026-05-23;Sul;Site;Informática;SSD SATA 480GB;1;286.4;0;Cartão de crédito
V002989;2026-01-29;Sudeste;Aplicativo;Casa e Cozinha;Aspirador Vertical;1;542.35;0;Pix
V002990;2026-06-15;Sudeste;Site;Casa e Cozinha;Aspirador Vertical;4;585.01;0.08;Cartão de crédito
V002991;2026-04-12;Norte;Aplicativo;Casa e Cozinha;Jogo de Panelas 5 peças;3;437.2;0.05;Cartão de crédito
V002992;2026-07-03;Nordeste;Site;Áudio e Vídeo;Suporte TV Articulado;3;163.33;0.1;Cartão de crédito
V002993;2026-07-05;Centro-Oeste;Aplicativo;Celulares;Fone Bluetooth;1;241.08;0.12;Pix
V002994;2026-07-14;Sudeste;Site;Informática;Mouse Sem Fio;5;136.13;0.15;Cartão de crédito
V002995;2026-06-11;Nordeste;Marketplace;Celulares;Película 3D;1;41.1;0.15;Pix
V002996;2026-01-17;Norte;Aplicativo;Escritório;Suporte para Notebook;4;109.16;0.05;Cartão de crédito
V002997;2026-06-12;Centro-Oeste;Marketplace;Informática;SSD SATA 480GB;1;288.06;0.15;Cartão de débito
V002998;2026-01-18;Sul;Aplicativo;Celulares;Power Bank 20000mAh;4;236.43;0.12;Cartão de crédito
V002999;2026-02-08;Sul;Site;Informática;Memória DDR4 16GB;2;273.0;0;Cartão de débito
V003000;2026-07-31;Nordeste;Site;Casa e Cozinha;Sanduicheira Grill;2;192.2;0.12;Pix
V003001;2026-04-27;Nordeste;Aplicativo;Celulares;Película 3D;1;40.74;0;Pix
V003002;2026-04-24;Sudeste;Aplicativo;Escritório;Mesa Escritório 120cm;3;640.06;0.1;Cartão de débito
V003003;2026-04-11;Sul;Aplicativo;Escritório;Fragmentadora 10 folhas;1;681.86;0.15;Cartão de crédito
V003004;2026-04-20;Sudeste;Site;Casa e Cozinha;Aspirador Vertical;2;519.02;0;Cartão de crédito
V003005;2026-06-12;Sudeste;Site;Escritório;Papel A4 500 folhas;1;32.98;0.1;Cartão de crédito
V003006;2026-01-03;Nordeste;Site;Celulares;Smartphone Orion 128GB;2;1916.61;0.05;Cartão de crédito
V003007;2026-08-14;Centro-Oeste;Aplicativo;Informática;Mouse Sem Fio;1;125.39;0;Cartão de crédito
V003008;2026-06-17;Centro-Oeste;Marketplace;Informática;Notebook 15 Pro;4;3685.97;0;Pix
V003009;2026-07-13;Sudeste;Aplicativo;Casa e Cozinha;Cafeteira Programável;1;328.47;0;Pix
V003010;2026-02-01;Sudeste;Site;Escritório;Cadeira Ergonômica;2;1210.0;0;Pix
V003011;2026-01-05;Centro-Oeste;Site;Áudio e Vídeo;Soundbar 2.1;1;821.87;0.15;Pix
V003012;2026-03-23;Sudeste;Marketplace;Games;Console NovaBox X;2;3909.7;0;Pix
V003013;2026-05-19;Nordeste;Site;Áudio e Vídeo;Soundbar 2.1;4;762.52;0;Pix
V003014;2026-01-10;Sudeste;Aplicativo;Games;Jogo Aventura Lendária;1;337.55;0;Boleto
V003015;2026-03-25;Nordeste;Aplicativo;Celulares;Capa Antichoque;2;72.09;0.05;Cartão de crédito
V003016;2026-05-26;Nordeste;Aplicativo;Informática;Notebook 15 Pro;1;4032.39;0;Cartão de crédito
V003017;2026-08-17;Nordeste;Site;Casa e Cozinha;Balança Digital Cozinha;1;88.9;0;Cartão de débito
V003018;2026-05-14;Sul;Site;Escritório;Papel A4 500 folhas;1;33.02;0.05;Cartão de crédito
V003019;2026-03-26;Sudeste;Aplicativo;Celulares;Capa Antichoque;1;73.59;0.08;Pix
V003020;2026-07-21;Centro-Oeste;Site;Escritório;Fragmentadora 10 folhas;3;;0.1;Cartão de crédito
V003021;2026-07-21;Centro-Oeste;Site;Escritório;Papel A4 500 folhas;2;36.71;0.12;Pix
V003022;2026-08-21;Sudeste;Site;Informática;SSD SATA 480GB;1;260.56;0;Cartão de crédito
V003023;2026-03-07;Sudeste;Aplicativo;Informática;Notebook 15 Pro;1;3778.95;0;Cartão de crédito
V003024;2026-06-27;Sudeste;Site;Informática;SSD SATA 480GB;1;268.92;0;Pix
V003025;2026-02-22;Nordeste;Site;Celulares;Smartphone Orion 128GB;6;1786.02;0.05;Cartão de débito
V003026;2026-03-27;Sudeste;Aplicativo;Celulares;Smartphone Orion 128GB;2;1763.05;0.05;Cartão de crédito
V003027;2026-03-27;Sudeste;Site;Casa e Cozinha;Liquidificador 1200W;1;282.24;0;Cartão de crédito
V003028;2026-02-10;Nordeste;Site;Celulares;Película 3D;4;38.34;0;Cartão de crédito
V003029;2026-06-18;Centro-Oeste;Aplicativo;Áudio e Vídeo;Caixa Bluetooth;2;410.99;0.05;Cartão de crédito
V003030;2026-05-14;Nordeste;Site;Informática;Mochila para Notebook;2;193.75;0;Boleto
V003031;2026-05-04;Sudeste;Site;Informática;Monitor 27 QHD;1;1520.64;0.15;Cartão de crédito
V003032;2026-02-02;Sudeste;Site;Celulares;Smartphone Orion 128GB;2;1702.16;0;Cartão de crédito
V003033;2026-02-09;Centro-Oeste;Aplicativo;Games;Console NovaBox X;1;3946.04;0.15;Cartão de crédito
V003034;2026-07-19;Sul;Marketplace;Casa e Cozinha;Kit Potes Herméticos;1;132.5;0;Cartão de crédito
V003035;2026-06-23;Sul;Site;Celulares;Power Bank 20000mAh;2;217.79;0;Boleto
V003036;2026-08-04;Sul;Aplicativo;Informática;Memória DDR4 16GB;1;305.61;0;Cartão de crédito
V003037;2026-06-27;Sudeste;Aplicativo;Escritório;Mesa Escritório 120cm;1;624.71;0;Cartão de crédito
V003038;2026-07-30;Nordeste;Site;Celulares;Smartphone Vega Max 256GB;1;2511.53;0.1;Cartão de crédito
V003039;2026-07-01;Sul;Site;Celulares;Smartphone Orion 128GB;2;1836.36;0;Cartão de débito
V003040;2026-06-01;Sul;Marketplace;Casa e Cozinha;Cafeteira Programável;1;305.92;0.2;Cartão de crédito
V003041;2026-02-25;Sul;Aplicativo;Casa e Cozinha;Air Fryer 5L;1;517.14;0.15;Cartão de crédito
V003042;2026-06-04;Sul;Aplicativo;Celulares;Capa Antichoque;1;66.62;0.05;Cartão de crédito
V003043;2026-06-01;Nordeste;Aplicativo;Informática;SSD NVMe 1TB;1;552.69;0;Cartão de débito
V003044;2026-03-11;Sudeste;Aplicativo;Áudio e Vídeo;Soundbar 2.1;5;769.66;0;Boleto
V003045;2026-07-08;Norte;Marketplace;Celulares;Power Bank 20000mAh;2;224.11;0.15;Cartão de débito
V003046;2026-04-10;Sudeste;Site;Games;Jogo Aventura Lendária;3;354.77;0;Cartão de crédito
V003047;2026-06-21;Sudeste;Site;Informática;Mochila para Notebook;1;183.25;0;Pix
V003048;2026-08-17;Sudeste;Aplicativo;Informática;SSD SATA 480GB;2;278.04;0;Pix
V003049;2026-08-04;Sul;Aplicativo;Escritório;Organizador de Mesa;1;72.93;0.15;Cartão de crédito
V003050;2026-07-25;Centro-Oeste;Site;Games;Volante Racing;1;1244.35;0.15;Cartão de crédito
V003051;2026-04-10;Sudeste;Marketplace;Celulares;Power Bank 20000mAh;1;244.77;0.08;Pix
V003052;2026-06-08;Sudeste;Marketplace;Casa e Cozinha;Air Fryer 5L;1;483.67;0.05;Cartão de crédito
V003053;2026-02-14;Sul;Site;Celulares;Película 3D;1;39.84;;Cartão de crédito
V003054;2026-07-25;Centro-Oeste;Site;Casa e Cozinha;Liquidificador 1200W;2;270.16;0.1;Cartão de crédito
V003055;2026-05-13;Sudeste;Marketplace;Celulares;Película 3D;2;39.32;0;Pix
V003056;2026-07-31;Centro-Oeste;Aplicativo;Áudio e Vídeo;Smart TV 55 4K;1;3013.84;0.05;Pix
V003057;2026-06-19;Centro-Oeste;Site;Informática;Memória DDR4 16GB;3;308.26;0.05;Pix
V003058;2026-08-15;Sul;Aplicativo;Informática;Memória DDR4 16GB;1;276.03;0.1;Cartão de crédito
V003059;2026-04-12;;Site;Escritório;Cadeira Ergonômica;1;1186.39;0;Pix
V003060;2026-06-26;Sul;Site;Informática;SSD SATA 480GB;1;286.35;0;Cartão de crédito
V003061;2026-07-14;Sul;Marketplace;Informática;Teclado Mecânico;1;357.12;0.15;Pix
V003062;2026-07-11;Sudeste;Aplicativo;Celulares;Power Bank 20000mAh;2;217.0;0;Cartão de crédito
V003063;2026-06-09;Sudeste;Marketplace;Áudio e Vídeo;Headset Gamer;2;290.53;0.05;Pix
V003064;2026-02-12;Centro-Oeste;Site;Escritório;Mesa Escritório 120cm;1;616.14;0.05;Boleto
V003065;2026-06-20;Centro-Oeste;Aplicativo;Games;Jogo Aventura Lendária;1;339.71;0.12;Pix
V003066;2026-03-07;Nordeste;Aplicativo;Informática;Hub USB-C 8 em 1;1;265.03;0.1;Cartão de crédito
V003067;2026-01-31;Sudeste;Marketplace;Casa e Cozinha;Cafeteira Programável;3;302.32;0.15;Cartão de crédito
V003068;2026-05-11;Sudeste;Aplicativo;Informática;Webcam Full HD;3;243.36;0;Pix
V003069;2026-08-25;Sudeste;Site;Celulares;Smartphone Orion 128GB;1;1717.62;0.05;Cartão de crédito
V003070;2026-04-28;Sul;Site;Games;Cadeira Gamer;1;1165.95;0;Pix
V003071;2026-01-22;Sudeste;Aplicativo;Informática;Monitor 27 QHD;1;1574.69;0.05;Cartão de crédito
V003072;2026-05-19;Norte;Site;Áudio e Vídeo;Microfone USB;2;372.45;0.1;Cartão de crédito
V003073;2026-01-10;Sul;Aplicativo;Games;Jogo Aventura Lendária;5;362.1;0.1;Pix
V003074;2026-01-09;Sudeste;Site;Celulares;Película 3D;10;40.37;0;Pix
V003075;2026-01-08;Sudeste;Aplicativo;Celulares;Carregador USB-C 30W;8;120.74;0.05;Cartão de crédito
V003076;2026-07-23;Sudeste;Aplicativo;Casa e Cozinha;Panela Elétrica 5L;1;410.18;0;Boleto
V003077;2026-04-24;Sul;Site;Informática;SSD NVMe 1TB;1;539.93;0.08;Cartão de crédito
V003078;2026-05-26;Nordeste;Marketplace;Informática;Notebook 14 Air;1;3438.08;0;Boleto
V003079;2026-02-23;Centro-Oeste;Site;Informática;Notebook 15 Pro;1;3982.07;0;Cartão de crédito
V003080;2026-06-17;Sudeste;Site;Celulares;Fone Bluetooth;1;263.48;0;Cartão de crédito
V003081;2026-08-02;Nordeste;Marketplace;Informática;Monitor 27 QHD;2;1557.63;0.05;Cartão de crédito
V003082;2026-03-07;Sudeste;Aplicativo;Celulares;Smartphone Orion Pro 256GB;1;3092.21;0.08;Cartão de crédito
V003083;2026-08-30;Sudeste;Site;Games;Cadeira Gamer;1;1161.76;0.08;Cartão de débito
V003084;2026-06-26;Centro-Oeste;Marketplace;Informática;Teclado Mecânico;1;353.94;0.05;Cartão de crédito
V003085;2026-07-07;Sul;Site;Informática;SSD SATA 480GB;2;270.41;0.15;Cartão de crédito
V003086;2026-05-14;Sudeste;Site;Escritório;Luminária LED;1;134.7;0.05;Cartão de crédito
V003087;2026-02-25;Sul;Aplicativo;Games;Headset 7.1;1;473.2;0;Pix
V003088;2026-03-28;Sudeste;Aplicativo;Escritório;Luminária LED;1;132.78;0.2;Cartão de crédito
V003089;2026-08-19;Sul;Aplicativo;Games;Jogo Aventura Lendária;1;345.96;0.1;Cartão de débito
V003090;2026-02-26;Sudeste;Site;Informática;Teclado Mecânico;4;357.57;0.08;Cartão de débito
V003091;2026-02-27;Sudeste;Site;Celulares;Película 3D;3;40.84;0;Cartão de crédito
V003092;2026-02-20;Sudeste;Aplicativo;Games;Console NovaBox X;1;4056.92;0;Cartão de débito
V003093;2026-07-14;Sul;Site;Escritório;Impressora Multifuncional;1;906.68;0;Boleto
V003094;2026-08-04;Sul;Site;Casa e Cozinha;Liquidificador 1200W;2;292.09;0;Pix
V003095;2026-08-06;Sul;Site;Games;Console PlaySphere 5;2;4338.32;0.15;Cartão de crédito
V003096;2026-01-23;Norte;Site;Escritório;Luminária LED;8;144.11;0.05;Cartão de débito
V003097;2026-07-20;Nordeste;Aplicativo;Games;Volante Racing;2;1229.07;0.1;Pix
V003098;2026-01-31;Sudeste;Site;Áudio e Vídeo;Smart TV 43 4K;4;2280.91;0.1;Cartão de crédito
V003099;2026-07-10;Sul;Aplicativo;Games;Console NovaBox X;1;4117.05;0.08;Cartão de débito
V003100;2026-08-05;Sul;Site;Casa e Cozinha;Balança Digital Cozinha;3;84.8;0;Cartão de crédito
V003101;2026-06-21;Sudeste;Site;Informática;Teclado Mecânico;1;343.95;0;Pix
V003102;2026-05-29;Norte;Aplicativo;Casa e Cozinha;Cafeteira Programável;1;319.64;0.05;Cartão de débito
V003103;2026-04-07;Sudeste;Site;Casa e Cozinha;Cafeteira Programável;1;313.1;0;Cartão de crédito
V003104;2026-06-07;Sudeste;Site;Celulares;Fone Bluetooth;2;256.71;0.1;Cartão de crédito
V003105;2026-02-23;Sudeste;Aplicativo;Escritório;Organizador de Mesa;1;74.68;0.08;Pix
V003106;2026-08-07;Sudeste;Aplicativo;Casa e Cozinha;Balança Digital Cozinha;1;85.8;0;Cartão de crédito
V003107;2026-02-01;Nordeste;Site;Informática;Mouse Sem Fio;2;133.36;0;Cartão de crédito
V003108;2026-07-05;Sul;Aplicativo;Áudio e Vídeo;Projetor Full HD;5;1887.25;0.05;Cartão de débito
V003109;2026-02-06;Sudeste;Site;Celulares;Smartphone Vega Max 256GB;2;2508.76;0;Pix
V003110;2026-07-25;Nordeste;Site;Escritório;Fragmentadora 10 folhas;1;674.06;0.05;Boleto
V003111;2026-07-19;Sudeste;Site;Celulares;Smartphone Vega 128GB;1;1591.22;0.1;Cartão de crédito
V003112;2026-04-26;Sul;Site;Casa e Cozinha;Sanduicheira Grill;1;181.36;0.15;Cartão de crédito
V003113;2026-06-30;Sudeste;Site;Casa e Cozinha;Jogo de Panelas 5 peças;1;423.4;0.12;Pix
V003114;2026-03-03;Sudeste;Site;Informática;Notebook 14 Air;1;3470.98;0;Boleto
V003115;2026-03-02;Norte;Marketplace;Informática;Teclado Mecânico;1;344.81;0.1;Cartão de crédito
V003116;2026-08-02;;Marketplace;Casa e Cozinha;Kit Potes Herméticos;2;125.8;0.2;Cartão de crédito
V003117;2026-06-02;Norte;Site;Escritório;Mesa Escritório 120cm;1;685.67;0.1;Pix
V003118;2026-04-14;Norte;Marketplace;Informática;SSD NVMe 1TB;1;554.1;0.05;Pix
V003119;2026-02-21;Nordeste;Marketplace;Escritório;Luminária LED;1;135.28;0;Pix
V003120;2026-02-17;Sul;Aplicativo;Games;Volante Racing;2;1241.56;0.12;Cartão de crédito
V003121;2026-07-12;Sudeste;Site;Casa e Cozinha;Air Fryer 5L;2;515.24;0;Cartão de crédito
V003122;2026-07-04;Nordeste;Marketplace;Informática;Webcam Full HD;4;225.72;0.15;Pix
V003123;2026-01-04;Sul;Aplicativo;Informática;Webcam Full HD;1;253.65;0.15;Cartão de crédito
V003124;2026-07-28;Norte;Marketplace;Informática;Teclado Mecânico;1;344.83;0.08;Pix
V003125;2026-02-04;Sudeste;Site;Informática;Hub USB-C 8 em 1;1;275.12;0.1;Pix
V003126;2026-04-06;Nordeste;Marketplace;Informática;Teclado Mecânico;2;373.33;0;Pix
V003127;2026-01-15;Centro-Oeste;Site;Celulares;Smartphone Orion Pro 256GB;1;2879.64;0.1;Boleto
V003128;2026-04-13;Centro-Oeste;Aplicativo;Games;Headset 7.1;1;437.87;0;Cartão de débito
V003129;2026-05-22;Sudeste;Site;Áudio e Vídeo;Suporte TV Articulado;1;162.85;0.05;Cartão de crédito
V003130;2026-07-30;Sudeste;Marketplace;Áudio e Vídeo;Headset Gamer;3;278.95;0.15;Boleto
V003131;2026-07-28;Sudeste;Site;Áudio e Vídeo;Soundbar 2.1;1;817.4;0.1;Cartão de crédito
V003132;2026-03-20;Sudeste;Site;Celulares;Power Bank 20000mAh;4;233.48;0;Cartão de crédito
V003133;2026-02-06;Sudeste;Site;Informática;Memória DDR4 16GB;1;306.11;0;Pix
V003134;2026-06-08;Sul;Aplicativo;Celulares;Power Bank 20000mAh;1;244.63;0.08;Cartão de crédito
V003135;2026-01-12;Sudeste;Aplicativo;Informática;SSD NVMe 1TB;2;505.37;0;Cartão de crédito
V003136;2026-04-09;Sudeste;Aplicativo;Escritório;Organizador de Mesa;2;66.47;0.1;Cartão de crédito
V003137;2026-08-28;Sul;Marketplace;Celulares;Power Bank 20000mAh;5;219.52;0;Pix
V003138;2026-04-13;Sudeste;Marketplace;Escritório;Organizador de Mesa;3;73.09;0.1;Pix
V003139;2026-08-22;Sul;Site;Casa e Cozinha;Kit Potes Herméticos;3;127.83;0.08;Cartão de crédito
V003140;2026-08-23;Nordeste;Site;Games;Volante Racing;2;1349.12;0.1;Cartão de crédito
V003141;2026-03-08;Sudeste;Aplicativo;Games;Jogo Corrida Pro;1;312.4;0.08;Cartão de débito
V003142;2026-06-27;Sul;Site;Escritório;Organizador de Mesa;1;70.91;0.1;Pix
V003143;2026-05-15;Sul;Site;Celulares;Smartphone Vega 128GB;1;1561.68;0;Cartão de débito
V003144;2026-08-23;Nordeste;Site;Áudio e Vídeo;Smart TV 55 4K;5;3163.03;0.05;Boleto
V003145;2026-03-30;Sudeste;Aplicativo;Áudio e Vídeo;Suporte TV Articulado;1;174.24;0.12;Cartão de crédito
V003146;2026-07-12;Sudeste;Aplicativo;Áudio e Vídeo;Caixa Bluetooth;3;394.83;0;Pix
V003147;2026-01-13;Sudeste;Site;Celulares;Fone Bluetooth;4;247.86;0.1;Cartão de crédito
V003148;2026-07-02;Sudeste;Site;Áudio e Vídeo;Microfone USB;1;349.98;0.1;Cartão de crédito
V003149;2026-07-29;Sudeste;Site;Escritório;Luminária LED;1;144.95;0.08;Boleto
V003150;2026-02-06;Sudeste;Aplicativo;Games;Headset 7.1;1;461.12;0;Pix
V003151;2026-02-11;Nordeste;Aplicativo;Games;Console NovaBox X;2;4149.47;0.15;Cartão de crédito
V003152;2026-05-16;Sudeste;Aplicativo;Escritório;Papel A4 500 folhas;4;34.65;0.08;Cartão de crédito
V003153;2026-05-26;Sudeste;Aplicativo;Celulares;Smartphone Orion 128GB;2;1859.81;0.1;Pix
V003154;2026-06-28;Sul;Marketplace;Informática;Memória DDR4 16GB;4;304.23;0.15;Cartão de débito
V003155;2026-07-09;Sudeste;Aplicativo;Celulares;Smartphone Vega 128GB;2;1602.95;0.12;Pix
V003156;2026-03-12;Centro-Oeste;Site;Informática;Teclado Mecânico;2;338.16;0.12;Cartão de crédito
V003157;2026-01-27;Sudeste;Site;Casa e Cozinha;Air Fryer 5L;2;504.71;0.08;Boleto
V003158;2026-06-20;Nordeste;Marketplace;Casa e Cozinha;Jogo de Panelas 5 peças;1;;0;Cartão de crédito
V003159;2026-07-04;Sudeste;Aplicativo;Games;Controle Sem Fio;2;421.13;0.15;Cartão de crédito
V003160;2026-06-06;Sudeste;Aplicativo;Informática;Notebook 15 Pro;1;3889.03;0;Cartão de crédito
V003161;2026-01-19;Sudeste;Aplicativo;Casa e Cozinha;Sanduicheira Grill;1;187.97;0.08;Pix
V003162;2026-04-08;Sudeste;Site;Escritório;Luminária LED;2;132.33;0.08;Pix
V003163;2026-08-23;Sudeste;Marketplace;Games;Volante Racing;1;1225.18;0;Cartão de crédito
V003164;2026-07-28;Centro-Oeste;Aplicativo;Informática;Teclado Mecânico;1;332.05;0;Cartão de crédito
V003165;2026-06-13;Centro-Oeste;Aplicativo;Escritório;Luminária LED;4;139.5;0.1;Cartão de débito
V003166;2026-03-09;Sudeste;Site;Celulares;Smartphone Orion Pro 256GB;1;2991.08;0.08;Pix
V003167;2026-01-27;Nordeste;Site;Informática;Monitor 24 IPS;1;898.05;0;Cartão de crédito
V003168;2026-05-04;Nordeste;Aplicativo;Games;Jogo Aventura Lendária;1;331.53;0.2;Cartão de crédito
V003169;2026-03-12;Norte;Marketplace;Celulares;Smartphone Orion Pro 256GB;2;3068.43;0.1;Pix
V003170;2026-06-01;Sul;Site;Informática;Mochila para Notebook;2;195.21;0;Pix
V003171;2026-05-30;Norte;Site;Áudio e Vídeo;Soundbar 2.1;1;801.16;0.1;Cartão de débito
V003172;2026-08-08;Sul;Site;Casa e Cozinha;Balança Digital Cozinha;1;88.12;0;Cartão de crédito
V003173;2026-07-09;Sudeste;Site;Áudio e Vídeo;Projetor Full HD;2;1797.39;0.08;Pix
V003174;2026-03-28;Centro-Oeste;Aplicativo;Escritório;Cadeira Ergonômica;1;1135.45;0;Pix
V003175;2026-07-30;Nordeste;Site;Informática;Memória DDR4 16GB;2;276.18;0.05;Boleto
V003176;2026-06-04;Centro-Oeste;Site;Casa e Cozinha;Jogo de Panelas 5 peças;1;456.0;0.05;Pix
V003177;2026-08-06;Sudeste;Aplicativo;Informática;Notebook 14 Air;3;3473.22;0.05;Cartão de crédito
V003178;2026-05-15;Centro-Oeste;Site;Celulares;Smartphone Orion Pro 256GB;1;3084.25;0;Pix
V003179;2026-02-19;Norte;Marketplace;Escritório;Organizador de Mesa;1;69.46;0.15;Cartão de crédito
V003180;2026-08-18;Nordeste;Site;Escritório;Cadeira Ergonômica;3;1249.7;0;Cartão de débito
V003181;2026-05-10;Sudeste;Site;Casa e Cozinha;Air Fryer 5L;1;526.5;0;Cartão de crédito
V003182;2026-07-03;Nordeste;Site;Games;Jogo Corrida Pro;2;303.15;0.1;Pix
V003183;2026-07-18;Sudeste;Marketplace;Informática;SSD NVMe 1TB;1;556.26;0.08;Cartão de crédito
V003184;2026-06-17;Sudeste;Aplicativo;Celulares;Capa Antichoque;2;71.65;0.2;Cartão de crédito
V003185;2026-08-15;Sudeste;Marketplace;Informática;Memória DDR4 16GB;2;286.14;0.12;Pix
V003186;2026-04-12;Sudeste;Marketplace;Celulares;Película 3D;4;41.12;0;Boleto
V003187;2026-08-24;Norte;Aplicativo;Celulares;Power Bank 20000mAh;1;224.85;0.08;Cartão de crédito
V003188;2026-06-23;Norte;Aplicativo;Escritório;Suporte para Notebook;5;105.22;0.08;Cartão de crédito
V003189;2026-07-06;Centro-Oeste;Aplicativo;Escritório;Cadeira Ergonômica;3;1234.6;0;Pix
V003190;2026-01-01;Nordeste;Site;Informática;SSD SATA 480GB;1;257.19;0.1;Pix
V003191;2026-06-05;Centro-Oeste;Site;Áudio e Vídeo;Soundbar 2.1;3;850.56;0.08;Pix
V003192;2026-02-24;Sul;Site;Celulares;Smartphone Vega Max 256GB;1;2480.87;0.15;Cartão de débito
V003193;2026-06-19;Norte;Site;Casa e Cozinha;Kit Potes Herméticos;1;124.27;0.05;Cartão de crédito
V003194;2026-06-12;Sudeste;Marketplace;Celulares;Power Bank 20000mAh;1;242.07;0;Cartão de crédito
V003195;2026-08-27;Nordeste;Aplicativo;Celulares;Smartphone Orion 128GB;1;1787.22;0.1;Cartão de crédito
V003196;2026-04-10;Nordeste;Site;Casa e Cozinha;Liquidificador 1200W;1;267.6;0;Cartão de crédito
V003197;2026-08-04;Sul;Aplicativo;Informática;Hub USB-C 8 em 1;2;287.74;0.15;Pix
V003198;2026-07-22;Centro-Oeste;Marketplace;Áudio e Vídeo;Suporte TV Articulado;2;162.3;0;Cartão de crédito
V003199;2026-05-17;Sudeste;Aplicativo;Casa e Cozinha;Air Fryer 5L;2;486.81;0.05;Cartão de débito
V003200;2026-01-23;Sul;Site;Informática;Monitor 24 IPS;2;905.55;0.05;Cartão de débito
